match_id,competition,season,match_date,home_team,away_team,home_score,away_score
3895302,1. Bundesliga,2023/2024,2024-04-14,Bayer Leverkusen,Werder Bremen,5,0
3895292,1. Bundesliga,2023/2024,2024-04-06,Union Berlin,Bayer Leverkusen,0,1
3895333,1. Bundesliga,2023/2024,2024-05-05,Eintracht Frankfurt,Bayer Leverkusen,1,5
3895340,1. Bundesliga,2023/2024,2024-05-12,Bochum,Bayer Leverkusen,0,5
3895348,1. Bundesliga,2023/2024,2024-05-18,Bayer Leverkusen,Augsburg,2,1
3895286,1. Bundesliga,2023/2024,2024-03-30,Bayer Leverkusen,Hoffenheim,2,1
3895220,1. Bundesliga,2023/2024,2024-02-03,Darmstadt 98,Bayer Leverkusen,0,2
3895250,1. Bundesliga,2023/2024,2024-02-23,Bayer Leverkusen,FSV Mainz 05,2,1
3895266,1. Bundesliga,2023/2024,2024-03-10,Bayer Leverkusen,Wolfsburg,2,0
3895275,1. Bundesliga,2023/2024,2024-03-17,Freiburg,Bayer Leverkusen,2,3
3895180,1. Bundesliga,2023/2024,2023-12-17,Bayer Leverkusen,Eintracht Frankfurt,3,0
3895134,1. Bundesliga,2023/2024,2023-11-04,Hoffenheim,Bayer Leverkusen,2,3
3895121,1. Bundesliga,2023/2024,2023-10-29,Bayer Leverkusen,Freiburg,2,1
3895107,1. Bundesliga,2023/2024,2023-10-08,Bayer Leverkusen,FC Köln,3,0
3895074,1. Bundesliga,2023/2024,2023-09-15,Bayern Munich,Bayer Leverkusen,2,2
3895139,1. Bundesliga,2023/2024,2023-11-12,Bayer Leverkusen,Union Berlin,4,0
3895086,1. Bundesliga,2023/2024,2023-09-24,Bayer Leverkusen,FC Heidenheim,4,1
3895320,1. Bundesliga,2023/2024,2024-04-27,Bayer Leverkusen,VfB Stuttgart,2,2
3895309,1. Bundesliga,2023/2024,2024-04-21,Borussia Dortmund,Bayer Leverkusen,1,1
3895258,1. Bundesliga,2023/2024,2024-03-03,FC Köln,Bayer Leverkusen,0,2
3895244,1. Bundesliga,2023/2024,2024-02-17,FC Heidenheim,Bayer Leverkusen,1,2
3895232,1. Bundesliga,2023/2024,2024-02-10,Bayer Leverkusen,Bayern Munich,3,0
3895210,1. Bundesliga,2023/2024,2024-01-27,Bayer Leverkusen,Borussia Mönchengladbach,0,0
3895202,1. Bundesliga,2023/2024,2024-01-20,RB Leipzig,Bayer Leverkusen,2,3
3895194,1. Bundesliga,2023/2024,2024-01-13,Augsburg,Bayer Leverkusen,0,1
3895182,1. Bundesliga,2023/2024,2023-12-20,Bayer Leverkusen,Bochum,4,0
3895167,1. Bundesliga,2023/2024,2023-12-10,VfB Stuttgart,Bayer Leverkusen,1,1
3895158,1. Bundesliga,2023/2024,2023-12-03,Bayer Leverkusen,Borussia Dortmund,1,1
3895153,1. Bundesliga,2023/2024,2023-11-25,Werder Bremen,Bayer Leverkusen,0,3
3895113,1. Bundesliga,2023/2024,2023-10-21,Wolfsburg,Bayer Leverkusen,1,2
3895095,1. Bundesliga,2023/2024,2023-09-30,FSV Mainz 05,Bayer Leverkusen,0,3
3895067,1. Bundesliga,2023/2024,2023-09-02,Bayer Leverkusen,Darmstadt 98,5,1
3895060,1. Bundesliga,2023/2024,2023-08-26,Borussia Mönchengladbach,Bayer Leverkusen,0,3
3895052,1. Bundesliga,2023/2024,2023-08-19,Bayer Leverkusen,RB Leipzig,3,2
3890561,1. Bundesliga,2015/2016,2016-05-14,Hoffenheim,Schalke 04,1,4
3890505,1. Bundesliga,2015/2016,2016-04-02,Bayern Munich,Eintracht Frankfurt,1,0
3890511,1. Bundesliga,2015/2016,2016-04-08,Hertha Berlin,Hannover 96,2,2
3890515,1. Bundesliga,2015/2016,2016-04-09,Hamburger SV,Darmstadt 98,1,2
3890411,1. Bundesliga,2015/2016,2015-12-20,Hertha Berlin,FSV Mainz 05,2,0
3890397,1. Bundesliga,2015/2016,2015-12-12,Hoffenheim,Hannover 96,1,0
3890401,1. Bundesliga,2015/2016,2015-12-13,Borussia Dortmund,Eintracht Frankfurt,4,1
3890396,1. Bundesliga,2015/2016,2015-12-12,Wolfsburg,Hamburger SV,1,1
3890384,1. Bundesliga,2015/2016,2015-11-29,Borussia Dortmund,VfB Stuttgart,4,1
3890385,1. Bundesliga,2015/2016,2015-12-04,Schalke 04,Hannover 96,3,1
3890282,1. Bundesliga,2015/2016,2015-08-29,FSV Mainz 05,Hannover 96,3,0
3890287,1. Bundesliga,2015/2016,2015-09-12,Bayern Munich,Augsburg,2,1
3890269,1. Bundesliga,2015/2016,2015-08-22,Hamburger SV,VfB Stuttgart,3,2
3890268,1. Bundesliga,2015/2016,2015-08-21,Hertha Berlin,Werder Bremen,1,1
3890402,1. Bundesliga,2015/2016,2015-12-13,Augsburg,Schalke 04,2,1
3890564,1. Bundesliga,2015/2016,2016-05-14,Augsburg,Hamburger SV,1,3
3890563,1. Bundesliga,2015/2016,2016-05-14,Bayer Leverkusen,Ingolstadt,3,2
3890562,1. Bundesliga,2015/2016,2016-05-14,Borussia Dortmund,FC Köln,2,2
3890560,1. Bundesliga,2015/2016,2016-05-14,Darmstadt 98,Borussia Mönchengladbach,0,2
3890559,1. Bundesliga,2015/2016,2016-05-14,Bayern Munich,Hannover 96,3,1
3890558,1. Bundesliga,2015/2016,2016-05-14,FSV Mainz 05,Hertha Berlin,0,0
3890557,1. Bundesliga,2015/2016,2016-05-14,Werder Bremen,Eintracht Frankfurt,1,0
3890556,1. Bundesliga,2015/2016,2016-05-14,Wolfsburg,VfB Stuttgart,3,1
3890555,1. Bundesliga,2015/2016,2016-05-07,Hertha Berlin,Darmstadt 98,1,2
3890554,1. Bundesliga,2015/2016,2016-05-07,FC Köln,Werder Bremen,0,0
3890553,1. Bundesliga,2015/2016,2016-05-07,Eintracht Frankfurt,Borussia Dortmund,1,0
3890552,1. Bundesliga,2015/2016,2016-05-07,VfB Stuttgart,FSV Mainz 05,1,3
3890551,1. Bundesliga,2015/2016,2016-05-07,Hamburger SV,Wolfsburg,0,1
3890550,1. Bundesliga,2015/2016,2016-05-07,Borussia Mönchengladbach,Bayer Leverkusen,2,1
3890549,1. Bundesliga,2015/2016,2016-05-07,Schalke 04,Augsburg,1,1
3890548,1. Bundesliga,2015/2016,2016-05-07,Ingolstadt,Bayern Munich,1,2
3890547,1. Bundesliga,2015/2016,2016-05-07,Hannover 96,Hoffenheim,1,0
3890546,1. Bundesliga,2015/2016,2016-05-02,Werder Bremen,VfB Stuttgart,6,2
3890545,1. Bundesliga,2015/2016,2016-04-30,FSV Mainz 05,Hamburger SV,0,0
3890544,1. Bundesliga,2015/2016,2016-04-30,Hoffenheim,Ingolstadt,2,1
3890543,1. Bundesliga,2015/2016,2016-04-30,Hannover 96,Schalke 04,1,3
3890542,1. Bundesliga,2015/2016,2016-04-30,Borussia Dortmund,Wolfsburg,5,1
3890541,1. Bundesliga,2015/2016,2016-04-30,Bayern Munich,Borussia Mönchengladbach,1,1
3890540,1. Bundesliga,2015/2016,2016-04-30,Bayer Leverkusen,Hertha Berlin,2,1
3890539,1. Bundesliga,2015/2016,2016-04-30,Darmstadt 98,Eintracht Frankfurt,1,2
3890538,1. Bundesliga,2015/2016,2016-04-29,Augsburg,FC Köln,0,0
3890537,1. Bundesliga,2015/2016,2016-04-24,Eintracht Frankfurt,FSV Mainz 05,2,1
3890536,1. Bundesliga,2015/2016,2016-04-24,Borussia Mönchengladbach,Hoffenheim,3,1
3890535,1. Bundesliga,2015/2016,2016-04-23,Wolfsburg,Augsburg,0,2
3890534,1. Bundesliga,2015/2016,2016-04-23,Schalke 04,Bayer Leverkusen,2,3
3890533,1. Bundesliga,2015/2016,2016-04-23,Hertha Berlin,Bayern Munich,0,2
3890532,1. Bundesliga,2015/2016,2016-04-23,Ingolstadt,Hannover 96,2,2
3890531,1. Bundesliga,2015/2016,2016-04-23,FC Köln,Darmstadt 98,4,1
3890530,1. Bundesliga,2015/2016,2016-04-23,VfB Stuttgart,Borussia Dortmund,0,3
3890529,1. Bundesliga,2015/2016,2016-04-22,Hamburger SV,Werder Bremen,2,1
3890528,1. Bundesliga,2015/2016,2016-04-17,Borussia Dortmund,Hamburger SV,3,0
3890527,1. Bundesliga,2015/2016,2016-04-17,FSV Mainz 05,FC Köln,2,3
3890526,1. Bundesliga,2015/2016,2016-04-16,Bayern Munich,Schalke 04,3,0
3890525,1. Bundesliga,2015/2016,2016-04-16,Darmstadt 98,Ingolstadt,2,0
3890524,1. Bundesliga,2015/2016,2016-04-16,Hoffenheim,Hertha Berlin,2,1
3890523,1. Bundesliga,2015/2016,2016-04-16,Werder Bremen,Wolfsburg,3,2
3890522,1. Bundesliga,2015/2016,2016-04-16,Augsburg,VfB Stuttgart,1,0
3890521,1. Bundesliga,2015/2016,2016-04-16,Bayer Leverkusen,Eintracht Frankfurt,3,0
3890520,1. Bundesliga,2015/2016,2016-04-15,Hannover 96,Borussia Mönchengladbach,2,0
3890519,1. Bundesliga,2015/2016,2016-04-10,FC Köln,Bayer Leverkusen,0,2
3890518,1. Bundesliga,2015/2016,2016-04-10,Schalke 04,Borussia Dortmund,2,2
3890517,1. Bundesliga,2015/2016,2016-04-09,Ingolstadt,Borussia Mönchengladbach,1,0
3890516,1. Bundesliga,2015/2016,2016-04-09,VfB Stuttgart,Bayern Munich,1,3
3890514,1. Bundesliga,2015/2016,2016-04-09,Werder Bremen,Augsburg,1,2
3890513,1. Bundesliga,2015/2016,2016-04-09,Wolfsburg,FSV Mainz 05,1,1
3890512,1. Bundesliga,2015/2016,2016-04-09,Eintracht Frankfurt,Hoffenheim,0,2
3890510,1. Bundesliga,2015/2016,2016-04-03,Borussia Mönchengladbach,Hertha Berlin,5,0
3890509,1. Bundesliga,2015/2016,2016-04-03,Hoffenheim,FC Köln,1,1
3890508,1. Bundesliga,2015/2016,2016-04-02,Ingolstadt,Schalke 04,3,0
3890507,1. Bundesliga,2015/2016,2016-04-02,Borussia Dortmund,Werder Bremen,3,2
3890506,1. Bundesliga,2015/2016,2016-04-02,Darmstadt 98,VfB Stuttgart,2,2
3890504,1. Bundesliga,2015/2016,2016-04-02,Hannover 96,Hamburger SV,0,3
3890503,1. Bundesliga,2015/2016,2016-04-02,FSV Mainz 05,Augsburg,4,2
3890502,1. Bundesliga,2015/2016,2016-04-01,Bayer Leverkusen,Wolfsburg,3,0
3890501,1. Bundesliga,2015/2016,2016-03-20,Augsburg,Borussia Dortmund,1,3
3890500,1. Bundesliga,2015/2016,2016-03-20,VfB Stuttgart,Bayer Leverkusen,0,2
3890499,1. Bundesliga,2015/2016,2016-03-19,Hamburger SV,Hoffenheim,1,3
3890498,1. Bundesliga,2015/2016,2016-03-19,Wolfsburg,Darmstadt 98,1,1
3890497,1. Bundesliga,2015/2016,2016-03-19,Eintracht Frankfurt,Hannover 96,1,0
3890496,1. Bundesliga,2015/2016,2016-03-19,Hertha Berlin,Ingolstadt,2,1
3890495,1. Bundesliga,2015/2016,2016-03-19,FC Köln,Bayern Munich,0,1
3890494,1. Bundesliga,2015/2016,2016-03-19,Werder Bremen,FSV Mainz 05,1,1
3890493,1. Bundesliga,2015/2016,2016-03-18,Schalke 04,Borussia Mönchengladbach,2,1
3890492,1. Bundesliga,2015/2016,2016-03-13,Bayer Leverkusen,Hamburger SV,1,0
3890491,1. Bundesliga,2015/2016,2016-03-13,Borussia Dortmund,FSV Mainz 05,2,0
3890490,1. Bundesliga,2015/2016,2016-03-12,Hannover 96,FC Köln,0,2
3890489,1. Bundesliga,2015/2016,2016-03-12,Bayern Munich,Werder Bremen,5,0
3890488,1. Bundesliga,2015/2016,2016-03-12,Borussia Mönchengladbach,Eintracht Frankfurt,3,0
3890487,1. Bundesliga,2015/2016,2016-03-12,Darmstadt 98,Augsburg,2,2
3890486,1. Bundesliga,2015/2016,2016-03-12,Hoffenheim,Wolfsburg,1,0
3890485,1. Bundesliga,2015/2016,2016-03-12,Ingolstadt,VfB Stuttgart,3,3
3890484,1. Bundesliga,2015/2016,2016-03-11,Hertha Berlin,Schalke 04,2,0
3890483,1. Bundesliga,2015/2016,2016-03-06,Hamburger SV,Hertha Berlin,2,0
3890482,1. Bundesliga,2015/2016,2016-03-06,FSV Mainz 05,Darmstadt 98,0,0
3890481,1. Bundesliga,2015/2016,2016-03-05,Borussia Dortmund,Bayern Munich,0,0
3890480,1. Bundesliga,2015/2016,2016-03-05,FC Köln,Schalke 04,1,3
3890479,1. Bundesliga,2015/2016,2016-03-05,Eintracht Frankfurt,Ingolstadt,1,1
3890478,1. Bundesliga,2015/2016,2016-03-05,Werder Bremen,Hannover 96,4,1
3890477,1. Bundesliga,2015/2016,2016-03-05,Augsburg,Bayer Leverkusen,3,3
3890476,1. Bundesliga,2015/2016,2016-03-05,VfB Stuttgart,Hoffenheim,5,1
3890475,1. Bundesliga,2015/2016,2016-03-05,Wolfsburg,Borussia Mönchengladbach,2,1
3890474,1. Bundesliga,2015/2016,2016-03-02,Bayern Munich,FSV Mainz 05,1,2
3890473,1. Bundesliga,2015/2016,2016-03-02,Schalke 04,Hamburger SV,3,2
3890472,1. Bundesliga,2015/2016,2016-03-02,Bayer Leverkusen,Werder Bremen,1,4
3890471,1. Bundesliga,2015/2016,2016-03-02,Borussia Mönchengladbach,VfB Stuttgart,4,0
3890470,1. Bundesliga,2015/2016,2016-03-02,Hertha Berlin,Eintracht Frankfurt,2,0
3890469,1. Bundesliga,2015/2016,2016-03-02,Hoffenheim,Augsburg,2,1
3890468,1. Bundesliga,2015/2016,2016-03-02,Darmstadt 98,Borussia Dortmund,0,2
3890467,1. Bundesliga,2015/2016,2016-03-01,Ingolstadt,FC Köln,1,1
3890466,1. Bundesliga,2015/2016,2016-03-01,Hannover 96,Wolfsburg,0,4
3890465,1. Bundesliga,2015/2016,2016-02-28,Eintracht Frankfurt,Schalke 04,0,0
3890464,1. Bundesliga,2015/2016,2016-02-28,Borussia Dortmund,Hoffenheim,3,1
3890463,1. Bundesliga,2015/2016,2016-02-28,FSV Mainz 05,Bayer Leverkusen,3,1
3890462,1. Bundesliga,2015/2016,2016-02-28,Augsburg,Borussia Mönchengladbach,2,2
3890461,1. Bundesliga,2015/2016,2016-02-27,Hamburger SV,Ingolstadt,1,1
3890460,1. Bundesliga,2015/2016,2016-02-27,VfB Stuttgart,Hannover 96,1,2
3890459,1. Bundesliga,2015/2016,2016-02-27,Werder Bremen,Darmstadt 98,2,2
3890458,1. Bundesliga,2015/2016,2016-02-27,Wolfsburg,Bayern Munich,0,2
3890457,1. Bundesliga,2015/2016,2016-02-26,FC Köln,Hertha Berlin,0,1
3890456,1. Bundesliga,2015/2016,2016-02-21,Bayer Leverkusen,Borussia Dortmund,0,1
3890455,1. Bundesliga,2015/2016,2016-02-21,Schalke 04,VfB Stuttgart,1,1
3890454,1. Bundesliga,2015/2016,2016-02-21,Hannover 96,Augsburg,0,1
3890453,1. Bundesliga,2015/2016,2016-02-20,Bayern Munich,Darmstadt 98,3,1
3890452,1. Bundesliga,2015/2016,2016-02-20,Hoffenheim,FSV Mainz 05,3,2
3890451,1. Bundesliga,2015/2016,2016-02-20,Hertha Berlin,Wolfsburg,1,1
3890450,1. Bundesliga,2015/2016,2016-02-20,Borussia Mönchengladbach,FC Köln,1,0
3890449,1. Bundesliga,2015/2016,2016-02-20,Ingolstadt,Werder Bremen,2,0
3890448,1. Bundesliga,2015/2016,2016-02-19,Eintracht Frankfurt,Hamburger SV,0,0
3890447,1. Bundesliga,2015/2016,2016-02-14,Hamburger SV,Borussia Mönchengladbach,3,2
3890446,1. Bundesliga,2015/2016,2016-02-14,Augsburg,Bayern Munich,1,3
3890445,1. Bundesliga,2015/2016,2016-02-13,Wolfsburg,Ingolstadt,2,0
3890444,1. Bundesliga,2015/2016,2016-02-13,Darmstadt 98,Bayer Leverkusen,1,2
3890443,1. Bundesliga,2015/2016,2016-02-13,Werder Bremen,Hoffenheim,1,1
3890442,1. Bundesliga,2015/2016,2016-02-13,Borussia Dortmund,Hannover 96,1,0
3890441,1. Bundesliga,2015/2016,2016-02-13,VfB Stuttgart,Hertha Berlin,2,0
3890440,1. Bundesliga,2015/2016,2016-02-13,FC Köln,Eintracht Frankfurt,3,1
3890439,1. Bundesliga,2015/2016,2016-02-12,FSV Mainz 05,Schalke 04,2,1
3890438,1. Bundesliga,2015/2016,2016-02-07,Hamburger SV,FC Köln,1,1
3890437,1. Bundesliga,2015/2016,2016-02-07,Hoffenheim,Darmstadt 98,0,2
3890436,1. Bundesliga,2015/2016,2016-02-06,Ingolstadt,Augsburg,2,1
3890435,1. Bundesliga,2015/2016,2016-02-06,Hertha Berlin,Borussia Dortmund,0,0
3890434,1. Bundesliga,2015/2016,2016-02-06,Hannover 96,FSV Mainz 05,0,1
3890433,1. Bundesliga,2015/2016,2016-02-06,Eintracht Frankfurt,VfB Stuttgart,2,4
3890432,1. Bundesliga,2015/2016,2016-02-06,Schalke 04,Wolfsburg,3,0
3890431,1. Bundesliga,2015/2016,2016-02-06,Bayer Leverkusen,Bayern Munich,0,0
3890430,1. Bundesliga,2015/2016,2016-02-05,Borussia Mönchengladbach,Werder Bremen,5,1
3890429,1. Bundesliga,2015/2016,2016-01-31,Wolfsburg,FC Köln,1,1
3890428,1. Bundesliga,2015/2016,2016-01-31,Bayern Munich,Hoffenheim,2,0
3890427,1. Bundesliga,2015/2016,2016-01-30,Bayer Leverkusen,Hannover 96,3,0
3890426,1. Bundesliga,2015/2016,2016-01-30,Augsburg,Eintracht Frankfurt,0,0
3890425,1. Bundesliga,2015/2016,2016-01-30,Werder Bremen,Hertha Berlin,3,3
3890424,1. Bundesliga,2015/2016,2016-01-30,Darmstadt 98,Schalke 04,0,2
3890423,1. Bundesliga,2015/2016,2016-01-30,VfB Stuttgart,Hamburger SV,2,1
3890422,1. Bundesliga,2015/2016,2016-01-30,Borussia Dortmund,Ingolstadt,2,0
3890421,1. Bundesliga,2015/2016,2016-01-29,FSV Mainz 05,Borussia Mönchengladbach,1,0
3890420,1. Bundesliga,2015/2016,2016-01-24,Eintracht Frankfurt,Wolfsburg,3,2
3890419,1. Bundesliga,2015/2016,2016-01-24,Schalke 04,Werder Bremen,1,3
3890418,1. Bundesliga,2015/2016,2016-01-23,Hannover 96,Darmstadt 98,1,2
3890417,1. Bundesliga,2015/2016,2016-01-23,Borussia Mönchengladbach,Borussia Dortmund,1,3
3890416,1. Bundesliga,2015/2016,2016-01-23,Ingolstadt,FSV Mainz 05,1,0
3890415,1. Bundesliga,2015/2016,2016-01-23,Hoffenheim,Bayer Leverkusen,1,1
3890414,1. Bundesliga,2015/2016,2016-01-23,Hertha Berlin,Augsburg,0,0
3890413,1. Bundesliga,2015/2016,2016-01-23,FC Köln,VfB Stuttgart,1,3
3890412,1. Bundesliga,2015/2016,2016-01-22,Hamburger SV,Bayern Munich,1,2
3890410,1. Bundesliga,2015/2016,2015-12-20,Borussia Mönchengladbach,Darmstadt 98,3,2
3890409,1. Bundesliga,2015/2016,2015-12-19,Ingolstadt,Bayer Leverkusen,0,1
3890408,1. Bundesliga,2015/2016,2015-12-19,VfB Stuttgart,Wolfsburg,3,1
3890407,1. Bundesliga,2015/2016,2015-12-19,Hannover 96,Bayern Munich,0,1
3890406,1. Bundesliga,2015/2016,2015-12-19,FC Köln,Borussia Dortmund,2,1
3890405,1. Bundesliga,2015/2016,2015-12-19,Eintracht Frankfurt,Werder Bremen,2,1
3890404,1. Bundesliga,2015/2016,2015-12-19,Hamburger SV,Augsburg,0,1
3890403,1. Bundesliga,2015/2016,2015-12-18,Schalke 04,Hoffenheim,1,0
3890400,1. Bundesliga,2015/2016,2015-12-12,Werder Bremen,FC Köln,1,1
3890399,1. Bundesliga,2015/2016,2015-12-12,Bayern Munich,Ingolstadt,2,0
3890398,1. Bundesliga,2015/2016,2015-12-12,Darmstadt 98,Hertha Berlin,0,4
3890395,1. Bundesliga,2015/2016,2015-12-12,Bayer Leverkusen,Borussia Mönchengladbach,5,0
3890394,1. Bundesliga,2015/2016,2015-12-11,FSV Mainz 05,VfB Stuttgart,0,0
3890393,1. Bundesliga,2015/2016,2015-12-06,Eintracht Frankfurt,Darmstadt 98,0,1
3890392,1. Bundesliga,2015/2016,2015-12-06,VfB Stuttgart,Werder Bremen,1,1
3890391,1. Bundesliga,2015/2016,2015-12-05,FC Köln,Augsburg,0,1
3890390,1. Bundesliga,2015/2016,2015-12-05,Hertha Berlin,Bayer Leverkusen,2,1
3890389,1. Bundesliga,2015/2016,2015-12-05,Ingolstadt,Hoffenheim,1,1
3890388,1. Bundesliga,2015/2016,2015-12-05,Wolfsburg,Borussia Dortmund,1,2
3890387,1. Bundesliga,2015/2016,2015-12-05,Borussia Mönchengladbach,Bayern Munich,3,1
3890386,1. Bundesliga,2015/2016,2015-12-05,Hamburger SV,FSV Mainz 05,1,3
3890383,1. Bundesliga,2015/2016,2015-11-29,Augsburg,Wolfsburg,0,0
3890382,1. Bundesliga,2015/2016,2015-11-29,Bayer Leverkusen,Schalke 04,1,1
3890381,1. Bundesliga,2015/2016,2015-11-28,FSV Mainz 05,Eintracht Frankfurt,2,1
3890380,1. Bundesliga,2015/2016,2015-11-28,Hannover 96,Ingolstadt,4,0
3890379,1. Bundesliga,2015/2016,2015-11-28,Werder Bremen,Hamburger SV,1,3
3890378,1. Bundesliga,2015/2016,2015-11-28,Bayern Munich,Hertha Berlin,2,0
3890377,1. Bundesliga,2015/2016,2015-11-28,Hoffenheim,Borussia Mönchengladbach,3,3
3890376,1. Bundesliga,2015/2016,2015-11-27,Darmstadt 98,FC Köln,0,0
3890375,1. Bundesliga,2015/2016,2015-11-22,Hertha Berlin,Hoffenheim,1,0
3890374,1. Bundesliga,2015/2016,2015-11-22,Ingolstadt,Darmstadt 98,3,1
3890373,1. Bundesliga,2015/2016,2015-11-21,Borussia Mönchengladbach,Hannover 96,2,1
3890372,1. Bundesliga,2015/2016,2015-11-21,VfB Stuttgart,Augsburg,0,4
3890371,1. Bundesliga,2015/2016,2015-11-21,FC Köln,FSV Mainz 05,0,0
3890370,1. Bundesliga,2015/2016,2015-11-21,Eintracht Frankfurt,Bayer Leverkusen,1,3
3890369,1. Bundesliga,2015/2016,2015-11-21,Schalke 04,Bayern Munich,1,3
3890368,1. Bundesliga,2015/2016,2015-11-21,Wolfsburg,Werder Bremen,6,0
3890367,1. Bundesliga,2015/2016,2015-11-20,Hamburger SV,Borussia Dortmund,3,1
3890366,1. Bundesliga,2015/2016,2015-11-08,Augsburg,Werder Bremen,1,2
3890365,1. Bundesliga,2015/2016,2015-11-08,Borussia Dortmund,Schalke 04,3,2
3890364,1. Bundesliga,2015/2016,2015-11-07,Bayern Munich,VfB Stuttgart,4,0
3890363,1. Bundesliga,2015/2016,2015-11-07,Borussia Mönchengladbach,Ingolstadt,0,0
3890362,1. Bundesliga,2015/2016,2015-11-07,Hoffenheim,Eintracht Frankfurt,0,0
3890361,1. Bundesliga,2015/2016,2015-11-07,FSV Mainz 05,Wolfsburg,2,0
3890360,1. Bundesliga,2015/2016,2015-11-07,Darmstadt 98,Hamburger SV,1,1
3890359,1. Bundesliga,2015/2016,2015-11-07,Bayer Leverkusen,FC Köln,1,2
3890358,1. Bundesliga,2015/2016,2015-11-06,Hannover 96,Hertha Berlin,1,3
3890357,1. Bundesliga,2015/2016,2015-11-01,VfB Stuttgart,Darmstadt 98,2,0
3890356,1. Bundesliga,2015/2016,2015-11-01,Hamburger SV,Hannover 96,1,2
3890355,1. Bundesliga,2015/2016,2015-10-31,Schalke 04,Ingolstadt,1,1
3890354,1. Bundesliga,2015/2016,2015-10-31,Augsburg,FSV Mainz 05,3,3
3890353,1. Bundesliga,2015/2016,2015-10-31,Werder Bremen,Borussia Dortmund,1,3
3890352,1. Bundesliga,2015/2016,2015-10-31,FC Köln,Hoffenheim,0,0
3890351,1. Bundesliga,2015/2016,2015-10-31,Hertha Berlin,Borussia Mönchengladbach,1,4
3890350,1. Bundesliga,2015/2016,2015-10-31,Wolfsburg,Bayer Leverkusen,2,1
3890349,1. Bundesliga,2015/2016,2015-10-30,Eintracht Frankfurt,Bayern Munich,0,0
3890348,1. Bundesliga,2015/2016,2015-10-25,Borussia Mönchengladbach,Schalke 04,3,1
3890347,1. Bundesliga,2015/2016,2015-10-25,Borussia Dortmund,Augsburg,5,1
3890346,1. Bundesliga,2015/2016,2015-10-24,Bayer Leverkusen,VfB Stuttgart,4,3
3890345,1. Bundesliga,2015/2016,2015-10-24,Hannover 96,Eintracht Frankfurt,1,2
3890344,1. Bundesliga,2015/2016,2015-10-24,FSV Mainz 05,Werder Bremen,1,3
3890343,1. Bundesliga,2015/2016,2015-10-24,Ingolstadt,Hertha Berlin,0,1
3890342,1. Bundesliga,2015/2016,2015-10-24,Darmstadt 98,Wolfsburg,0,1
3890341,1. Bundesliga,2015/2016,2015-10-24,Bayern Munich,FC Köln,4,0
3890340,1. Bundesliga,2015/2016,2015-10-23,Hoffenheim,Hamburger SV,0,1
3890339,1. Bundesliga,2015/2016,2015-10-18,FC Köln,Hannover 96,0,1
3890338,1. Bundesliga,2015/2016,2015-10-18,VfB Stuttgart,Ingolstadt,1,0
3890337,1. Bundesliga,2015/2016,2015-10-17,Hamburger SV,Bayer Leverkusen,0,0
3890336,1. Bundesliga,2015/2016,2015-10-17,Schalke 04,Hertha Berlin,2,1
3890335,1. Bundesliga,2015/2016,2015-10-17,Wolfsburg,Hoffenheim,4,2
3890334,1. Bundesliga,2015/2016,2015-10-17,Eintracht Frankfurt,Borussia Mönchengladbach,1,5
3890333,1. Bundesliga,2015/2016,2015-10-17,Augsburg,Darmstadt 98,0,2
3890332,1. Bundesliga,2015/2016,2015-10-17,Werder Bremen,Bayern Munich,0,1
3890331,1. Bundesliga,2015/2016,2015-10-16,FSV Mainz 05,Borussia Dortmund,0,2
3890330,1. Bundesliga,2015/2016,2015-10-04,Bayer Leverkusen,Augsburg,1,1
3890329,1. Bundesliga,2015/2016,2015-10-04,Bayern Munich,Borussia Dortmund,5,1
3890328,1. Bundesliga,2015/2016,2015-10-04,Schalke 04,FC Köln,0,3
3890327,1. Bundesliga,2015/2016,2015-10-03,Hoffenheim,VfB Stuttgart,2,2
3890326,1. Bundesliga,2015/2016,2015-10-03,Ingolstadt,Eintracht Frankfurt,2,0
3890325,1. Bundesliga,2015/2016,2015-10-03,Hannover 96,Werder Bremen,1,0
3890324,1. Bundesliga,2015/2016,2015-10-03,Hertha Berlin,Hamburger SV,3,0
3890323,1. Bundesliga,2015/2016,2015-10-03,Borussia Mönchengladbach,Wolfsburg,2,0
3890322,1. Bundesliga,2015/2016,2015-10-02,Darmstadt 98,FSV Mainz 05,2,3
3890321,1. Bundesliga,2015/2016,2015-09-27,Borussia Dortmund,Darmstadt 98,2,2
3890320,1. Bundesliga,2015/2016,2015-09-27,Eintracht Frankfurt,Hertha Berlin,1,1
3890319,1. Bundesliga,2015/2016,2015-09-26,Wolfsburg,Hannover 96,1,1
3890318,1. Bundesliga,2015/2016,2015-09-26,VfB Stuttgart,Borussia Mönchengladbach,1,3
3890317,1. Bundesliga,2015/2016,2015-09-26,Hamburger SV,Schalke 04,0,1
3890316,1. Bundesliga,2015/2016,2015-09-26,FSV Mainz 05,Bayern Munich,0,3
3890315,1. Bundesliga,2015/2016,2015-09-26,Werder Bremen,Bayer Leverkusen,0,3
3890314,1. Bundesliga,2015/2016,2015-09-26,Augsburg,Hoffenheim,1,3
3890313,1. Bundesliga,2015/2016,2015-09-25,FC Köln,Ingolstadt,1,1
3890312,1. Bundesliga,2015/2016,2015-09-23,Bayer Leverkusen,FSV Mainz 05,1,0
3890311,1. Bundesliga,2015/2016,2015-09-23,Schalke 04,Eintracht Frankfurt,2,0
3890310,1. Bundesliga,2015/2016,2015-09-23,Hoffenheim,Borussia Dortmund,1,1
3890309,1. Bundesliga,2015/2016,2015-09-23,Hannover 96,VfB Stuttgart,1,3
3890308,1. Bundesliga,2015/2016,2015-09-23,Borussia Mönchengladbach,Augsburg,4,2
3890307,1. Bundesliga,2015/2016,2015-09-22,Darmstadt 98,Werder Bremen,2,1
3890306,1. Bundesliga,2015/2016,2015-09-22,Hertha Berlin,FC Köln,2,0
3890305,1. Bundesliga,2015/2016,2015-09-22,Bayern Munich,Wolfsburg,5,1
3890304,1. Bundesliga,2015/2016,2015-09-22,Ingolstadt,Hamburger SV,0,1
3890303,1. Bundesliga,2015/2016,2015-09-20,VfB Stuttgart,Schalke 04,0,1
3890302,1. Bundesliga,2015/2016,2015-09-20,Augsburg,Hannover 96,2,0
3890301,1. Bundesliga,2015/2016,2015-09-20,Borussia Dortmund,Bayer Leverkusen,3,0
3890300,1. Bundesliga,2015/2016,2015-09-19,Werder Bremen,Ingolstadt,0,1
3890299,1. Bundesliga,2015/2016,2015-09-19,FC Köln,Borussia Mönchengladbach,1,0
3890298,1. Bundesliga,2015/2016,2015-09-19,Wolfsburg,Hertha Berlin,2,0
3890297,1. Bundesliga,2015/2016,2015-09-19,Hamburger SV,Eintracht Frankfurt,0,0
3890296,1. Bundesliga,2015/2016,2015-09-19,Darmstadt 98,Bayern Munich,0,3
3890295,1. Bundesliga,2015/2016,2015-09-18,FSV Mainz 05,Hoffenheim,3,1
3890294,1. Bundesliga,2015/2016,2015-09-13,Hoffenheim,Werder Bremen,1,3
3890293,1. Bundesliga,2015/2016,2015-09-13,Schalke 04,FSV Mainz 05,2,1
3890292,1. Bundesliga,2015/2016,2015-09-12,Hannover 96,Borussia Dortmund,2,4
3890291,1. Bundesliga,2015/2016,2015-09-12,Ingolstadt,Wolfsburg,0,0
3890290,1. Bundesliga,2015/2016,2015-09-12,Hertha Berlin,VfB Stuttgart,2,1
3890289,1. Bundesliga,2015/2016,2015-09-12,Eintracht Frankfurt,FC Köln,6,2
3890288,1. Bundesliga,2015/2016,2015-09-12,Bayer Leverkusen,Darmstadt 98,0,1
3890286,1. Bundesliga,2015/2016,2015-09-11,Borussia Mönchengladbach,Hamburger SV,0,3
3890285,1. Bundesliga,2015/2016,2015-08-30,Werder Bremen,Borussia Mönchengladbach,2,1
3890284,1. Bundesliga,2015/2016,2015-08-30,Borussia Dortmund,Hertha Berlin,3,1
3890283,1. Bundesliga,2015/2016,2015-08-29,Darmstadt 98,Hoffenheim,0,0
3890281,1. Bundesliga,2015/2016,2015-08-29,Augsburg,Ingolstadt,0,1
3890280,1. Bundesliga,2015/2016,2015-08-29,FC Köln,Hamburger SV,2,1
3890279,1. Bundesliga,2015/2016,2015-08-29,VfB Stuttgart,Eintracht Frankfurt,1,4
3890278,1. Bundesliga,2015/2016,2015-08-29,Bayern Munich,Bayer Leverkusen,3,0
3890277,1. Bundesliga,2015/2016,2015-08-28,Wolfsburg,Schalke 04,3,0
3890276,1. Bundesliga,2015/2016,2015-08-23,Borussia Mönchengladbach,FSV Mainz 05,1,2
3890275,1. Bundesliga,2015/2016,2015-08-23,Ingolstadt,Borussia Dortmund,0,4
3890274,1. Bundesliga,2015/2016,2015-08-22,FC Köln,Wolfsburg,1,1
3890273,1. Bundesliga,2015/2016,2015-08-22,Hannover 96,Bayer Leverkusen,0,1
3890272,1. Bundesliga,2015/2016,2015-08-22,Eintracht Frankfurt,Augsburg,1,1
3890271,1. Bundesliga,2015/2016,2015-08-22,Schalke 04,Darmstadt 98,1,1
3890270,1. Bundesliga,2015/2016,2015-08-22,Hoffenheim,Bayern Munich,1,2
3890267,1. Bundesliga,2015/2016,2015-08-16,Wolfsburg,Eintracht Frankfurt,2,1
3890266,1. Bundesliga,2015/2016,2015-08-16,VfB Stuttgart,FC Köln,1,3
3890265,1. Bundesliga,2015/2016,2015-08-15,Augsburg,Hertha Berlin,0,1
3890264,1. Bundesliga,2015/2016,2015-08-15,Werder Bremen,Schalke 04,0,3
3890263,1. Bundesliga,2015/2016,2015-08-15,FSV Mainz 05,Ingolstadt,0,1
3890262,1. Bundesliga,2015/2016,2015-08-15,Darmstadt 98,Hannover 96,2,2
3890261,1. Bundesliga,2015/2016,2015-08-15,Borussia Dortmund,Borussia Mönchengladbach,4,0
3890260,1. Bundesliga,2015/2016,2015-08-15,Bayer Leverkusen,Hoffenheim,2,1
3890259,1. Bundesliga,2015/2016,2015-08-14,Bayern Munich,Hamburger SV,5,0
3923881,African Cup of Nations,2023,2024-02-11,Nigeria,Côte d'Ivoire,1,2
3923880,African Cup of Nations,2023,2024-02-10,South Africa,Congo DR,0,0
3922838,African Cup of Nations,2023,2024-02-07,Côte d'Ivoire,Congo DR,1,0
3922837,African Cup of Nations,2023,2024-02-07,Nigeria,South Africa,1,1
3922242,African Cup of Nations,2023,2024-01-29,Senegal,Côte d'Ivoire,1,1
3922239,African Cup of Nations,2023,2024-01-28,Equatorial Guinea,Guinea,0,1
3922659,African Cup of Nations,2023,2024-02-03,Mali,Côte d'Ivoire,1,2
3922658,African Cup of Nations,2023,2024-02-03,Cape Verde Islands,South Africa,0,0
3922244,African Cup of Nations,2023,2024-01-30,Mali,Burkina Faso,2,1
3922356,African Cup of Nations,2023,2024-02-02,Congo DR,Guinea,3,1
3922321,African Cup of Nations,2023,2024-02-02,Nigeria,Angola,1,0
3922237,African Cup of Nations,2023,2024-01-27,Angola,Namibia,3,0
3922243,African Cup of Nations,2023,2024-01-30,Morocco,South Africa,0,2
3922241,African Cup of Nations,2023,2024-01-29,Cape Verde Islands,Mauritania,1,0
3922240,African Cup of Nations,2023,2024-01-28,Egypt,Congo DR,1,1
3922238,African Cup of Nations,2023,2024-01-27,Nigeria,Cameroon,2,0
3920396,African Cup of Nations,2023,2024-01-18,Egypt,Ghana,2,2
3920386,African Cup of Nations,2023,2024-01-14,Nigeria,Equatorial Guinea,1,1
3920385,African Cup of Nations,2023,2024-01-14,Egypt,Mozambique,2,2
3920387,African Cup of Nations,2023,2024-01-14,Ghana,Cape Verde Islands,1,2
3920419,African Cup of Nations,2023,2024-01-24,Zambia,Morocco,0,1
3920418,African Cup of Nations,2023,2024-01-24,Tanzania,Congo DR,0,0
3920417,African Cup of Nations,2023,2024-01-24,Namibia,Mali,0,0
3920416,African Cup of Nations,2023,2024-01-24,South Africa,Tunisia,0,0
3920415,African Cup of Nations,2023,2024-01-23,Mauritania,Algeria,1,0
3920414,African Cup of Nations,2023,2024-01-23,Angola,Burkina Faso,2,0
3920413,African Cup of Nations,2023,2024-01-23,Gambia,Cameroon,2,3
3920412,African Cup of Nations,2023,2024-01-23,Guinea,Senegal,0,2
3920411,African Cup of Nations,2023,2024-01-22,Cape Verde Islands,Egypt,2,2
3920410,African Cup of Nations,2023,2024-01-22,Mozambique,Ghana,2,2
3920409,African Cup of Nations,2023,2024-01-22,Guinea-Bissau,Nigeria,0,1
3920408,African Cup of Nations,2023,2024-01-22,Equatorial Guinea,Côte d'Ivoire,4,0
3920407,African Cup of Nations,2023,2024-01-21,South Africa,Namibia,4,0
3920406,African Cup of Nations,2023,2024-01-21,Zambia,Tanzania,1,1
3920405,African Cup of Nations,2023,2024-01-21,Morocco,Congo DR,1,1
3920404,African Cup of Nations,2023,2024-01-20,Tunisia,Mali,1,1
3920403,African Cup of Nations,2023,2024-01-20,Mauritania,Angola,2,3
3920402,African Cup of Nations,2023,2024-01-20,Algeria,Burkina Faso,2,2
3920401,African Cup of Nations,2023,2024-01-19,Guinea,Gambia,1,0
3920400,African Cup of Nations,2023,2024-01-19,Senegal,Cameroon,3,1
3920399,African Cup of Nations,2023,2024-01-19,Cape Verde Islands,Mozambique,3,0
3920398,African Cup of Nations,2023,2024-01-18,Côte d'Ivoire,Nigeria,0,1
3920397,African Cup of Nations,2023,2024-01-18,Equatorial Guinea,Guinea-Bissau,4,2
3920395,African Cup of Nations,2023,2024-01-17,Congo DR,Zambia,1,1
3920394,African Cup of Nations,2023,2024-01-17,Morocco,Tanzania,3,0
3920393,African Cup of Nations,2023,2024-01-16,Tunisia,Namibia,0,1
3920392,African Cup of Nations,2023,2024-01-16,Burkina Faso,Mauritania,1,0
3920391,African Cup of Nations,2023,2024-01-16,Mali,South Africa,2,0
3920390,African Cup of Nations,2023,2024-01-15,Algeria,Angola,1,1
3920389,African Cup of Nations,2023,2024-01-15,Cameroon,Guinea,1,1
3920388,African Cup of Nations,2023,2024-01-15,Senegal,Gambia,3,0
3920384,African Cup of Nations,2023,2024-01-13,Côte d'Ivoire,Guinea-Bissau,2,0
22912,Champions League,2018/2019,2019-06-01,Tottenham Hotspur,Liverpool,0,2
18245,Champions League,2017/2018,2018-05-26,Real Madrid,Liverpool,3,1
18244,Champions League,2016/2017,2017-06-03,Juventus,Real Madrid,1,4
18243,Champions League,2015/2016,2016-05-28,Real Madrid,Atlético Madrid,1,1
18242,Champions League,2014/2015,2015-06-06,Juventus,Barcelona,1,3
18241,Champions League,2013/2014,2014-05-24,Real Madrid,Atlético Madrid,4,1
18240,Champions League,2012/2013,2013-05-25,Borussia Dortmund,Bayern Munich,1,2
18237,Champions League,2011/2012,2012-05-19,Bayern Munich,Chelsea,1,1
18236,Champions League,2010/2011,2011-05-28,Barcelona,Manchester United,3,1
18235,Champions League,2009/2010,2010-05-22,Bayern Munich,Inter Milan,0,2
3750201,Champions League,2008/2009,2009-05-27,Barcelona,Manchester United,2,0
3750200,Champions League,2006/2007,2007-05-23,AC Milan,Liverpool,2,1
2302764,Champions League,2004/2005,2005-05-25,AC Milan,Liverpool,3,3
3752619,Champions League,2003/2004,2004-05-26,AS Monaco,FC Porto,0,3
3750240,Champions League,1999/2000,1999-11-23,Fiorentina,Manchester United,2,0
3888706,Champions League,1972/1973,1973-05-30,Ajax,Juventus,1,0
3750235,Champions League,1971/1972,1972-05-31,Ajax,Inter Milan,2,0
3888711,Champions League,1970/1971,1971-06-02,Ajax,Panathinaikos,2,0
3943077,Copa America,2024,2024-07-15,Argentina,Colombia,1,0
3943076,Copa America,2024,2024-07-14,Canada,Uruguay,2,2
3942852,Copa America,2024,2024-07-11,Uruguay,Colombia,0,1
3942785,Copa America,2024,2024-07-10,Argentina,Canada,2,0
3942416,Copa America,2024,2024-07-07,Colombia,Panama,5,0
3942415,Copa America,2024,2024-07-07,Uruguay,Brazil,0,0
3939986,Copa America,2024,2024-06-30,Argentina,Peru,2,0
3939973,Copa America,2024,2024-06-24,Uruguay,Panama,3,1
3942229,Copa America,2024,2024-07-06,Venezuela,Canada,1,1
3942228,Copa America,2024,2024-07-05,Argentina,Ecuador,1,1
3939985,Copa America,2024,2024-06-30,Canada,Chile,0,0
3939984,Copa America,2024,2024-06-29,Colombia,Costa Rica,3,0
3939981,Copa America,2024,2024-06-28,Panama,United States,2,1
3939992,Copa America,2024,2024-07-03,Costa Rica,Paraguay,2,1
3939991,Copa America,2024,2024-07-03,Brazil,Colombia,1,1
3939990,Copa America,2024,2024-07-02,United States,Uruguay,0,1
3939989,Copa America,2024,2024-07-02,Bolivia,Panama,1,3
3939988,Copa America,2024,2024-07-01,Mexico,Ecuador,0,0
3939987,Copa America,2024,2024-07-01,Jamaica,Venezuela,0,3
3939983,Copa America,2024,2024-06-29,Paraguay,Brazil,1,4
3939982,Copa America,2024,2024-06-28,Uruguay,Bolivia,5,0
3939980,Copa America,2024,2024-06-27,Ecuador,Jamaica,3,1
3939979,Copa America,2024,2024-06-27,Venezuela,Mexico,1,0
3939978,Copa America,2024,2024-06-26,Peru,Canada,0,1
3939977,Copa America,2024,2024-06-26,Chile,Argentina,0,1
3939976,Copa America,2024,2024-06-25,Brazil,Costa Rica,0,0
3939975,Copa America,2024,2024-06-25,Colombia,Paraguay,2,1
3939974,Copa America,2024,2024-06-24,United States,Bolivia,2,0
3939972,Copa America,2024,2024-06-23,Ecuador,Venezuela,1,2
3939971,Copa America,2024,2024-06-23,Mexico,Jamaica,1,0
3939970,Copa America,2024,2024-06-22,Peru,Chile,0,0
3939969,Copa America,2024,2024-06-21,Argentina,Canada,2,0
3750248,Copa del Rey,1983/1984,1984-05-05,Athletic Club,Barcelona,1,0
3888721,Copa del Rey,1982/1983,1983-06-04,Barcelona,Real Madrid,2,1
3888754,Copa del Rey,1977/1978,1978-04-19,Barcelona,Las Palmas,3,1
3775648,FA Women's Super League,2020/2021,2021-02-28,Aston Villa,Arsenal WFC,0,4
3775609,FA Women's Super League,2020/2021,2021-04-28,Arsenal WFC,West Ham United LFC,2,0
3775633,FA Women's Super League,2020/2021,2021-02-06,Aston Villa,Tottenham Hotspur Women,1,0
3775570,FA Women's Super League,2020/2021,2021-03-28,Brighton & Hove Albion WFC,Everton LFC,0,5
3775581,FA Women's Super League,2020/2021,2021-03-28,Chelsea FCW,Aston Villa,2,0
3775579,FA Women's Super League,2020/2021,2021-05-02,Reading WFC,Brighton & Hove Albion WFC,3,2
3775544,FA Women's Super League,2020/2021,2021-05-02,Aston Villa,West Ham United LFC,0,0
3775622,FA Women's Super League,2020/2021,2021-04-25,Manchester United,Tottenham Hotspur Women,4,1
3775553,FA Women's Super League,2020/2021,2020-11-08,Birmingham City WFC,West Ham United LFC,1,2
3775584,FA Women's Super League,2020/2021,2020-12-06,Arsenal WFC,Birmingham City WFC,3,0
3775618,FA Women's Super League,2020/2021,2020-10-11,Reading WFC,Birmingham City WFC,0,1
3775641,FA Women's Super League,2020/2021,2020-11-14,Aston Villa,Birmingham City WFC,0,1
3775636,FA Women's Super League,2020/2021,2020-10-18,Bristol City WFC,Birmingham City WFC,0,4
3775653,FA Women's Super League,2020/2021,2021-03-11,Birmingham City WFC,Everton LFC,0,4
3775654,FA Women's Super League,2020/2021,2021-03-28,Birmingham City WFC,Bristol City WFC,1,1
3775643,FA Women's Super League,2020/2021,2021-03-17,West Ham United LFC,Birmingham City WFC,2,2
3764237,FA Women's Super League,2020/2021,2020-09-13,Birmingham City WFC,Manchester United,2,5
3775594,FA Women's Super League,2020/2021,2021-01-24,Manchester United,Birmingham City WFC,2,0
3775560,FA Women's Super League,2020/2021,2021-05-09,Arsenal WFC,Aston Villa,0,0
3775624,FA Women's Super League,2020/2021,2020-11-14,Manchester United,Manchester City WFC,2,2
3764240,FA Women's Super League,2020/2021,2020-09-06,Bristol City WFC,Everton LFC,0,4
3764233,FA Women's Super League,2020/2021,2020-09-06,Arsenal WFC,Reading WFC,6,1
3775585,FA Women's Super League,2020/2021,2021-05-09,Brighton & Hove Albion WFC,Bristol City WFC,3,1
3775593,FA Women's Super League,2020/2021,2021-05-09,Chelsea FCW,Reading WFC,5,0
3775602,FA Women's Super League,2020/2021,2020-10-04,West Ham United LFC,Reading WFC,0,1
3775620,FA Women's Super League,2020/2021,2020-10-11,Everton LFC,West Ham United LFC,3,1
3764232,FA Women's Super League,2020/2021,2020-09-06,Manchester United,Chelsea FCW,1,1
3775559,FA Women's Super League,2020/2021,2020-12-20,Arsenal WFC,Everton LFC,4,0
3775606,FA Women's Super League,2020/2021,2021-01-10,Reading WFC,Chelsea FCW,0,5
3775567,FA Women's Super League,2020/2021,2021-01-17,Chelsea FCW,Manchester United,2,1
3775638,FA Women's Super League,2020/2021,2021-03-07,Brighton & Hove Albion WFC,Tottenham Hotspur Women,2,0
3775607,FA Women's Super League,2020/2021,2021-03-08,Bristol City WFC,Reading WFC,3,2
3764230,FA Women's Super League,2020/2021,2020-09-06,Tottenham Hotspur Women,West Ham United LFC,1,1
3764241,FA Women's Super League,2020/2021,2020-09-13,Manchester City WFC,Brighton & Hove Albion WFC,0,0
3764235,FA Women's Super League,2020/2021,2020-09-13,Chelsea FCW,Bristol City WFC,9,0
3764239,FA Women's Super League,2020/2021,2020-09-13,Everton LFC,Tottenham Hotspur Women,1,0
3764236,FA Women's Super League,2020/2021,2020-09-13,Reading WFC,Aston Villa,3,1
3764231,FA Women's Super League,2020/2021,2020-09-06,Brighton & Hove Albion WFC,Birmingham City WFC,2,0
3764234,FA Women's Super League,2020/2021,2020-09-05,Aston Villa,Manchester City WFC,0,2
3775543,FA Women's Super League,2020/2021,2020-10-11,Brighton & Hove Albion WFC,Arsenal WFC,0,5
3775551,FA Women's Super League,2020/2021,2020-11-08,Manchester United,Arsenal WFC,1,0
3775540,FA Women's Super League,2020/2021,2021-04-24,Aston Villa,Bristol City WFC,2,2
3775550,FA Women's Super League,2020/2021,2021-03-17,Everton LFC,Chelsea FCW,0,3
3775545,FA Women's Super League,2020/2021,2020-10-04,Manchester City WFC,Tottenham Hotspur Women,4,1
3775556,FA Women's Super League,2020/2021,2020-11-08,Brighton & Hove Albion WFC,Aston Villa,0,2
3775575,FA Women's Super League,2020/2021,2020-10-03,Aston Villa,Everton LFC,0,6
3775562,FA Women's Super League,2020/2021,2020-10-04,Manchester United,Brighton & Hove Albion WFC,3,0
3775561,FA Women's Super League,2020/2021,2020-10-18,West Ham United LFC,Manchester United,2,4
3775582,FA Women's Super League,2020/2021,2020-10-18,Everton LFC,Brighton & Hove Albion WFC,2,2
3775558,FA Women's Super League,2020/2021,2020-12-13,Reading WFC,Manchester United,1,2
3775552,FA Women's Super League,2020/2021,2021-02-28,Tottenham Hotspur Women,Everton LFC,2,3
3775557,FA Women's Super League,2020/2021,2021-04-25,Arsenal WFC,Brighton & Hove Albion WFC,2,0
3775564,FA Women's Super League,2020/2021,2021-03-27,Manchester City WFC,Reading WFC,1,0
3775569,FA Women's Super League,2020/2021,2021-04-04,Bristol City WFC,Arsenal WFC,0,4
3775548,FA Women's Super League,2020/2021,2021-02-10,Chelsea FCW,Arsenal WFC,3,0
3775568,FA Women's Super League,2020/2021,2021-04-28,Birmingham City WFC,Aston Villa,1,1
3775563,FA Women's Super League,2020/2021,2021-05-09,Manchester United,Everton LFC,2,0
3775555,FA Women's Super League,2020/2021,2021-05-05,Tottenham Hotspur Women,Chelsea FCW,0,2
3775549,FA Women's Super League,2020/2021,2021-05-09,Birmingham City WFC,Tottenham Hotspur Women,0,1
3775572,FA Women's Super League,2020/2021,2020-10-04,Birmingham City WFC,Chelsea FCW,0,1
3775577,FA Women's Super League,2020/2021,2021-05-02,Everton LFC,Arsenal WFC,1,2
3775541,FA Women's Super League,2020/2021,2021-03-07,Manchester United,Aston Villa,3,0
3775588,FA Women's Super League,2020/2021,2020-12-06,Tottenham Hotspur Women,Brighton & Hove Albion WFC,3,1
3775586,FA Women's Super League,2020/2021,2020-10-18,Arsenal WFC,Tottenham Hotspur Women,6,1
3775592,FA Women's Super League,2020/2021,2020-11-07,Tottenham Hotspur Women,Reading WFC,1,1
3775580,FA Women's Super League,2020/2021,2020-12-13,Brighton & Hove Albion WFC,Chelsea FCW,0,1
3775591,FA Women's Super League,2020/2021,2021-03-07,West Ham United LFC,Chelsea FCW,0,2
3775590,FA Women's Super League,2020/2021,2021-02-07,Everton LFC,Birmingham City WFC,1,1
3775571,FA Women's Super League,2020/2021,2021-01-23,Aston Villa,Reading WFC,2,2
3775589,FA Women's Super League,2020/2021,2021-01-17,Reading WFC,Arsenal WFC,1,1
3775578,FA Women's Super League,2020/2021,2021-02-14,Reading WFC,Everton LFC,1,1
3775596,FA Women's Super League,2020/2021,2021-03-17,Bristol City WFC,Manchester City WFC,0,3
3775576,FA Women's Super League,2020/2021,2021-04-21,Manchester City WFC,Chelsea FCW,2,2
3775574,FA Women's Super League,2020/2021,2021-05-02,Manchester City WFC,Birmingham City WFC,4,0
3775573,FA Women's Super League,2020/2021,2021-05-09,West Ham United LFC,Manchester City WFC,0,1
3775597,FA Women's Super League,2020/2021,2021-03-19,Arsenal WFC,Manchester United,2,0
3775611,FA Women's Super League,2020/2021,2020-10-11,Chelsea FCW,Manchester City WFC,3,1
3775628,FA Women's Super League,2020/2021,2021-03-27,Manchester United,West Ham United LFC,2,0
3775612,FA Women's Super League,2020/2021,2021-04-25,Birmingham City WFC,Reading WFC,1,1
3775627,FA Women's Super League,2020/2021,2020-11-15,Arsenal WFC,Chelsea FCW,1,1
3775644,FA Women's Super League,2020/2021,2020-10-10,Tottenham Hotspur Women,Manchester United,0,1
3775637,FA Women's Super League,2020/2021,2020-12-09,Bristol City WFC,Aston Villa,0,4
3775631,FA Women's Super League,2020/2021,2020-11-14,Bristol City WFC,Tottenham Hotspur Women,2,2
3775621,FA Women's Super League,2020/2021,2020-12-06,Reading WFC,Bristol City WFC,1,1
3775615,FA Women's Super League,2020/2021,2020-12-13,Tottenham Hotspur Women,Aston Villa,3,1
3775610,FA Women's Super League,2020/2021,2020-12-20,Manchester United,Bristol City WFC,6,1
3775616,FA Women's Super League,2020/2021,2020-12-13,Bristol City WFC,West Ham United LFC,0,4
3775632,FA Women's Super League,2020/2021,2020-12-06,Everton LFC,Manchester City WFC,0,3
3775629,FA Women's Super League,2020/2021,2021-01-24,Brighton & Hove Albion WFC,Manchester City WFC,1,7
3775619,FA Women's Super League,2020/2021,2020-12-20,Brighton & Hove Albion WFC,Reading WFC,1,3
3775600,FA Women's Super League,2020/2021,2021-02-07,Arsenal WFC,Manchester City WFC,1,2
3775605,FA Women's Super League,2020/2021,2021-01-31,Chelsea FCW,Tottenham Hotspur Women,4,0
3775626,FA Women's Super League,2020/2021,2021-01-17,Manchester City WFC,Aston Villa,7,0
3775614,FA Women's Super League,2020/2021,2021-02-14,Bristol City WFC,Chelsea FCW,0,5
3775603,FA Women's Super League,2020/2021,2021-02-10,Brighton & Hove Albion WFC,West Ham United LFC,1,0
3775625,FA Women's Super League,2020/2021,2020-11-07,Manchester City WFC,Bristol City WFC,8,1
3775613,FA Women's Super League,2020/2021,2021-03-27,Tottenham Hotspur Women,Arsenal WFC,0,3
3775598,FA Women's Super League,2020/2021,2021-03-14,Reading WFC,Tottenham Hotspur Women,0,0
3775601,FA Women's Super League,2020/2021,2021-05-02,Bristol City WFC,Manchester United,0,1
3775630,FA Women's Super League,2020/2021,2021-03-07,Birmingham City WFC,Arsenal WFC,0,4
3775651,FA Women's Super League,2020/2021,2021-01-31,Manchester City WFC,West Ham United LFC,4,0
3775635,FA Women's Super League,2020/2021,2021-04-25,West Ham United LFC,Everton LFC,0,0
3775650,FA Women's Super League,2020/2021,2020-12-06,Chelsea FCW,West Ham United LFC,3,2
3775647,FA Women's Super League,2020/2021,2021-01-17,Birmingham City WFC,Brighton & Hove Albion WFC,0,0
3775659,FA Women's Super League,2020/2021,2020-10-18,Reading WFC,Manchester City WFC,1,1
3775657,FA Women's Super League,2020/2021,2020-10-04,Arsenal WFC,Bristol City WFC,3,1
3775649,FA Women's Super League,2020/2021,2021-04-03,Reading WFC,West Ham United LFC,0,5
3775645,FA Women's Super League,2020/2021,2020-11-08,Chelsea FCW,Everton LFC,4,0
3775639,FA Women's Super League,2020/2021,2021-03-07,Manchester City WFC,Everton LFC,1,0
3775642,FA Women's Super League,2020/2021,2021-03-17,Aston Villa,Brighton & Hove Albion WFC,0,2
3775646,FA Women's Super League,2020/2021,2021-01-27,Aston Villa,Chelsea FCW,0,4
3775655,FA Women's Super League,2020/2021,2021-02-07,West Ham United LFC,Bristol City WFC,1,1
3775640,FA Women's Super League,2020/2021,2021-02-07,Manchester United,Reading WFC,0,2
3775658,FA Women's Super League,2020/2021,2021-02-12,Manchester City WFC,Manchester United,3,0
3775623,FA Women's Super League,2020/2021,2020-11-15,West Ham United LFC,Brighton & Hove Albion WFC,0,1
3775566,FA Women's Super League,2020/2021,2020-12-05,Aston Villa,Manchester United,0,2
3775546,FA Women's Super League,2020/2021,2021-03-21,Tottenham Hotspur Women,Bristol City WFC,1,1
3775547,FA Women's Super League,2020/2021,2021-02-28,Birmingham City WFC,Manchester City WFC,0,4
3775587,FA Women's Super League,2020/2021,2021-01-31,Everton LFC,Manchester United,0,2
3775595,FA Women's Super League,2020/2021,2021-01-30,Bristol City WFC,Brighton & Hove Albion WFC,3,0
3775604,FA Women's Super League,2020/2021,2021-04-04,Tottenham Hotspur Women,Manchester City WFC,0,3
3775634,FA Women's Super League,2020/2021,2021-04-04,Everton LFC,Aston Villa,3,1
3775617,FA Women's Super League,2020/2021,2021-04-04,Brighton & Hove Albion WFC,Manchester United,1,0
3775565,FA Women's Super League,2020/2021,2021-04-04,Chelsea FCW,Birmingham City WFC,6,0
3775583,FA Women's Super League,2020/2021,2020-12-13,Manchester City WFC,Arsenal WFC,2,1
3775542,FA Women's Super League,2020/2021,2021-01-17,Everton LFC,Bristol City WFC,4,0
3775608,FA Women's Super League,2020/2021,2021-01-17,West Ham United LFC,Tottenham Hotspur Women,0,1
3775599,FA Women's Super League,2020/2021,2021-04-20,West Ham United LFC,Aston Villa,0,0
3775554,FA Women's Super League,2020/2021,2020-11-14,Everton LFC,Reading WFC,1,1
3775652,FA Women's Super League,2020/2021,2021-02-07,Chelsea FCW,Brighton & Hove Albion WFC,1,2
3764238,FA Women's Super League,2020/2021,2020-09-12,West Ham United LFC,Arsenal WFC,1,9
2275127,FA Women's Super League,2019/2020,2019-10-13,Reading WFC,Everton LFC,3,2
2275136,FA Women's Super League,2019/2020,2019-09-07,Manchester City WFC,Manchester United,1,0
2275154,FA Women's Super League,2019/2020,2019-11-17,Chelsea FCW,Manchester United,1,0
2275150,FA Women's Super League,2019/2020,2019-12-01,West Ham United LFC,Manchester United,3,2
2275146,FA Women's Super League,2019/2020,2019-12-08,Manchester United,Everton LFC,3,1
2275142,FA Women's Super League,2019/2020,2020-01-05,Manchester United,Bristol City WFC,0,1
2275137,FA Women's Super League,2019/2020,2020-01-19,Manchester United,Tottenham Hotspur Women,3,0
2275153,FA Women's Super League,2019/2020,2020-02-02,Reading WFC,Manchester United,1,1
2275151,FA Women's Super League,2019/2020,2020-02-12,Brighton & Hove Albion WFC,Manchester United,1,1
2275144,FA Women's Super League,2019/2020,2020-02-23,Everton LFC,Manchester United,2,3
2275088,FA Women's Super League,2019/2020,2019-12-08,Bristol City WFC,Birmingham City WFC,0,2
2275110,FA Women's Super League,2019/2020,2019-10-27,Birmingham City WFC,Liverpool WFC,2,0
2275044,FA Women's Super League,2019/2020,2019-10-27,Arsenal WFC,Manchester City WFC,1,0
2275105,FA Women's Super League,2019/2020,2020-02-23,Manchester City WFC,Chelsea FCW,3,3
2275063,FA Women's Super League,2019/2020,2019-10-13,Chelsea FCW,Arsenal WFC,2,1
2275054,FA Women's Super League,2019/2020,2020-01-05,Brighton & Hove Albion WFC,Liverpool WFC,1,0
2275072,FA Women's Super League,2019/2020,2020-01-05,Chelsea FCW,Reading WFC,3,1
2275085,FA Women's Super League,2019/2020,2020-01-05,Tottenham Hotspur Women,Manchester City WFC,1,4
2275113,FA Women's Super League,2019/2020,2020-01-19,West Ham United LFC,Brighton & Hove Albion WFC,2,1
2275099,FA Women's Super League,2019/2020,2019-09-08,Liverpool WFC,Reading WFC,0,1
2275057,FA Women's Super League,2019/2020,2020-02-02,Chelsea FCW,West Ham United LFC,8,0
2275075,FA Women's Super League,2019/2020,2019-12-15,Reading WFC,Tottenham Hotspur Women,3,1
2275077,FA Women's Super League,2019/2020,2020-01-12,Tottenham Hotspur Women,West Ham United LFC,2,1
2275036,FA Women's Super League,2019/2020,2020-01-19,Everton LFC,Reading WFC,3,1
2275117,FA Women's Super League,2019/2020,2019-12-15,Everton LFC,Arsenal WFC,1,3
2275092,FA Women's Super League,2019/2020,2020-01-19,Birmingham City WFC,Manchester City WFC,0,2
2275040,FA Women's Super League,2019/2020,2019-10-13,Brighton & Hove Albion WFC,West Ham United LFC,1,3
2275122,FA Women's Super League,2019/2020,2019-11-17,Reading WFC,Bristol City WFC,3,3
2275045,FA Women's Super League,2019/2020,2019-12-15,Liverpool WFC,Chelsea FCW,1,1
2275093,FA Women's Super League,2019/2020,2019-11-24,Birmingham City WFC,Chelsea FCW,0,6
2275097,FA Women's Super League,2019/2020,2019-12-15,Manchester City WFC,Brighton & Hove Albion WFC,5,0
2275084,FA Women's Super League,2019/2020,2019-10-27,West Ham United LFC,Chelsea FCW,1,3
2275089,FA Women's Super League,2019/2020,2020-01-05,Arsenal WFC,Birmingham City WFC,2,0
2275116,FA Women's Super League,2019/2020,2019-12-01,Manchester City WFC,Liverpool WFC,1,0
2275104,FA Women's Super League,2019/2020,2019-12-01,Arsenal WFC,Bristol City WFC,11,1
2275052,FA Women's Super League,2019/2020,2019-09-15,Brighton & Hove Albion WFC,Chelsea FCW,1,1
2275037,FA Women's Super League,2019/2020,2020-02-02,Manchester City WFC,Arsenal WFC,2,1
2275027,FA Women's Super League,2019/2020,2020-02-02,Brighton & Hove Albion WFC,Everton LFC,1,0
2275078,FA Women's Super League,2019/2020,2020-01-11,Manchester City WFC,Everton LFC,3,1
2275080,FA Women's Super League,2019/2020,2020-01-12,Chelsea FCW,Bristol City WFC,6,1
2275098,FA Women's Super League,2019/2020,2020-01-12,Brighton & Hove Albion WFC,Arsenal WFC,0,4
2275156,FA Women's Super League,2019/2020,2019-09-16,Manchester United,Arsenal WFC,0,1
2275139,FA Women's Super League,2019/2020,2019-10-13,Tottenham Hotspur Women,Manchester United,0,3
2275070,FA Women's Super League,2019/2020,2019-10-13,Liverpool WFC,Bristol City WFC,1,1
2275051,FA Women's Super League,2019/2020,2019-10-27,Everton LFC,Brighton & Hove Albion WFC,2,0
2275050,FA Women's Super League,2019/2020,2020-01-12,Reading WFC,Birmingham City WFC,1,0
2275029,FA Women's Super League,2019/2020,2020-01-19,Bristol City WFC,Liverpool WFC,0,1
2275090,FA Women's Super League,2019/2020,2020-01-19,Arsenal WFC,Chelsea FCW,1,4
2275042,FA Women's Super League,2019/2020,2019-11-17,Manchester City WFC,West Ham United LFC,5,0
2275157,FA Women's Super League,2019/2020,2019-10-27,Manchester United,Reading WFC,2,0
2275108,FA Women's Super League,2019/2020,2019-09-29,Bristol City WFC,Chelsea FCW,0,4
2275082,FA Women's Super League,2019/2020,2019-11-17,Tottenham Hotspur Women,Arsenal WFC,0,2
2275138,FA Women's Super League,2019/2020,2019-09-28,Manchester United,Liverpool WFC,2,0
2275049,FA Women's Super League,2019/2020,2019-11-24,West Ham United LFC,Reading WFC,2,3
2275132,FA Women's Super League,2019/2020,2019-09-08,Chelsea FCW,Tottenham Hotspur Women,1,0
2275061,FA Women's Super League,2019/2020,2019-09-07,Bristol City WFC,Brighton & Hove Albion WFC,0,0
2275096,FA Women's Super League,2019/2020,2019-09-08,Arsenal WFC,West Ham United LFC,2,1
2275033,FA Women's Super League,2019/2020,2019-10-27,Bristol City WFC,Tottenham Hotspur Women,1,2
2275107,FA Women's Super League,2019/2020,2019-09-15,Reading WFC,Manchester City WFC,0,2
2275130,FA Women's Super League,2019/2020,2019-12-08,Chelsea FCW,Manchester City WFC,2,1
2275034,FA Women's Super League,2019/2020,2019-09-15,Tottenham Hotspur Women,Liverpool WFC,1,0
2275026,FA Women's Super League,2019/2020,2019-11-24,Bristol City WFC,Manchester City WFC,0,5
2275041,FA Women's Super League,2019/2020,2019-09-15,Everton LFC,Bristol City WFC,2,0
2275094,FA Women's Super League,2019/2020,2019-09-15,West Ham United LFC,Birmingham City WFC,1,0
2275106,FA Women's Super League,2019/2020,2020-02-12,Manchester City WFC,Bristol City WFC,1,0
2275073,FA Women's Super League,2019/2020,2020-02-12,Tottenham Hotspur Women,Everton LFC,2,2
2275038,FA Women's Super League,2019/2020,2020-02-12,Reading WFC,West Ham United LFC,2,0
2275131,FA Women's Super League,2019/2020,2019-09-29,Everton LFC,Manchester City WFC,0,1
2275062,FA Women's Super League,2019/2020,2020-02-13,Liverpool WFC,Arsenal WFC,2,3
2275048,FA Women's Super League,2019/2020,2019-09-29,West Ham United LFC,Tottenham Hotspur Women,0,2
2275121,FA Women's Super League,2019/2020,2019-09-29,Arsenal WFC,Brighton & Hove Albion WFC,4,0
2275065,FA Women's Super League,2019/2020,2019-11-17,Brighton & Hove Albion WFC,Birmingham City WFC,3,0
2275079,FA Women's Super League,2019/2020,2019-11-24,Arsenal WFC,Liverpool WFC,1,0
2275103,FA Women's Super League,2019/2020,2019-12-08,Liverpool WFC,West Ham United LFC,1,1
2275140,FA Women's Super League,2019/2020,2019-11-24,Manchester United,Brighton & Hove Albion WFC,4,0
2275126,FA Women's Super League,2019/2020,2019-11-24,Everton LFC,Tottenham Hotspur Women,3,1
2275102,FA Women's Super League,2019/2020,2019-11-29,Brighton & Hove Albion WFC,Reading WFC,2,2
2275109,FA Women's Super League,2019/2020,2019-12-04,Birmingham City WFC,Tottenham Hotspur Women,1,1
2275091,FA Women's Super League,2019/2020,2019-12-08,Tottenham Hotspur Women,Brighton & Hove Albion WFC,1,0
2275030,FA Women's Super League,2019/2020,2020-02-23,Brighton & Hove Albion WFC,Tottenham Hotspur Women,0,1
2275133,FA Women's Super League,2019/2020,2020-02-23,West Ham United LFC,Liverpool WFC,4,2
2275083,FA Women's Super League,2019/2020,2020-02-23,Birmingham City WFC,Bristol City WFC,0,1
2275120,FA Women's Super League,2019/2020,2019-09-08,Birmingham City WFC,Everton LFC,0,1
2275028,FA Women's Super League,2019/2020,2019-10-12,Manchester City WFC,Birmingham City WFC,3,0
2275086,FA Women's Super League,2019/2020,2019-12-08,Reading WFC,Arsenal WFC,0,3
2275056,FA Women's Super League,2019/2020,2019-11-17,Liverpool WFC,Everton LFC,0,1
2275074,FA Women's Super League,2019/2020,2020-02-12,Chelsea FCW,Birmingham City WFC,2,0
19770,FA Women's Super League,2018/2019,2018-12-02,Manchester City WFC,Arsenal WFC,2,0
19820,FA Women's Super League,2018/2019,2019-05-11,Reading WFC,Chelsea FCW,2,3
19772,FA Women's Super League,2018/2019,2018-12-02,Chelsea FCW,Reading WFC,1,0
19769,FA Women's Super League,2018/2019,2018-12-02,Brighton & Hove Albion WFC,West Ham United LFC,0,1
19746,FA Women's Super League,2018/2019,2018-10-28,Everton LFC,West Ham United LFC,1,2
7298,FA Women's Super League,2018/2019,2018-02-24,Manchester City WFC,Chelsea FCW,2,2
19778,FA Women's Super League,2018/2019,2018-12-09,Manchester City WFC,Birmingham City WFC,1,0
19771,FA Women's Super League,2018/2019,2018-12-02,Birmingham City WFC,Yeovil Town LFC,2,1
19736,FA Women's Super League,2018/2019,2018-10-14,Chelsea FCW,Arsenal WFC,0,5
19745,FA Women's Super League,2018/2019,2018-10-28,Brighton & Hove Albion WFC,Yeovil Town LFC,2,1
19730,FA Women's Super League,2018/2019,2018-09-30,Chelsea FCW,Brighton & Hove Albion WFC,2,0
19794,FA Women's Super League,2018/2019,2019-02-20,Chelsea FCW,Bristol City WFC,6,0
19766,FA Women's Super League,2018/2019,2018-11-25,Arsenal WFC,Brighton & Hove Albion WFC,4,1
19734,FA Women's Super League,2018/2019,2018-10-14,Everton LFC,Brighton & Hove Albion WFC,3,3
19717,FA Women's Super League,2018/2019,2018-09-09,Arsenal WFC,Liverpool WFC,5,0
19718,FA Women's Super League,2018/2019,2018-09-09,Birmingham City WFC,Everton LFC,1,0
19810,FA Women's Super League,2018/2019,2019-04-21,Liverpool WFC,Bristol City WFC,5,2
19743,FA Women's Super League,2018/2019,2018-10-21,Birmingham City WFC,Chelsea FCW,0,0
19740,FA Women's Super League,2018/2019,2018-10-21,West Ham United LFC,Liverpool WFC,0,1
19716,FA Women's Super League,2018/2019,2018-09-09,Reading WFC,Yeovil Town LFC,4,0
19800,FA Women's Super League,2018/2019,2019-03-14,Arsenal WFC,Bristol City WFC,4,0
19739,FA Women's Super League,2018/2019,2018-10-21,Brighton & Hove Albion WFC,Manchester City WFC,0,6
19748,FA Women's Super League,2018/2019,2018-10-28,Chelsea FCW,Liverpool WFC,1,0
19822,FA Women's Super League,2018/2019,2019-05-11,Yeovil Town LFC,Birmingham City WFC,0,2
19785,FA Women's Super League,2018/2019,2019-01-13,Arsenal WFC,Chelsea FCW,1,2
19749,FA Women's Super League,2018/2019,2018-11-04,Arsenal WFC,Birmingham City WFC,3,1
19751,FA Women's Super League,2018/2019,2018-11-04,West Ham United LFC,Chelsea FCW,0,2
19764,FA Women's Super League,2018/2019,2018-11-25,Yeovil Town LFC,Manchester City WFC,0,4
19773,FA Women's Super League,2018/2019,2018-12-02,Everton LFC,Liverpool WFC,2,1
19783,FA Women's Super League,2018/2019,2019-01-06,Chelsea FCW,Everton LFC,3,0
19747,FA Women's Super League,2018/2019,2018-10-26,Manchester City WFC,Reading WFC,1,1
19757,FA Women's Super League,2018/2019,2019-02-10,Bristol City WFC,Brighton & Hove Albion WFC,0,0
19742,FA Women's Super League,2018/2019,2018-10-21,Yeovil Town LFC,Bristol City WFC,1,2
19777,FA Women's Super League,2018/2019,2018-12-09,Yeovil Town LFC,West Ham United LFC,0,5
19758,FA Women's Super League,2018/2019,2019-04-17,Yeovil Town LFC,Reading WFC,0,5
19802,FA Women's Super League,2018/2019,2019-03-13,Yeovil Town LFC,Brighton & Hove Albion WFC,1,1
19803,FA Women's Super League,2018/2019,2019-03-13,West Ham United LFC,Everton LFC,0,1
19811,FA Women's Super League,2018/2019,2019-04-21,Arsenal WFC,Everton LFC,2,1
19805,FA Women's Super League,2018/2019,2019-03-31,Chelsea FCW,West Ham United LFC,1,1
19752,FA Women's Super League,2018/2019,2018-11-04,Liverpool WFC,Manchester City WFC,0,3
19775,FA Women's Super League,2018/2019,2018-12-09,Reading WFC,Liverpool WFC,2,2
19760,FA Women's Super League,2018/2019,2018-11-18,Chelsea FCW,Yeovil Town LFC,5,0
19787,FA Women's Super League,2018/2019,2019-01-13,Birmingham City WFC,Bristol City WFC,0,1
19733,FA Women's Super League,2018/2019,2018-09-30,Birmingham City WFC,Manchester City WFC,2,3
19765,FA Women's Super League,2018/2019,2018-11-25,Liverpool WFC,Birmingham City WFC,0,2
19792,FA Women's Super League,2018/2019,2019-01-27,Bristol City WFC,Yeovil Town LFC,2,1
19732,FA Women's Super League,2018/2019,2018-09-30,Liverpool WFC,Reading WFC,0,1
19744,FA Women's Super League,2018/2019,2018-10-28,Bristol City WFC,Arsenal WFC,0,4
19799,FA Women's Super League,2018/2019,2019-03-13,Liverpool WFC,Chelsea FCW,0,4
19753,FA Women's Super League,2018/2019,2018-11-04,Reading WFC,Bristol City WFC,3,0
19735,FA Women's Super League,2018/2019,2018-10-14,Manchester City WFC,West Ham United LFC,7,1
19720,FA Women's Super League,2018/2019,2018-09-19,Bristol City WFC,Chelsea FCW,0,0
19719,FA Women's Super League,2018/2019,2018-09-19,West Ham United LFC,Reading WFC,0,0
19715,FA Women's Super League,2018/2019,2018-09-09,Brighton & Hove Albion WFC,Bristol City WFC,0,1
19723,FA Women's Super League,2018/2019,2018-09-20,Everton LFC,Manchester City WFC,0,4
19722,FA Women's Super League,2018/2019,2018-09-19,Yeovil Town LFC,Arsenal WFC,0,7
19727,FA Women's Super League,2018/2019,2018-09-23,Reading WFC,Birmingham City WFC,0,1
19731,FA Women's Super League,2018/2019,2018-09-30,West Ham United LFC,Yeovil Town LFC,2,1
19714,FA Women's Super League,2018/2019,2018-09-09,Chelsea FCW,Manchester City WFC,0,0
19728,FA Women's Super League,2018/2019,2018-09-23,Manchester City WFC,Bristol City WFC,2,2
19726,FA Women's Super League,2018/2019,2018-09-23,Everton LFC,Chelsea FCW,0,0
19725,FA Women's Super League,2018/2019,2018-09-23,Brighton & Hove Albion WFC,Liverpool WFC,0,1
19738,FA Women's Super League,2018/2019,2018-10-14,Bristol City WFC,Birmingham City WFC,0,1
19759,FA Women's Super League,2018/2019,2018-11-18,Everton LFC,Arsenal WFC,0,4
19750,FA Women's Super League,2018/2019,2018-11-04,Yeovil Town LFC,Everton LFC,1,0
19761,FA Women's Super League,2018/2019,2018-11-17,Bristol City WFC,Liverpool WFC,2,1
19762,FA Women's Super League,2018/2019,2018-11-18,Brighton & Hove Albion WFC,Reading WFC,1,4
19763,FA Women's Super League,2018/2019,2018-11-18,Birmingham City WFC,West Ham United LFC,3,0
19768,FA Women's Super League,2018/2019,2018-11-25,West Ham United LFC,Bristol City WFC,2,0
19767,FA Women's Super League,2018/2019,2018-11-25,Reading WFC,Everton LFC,2,1
19776,FA Women's Super League,2018/2019,2018-12-09,Brighton & Hove Albion WFC,Chelsea FCW,0,4
19737,FA Women's Super League,2018/2019,2018-10-14,Liverpool WFC,Yeovil Town LFC,2,1
19790,FA Women's Super League,2018/2019,2019-01-27,Manchester City WFC,Brighton & Hove Albion WFC,3,0
19793,FA Women's Super League,2018/2019,2019-01-28,Liverpool WFC,West Ham United LFC,1,0
19789,FA Women's Super League,2018/2019,2019-01-27,Chelsea FCW,Birmingham City WFC,2,3
19791,FA Women's Super League,2018/2019,2019-01-27,Reading WFC,Arsenal WFC,0,3
19795,FA Women's Super League,2018/2019,2019-02-20,Reading WFC,West Ham United LFC,1,2
19797,FA Women's Super League,2018/2019,2019-02-20,Arsenal WFC,Yeovil Town LFC,3,0
19780,FA Women's Super League,2018/2019,2019-01-06,Liverpool WFC,Brighton & Hove Albion WFC,0,2
19781,FA Women's Super League,2018/2019,2019-01-06,West Ham United LFC,Arsenal WFC,2,4
19779,FA Women's Super League,2018/2019,2019-01-06,Bristol City WFC,Manchester City WFC,1,1
19798,FA Women's Super League,2018/2019,2019-02-20,Manchester City WFC,Everton LFC,3,1
19782,FA Women's Super League,2018/2019,2019-01-06,Birmingham City WFC,Reading WFC,2,1
19784,FA Women's Super League,2018/2019,2019-01-13,Brighton & Hove Albion WFC,Everton LFC,0,0
19786,FA Women's Super League,2018/2019,2019-01-13,West Ham United LFC,Manchester City WFC,1,3
19774,FA Women's Super League,2018/2019,2018-12-09,Everton LFC,Bristol City WFC,0,2
19755,FA Women's Super League,2018/2019,2019-02-10,Manchester City WFC,Chelsea FCW,2,2
19806,FA Women's Super League,2018/2019,2019-03-31,Bristol City WFC,Reading WFC,0,1
19807,FA Women's Super League,2018/2019,2019-03-31,Manchester City WFC,Liverpool WFC,2,1
19788,FA Women's Super League,2018/2019,2019-01-13,Yeovil Town LFC,Liverpool WFC,1,2
19808,FA Women's Super League,2018/2019,2019-03-31,Everton LFC,Yeovil Town LFC,0,1
19804,FA Women's Super League,2018/2019,2019-03-31,Birmingham City WFC,Arsenal WFC,0,1
19813,FA Women's Super League,2018/2019,2019-04-21,West Ham United LFC,Birmingham City WFC,1,2
19816,FA Women's Super League,2018/2019,2019-04-28,Birmingham City WFC,Liverpool WFC,2,0
19809,FA Women's Super League,2018/2019,2019-04-20,Reading WFC,Brighton & Hove Albion WFC,1,0
19815,FA Women's Super League,2018/2019,2019-04-28,Brighton & Hove Albion WFC,Arsenal WFC,0,4
19817,FA Women's Super League,2018/2019,2019-04-28,Everton LFC,Reading WFC,3,2
19818,FA Women's Super League,2018/2019,2019-04-28,Manchester City WFC,Yeovil Town LFC,2,1
19819,FA Women's Super League,2018/2019,2019-05-11,West Ham United LFC,Brighton & Hove Albion WFC,0,4
19821,FA Women's Super League,2018/2019,2019-05-11,Arsenal WFC,Manchester City WFC,1,0
19801,FA Women's Super League,2018/2019,2019-03-13,Reading WFC,Manchester City WFC,3,4
19741,FA Women's Super League,2018/2019,2018-10-21,Arsenal WFC,Reading WFC,6,0
19756,FA Women's Super League,2018/2019,2019-04-17,Everton LFC,Birmingham City WFC,1,3
19754,FA Women's Super League,2018/2019,2019-03-24,Liverpool WFC,Arsenal WFC,1,5
19724,FA Women's Super League,2018/2019,2018-09-23,Arsenal WFC,West Ham United LFC,4,3
19814,FA Women's Super League,2018/2019,2019-04-28,Bristol City WFC,West Ham United LFC,1,2
19729,FA Women's Super League,2018/2019,2019-03-24,Bristol City WFC,Everton LFC,1,0
19796,FA Women's Super League,2018/2019,2019-02-20,Brighton & Hove Albion WFC,Birmingham City WFC,2,1
3888787,FIFA U20 World Cup,1979,1979-09-07,Argentina U20,Soviet Union U20,3,1
3857256,FIFA World Cup,2022,2022-12-02,Serbia,Switzerland,2,3
3869151,FIFA World Cup,2022,2022-12-03,Argentina,Australia,2,1
3857257,FIFA World Cup,2022,2022-11-30,Australia,Denmark,1,0
3857258,FIFA World Cup,2022,2022-11-24,Brazil,Serbia,2,0
3857288,FIFA World Cup,2022,2022-11-26,Tunisia,Australia,0,1
3857267,FIFA World Cup,2022,2022-11-29,Ecuador,Senegal,1,2
3869321,FIFA World Cup,2022,2022-12-09,Netherlands,Argentina,2,2
3857287,FIFA World Cup,2022,2022-11-24,Uruguay,South Korea,0,0
3869486,FIFA World Cup,2022,2022-12-10,Morocco,Portugal,1,0
3869685,FIFA World Cup,2022,2022-12-18,Argentina,France,3,3
3857260,FIFA World Cup,2022,2022-11-30,Saudi Arabia,Mexico,1,2
3857264,FIFA World Cup,2022,2022-11-30,Poland,Argentina,0,2
3857266,FIFA World Cup,2022,2022-11-26,France,Denmark,2,1
3857289,FIFA World Cup,2022,2022-11-26,Argentina,Mexico,2,0
3857269,FIFA World Cup,2022,2022-11-28,Brazil,Switzerland,1,0
3857294,FIFA World Cup,2022,2022-11-29,Netherlands,Qatar,2,0
3869254,FIFA World Cup,2022,2022-12-06,Portugal,Switzerland,6,1
3869118,FIFA World Cup,2022,2022-12-04,England,Senegal,3,0
3869684,FIFA World Cup,2022,2022-12-17,Croatia,Morocco,2,1
3869519,FIFA World Cup,2022,2022-12-13,Argentina,Croatia,3,0
3869354,FIFA World Cup,2022,2022-12-10,England,France,1,2
3869552,FIFA World Cup,2022,2022-12-14,France,Morocco,2,0
3869420,FIFA World Cup,2022,2022-12-09,Croatia,Brazil,1,1
3869220,FIFA World Cup,2022,2022-12-06,Morocco,Spain,0,0
3869219,FIFA World Cup,2022,2022-12-05,Japan,Croatia,1,1
3869253,FIFA World Cup,2022,2022-12-05,Brazil,South Korea,4,1
3869152,FIFA World Cup,2022,2022-12-04,France,Poland,3,1
3869117,FIFA World Cup,2022,2022-12-03,Netherlands,United States,3,1
3857270,FIFA World Cup,2022,2022-11-28,Portugal,Uruguay,2,0
3857263,FIFA World Cup,2022,2022-11-27,Spain,Germany,1,1
3857259,FIFA World Cup,2022,2022-11-28,Cameroon,Serbia,3,3
3857295,FIFA World Cup,2022,2022-11-27,Japan,Costa Rica,0,1
3857283,FIFA World Cup,2022,2022-11-27,Belgium,Morocco,0,2
3857284,FIFA World Cup,2022,2022-11-23,Germany,Japan,1,2
3857282,FIFA World Cup,2022,2022-11-21,United States,Wales,1,1
3857286,FIFA World Cup,2022,2022-11-20,Qatar,Ecuador,0,2
3857301,FIFA World Cup,2022,2022-11-25,Qatar,Senegal,1,3
3857300,FIFA World Cup,2022,2022-11-22,Argentina,Saudi Arabia,1,2
3857299,FIFA World Cup,2022,2022-11-28,South Korea,Ghana,2,3
3857298,FIFA World Cup,2022,2022-11-24,Portugal,Ghana,3,2
3857297,FIFA World Cup,2022,2022-11-26,Poland,Saudi Arabia,2,0
3857296,FIFA World Cup,2022,2022-12-01,Croatia,Belgium,0,0
3857293,FIFA World Cup,2022,2022-12-02,Ghana,Uruguay,0,2
3857292,FIFA World Cup,2022,2022-12-01,Costa Rica,Germany,2,4
3857291,FIFA World Cup,2022,2022-11-23,Spain,Costa Rica,7,0
3857290,FIFA World Cup,2022,2022-11-24,Switzerland,Cameroon,1,0
3857285,FIFA World Cup,2022,2022-11-21,Senegal,Netherlands,0,2
3857281,FIFA World Cup,2022,2022-11-27,Croatia,Canada,4,1
3857280,FIFA World Cup,2022,2022-12-02,Cameroon,Brazil,1,0
3857279,FIFA World Cup,2022,2022-11-22,France,Australia,4,1
3857278,FIFA World Cup,2022,2022-11-29,Iran,United States,0,1
3857277,FIFA World Cup,2022,2022-11-23,Morocco,Croatia,0,0
3857276,FIFA World Cup,2022,2022-12-01,Canada,Morocco,1,2
3857275,FIFA World Cup,2022,2022-11-30,Tunisia,France,1,0
3857274,FIFA World Cup,2022,2022-11-25,Netherlands,Ecuador,1,1
3857273,FIFA World Cup,2022,2022-11-25,Wales,Iran,0,2
3857272,FIFA World Cup,2022,2022-11-25,England,United States,0,0
3857271,FIFA World Cup,2022,2022-11-21,England,Iran,6,2
3857268,FIFA World Cup,2022,2022-11-23,Belgium,Canada,1,0
3857265,FIFA World Cup,2022,2022-11-22,Mexico,Poland,0,0
3857262,FIFA World Cup,2022,2022-12-02,South Korea,Portugal,2,1
3857261,FIFA World Cup,2022,2022-11-29,Wales,England,0,3
3857255,FIFA World Cup,2022,2022-12-01,Japan,Spain,2,1
3857254,FIFA World Cup,2022,2022-11-22,Denmark,Tunisia,0,0
7585,FIFA World Cup,2018,2018-07-03,Colombia,England,1,1
7570,FIFA World Cup,2018,2018-06-28,England,Belgium,0,1
7586,FIFA World Cup,2018,2018-07-03,Sweden,Switzerland,1,0
7557,FIFA World Cup,2018,2018-06-25,Iran,Portugal,1,1
7542,FIFA World Cup,2018,2018-06-20,Portugal,Morocco,1,0
8656,FIFA World Cup,2018,2018-07-11,Croatia,England,2,1
7554,FIFA World Cup,2018,2018-06-24,England,Panama,6,1
7550,FIFA World Cup,2018,2018-06-22,Serbia,Switzerland,1,2
7548,FIFA World Cup,2018,2018-06-22,Brazil,Costa Rica,2,0
7578,FIFA World Cup,2018,2018-06-15,Egypt,Uruguay,0,1
7553,FIFA World Cup,2018,2018-06-23,South Korea,Mexico,1,2
7544,FIFA World Cup,2018,2018-06-20,Uruguay,Saudi Arabia,1,0
7536,FIFA World Cup,2018,2018-06-18,Belgium,Panama,3,0
7555,FIFA World Cup,2018,2018-06-24,Poland,Colombia,0,3
7546,FIFA World Cup,2018,2018-06-21,France,Peru,1,0
7539,FIFA World Cup,2018,2018-06-19,Poland,Senegal,1,2
7538,FIFA World Cup,2018,2018-06-18,Sweden,South Korea,1,0
7576,FIFA World Cup,2018,2018-06-15,Portugal,Spain,3,3
7565,FIFA World Cup,2018,2018-06-27,Serbia,Brazil,0,2
7551,FIFA World Cup,2018,2018-06-23,Germany,Sweden,2,1
7537,FIFA World Cup,2018,2018-06-18,Tunisia,England,1,2
7580,FIFA World Cup,2018,2018-06-30,France,Argentina,4,3
8650,FIFA World Cup,2018,2018-07-06,Brazil,Belgium,1,2
7581,FIFA World Cup,2018,2018-07-01,Croatia,Denmark,1,1
7549,FIFA World Cup,2018,2018-06-22,Nigeria,Iceland,2,0
7529,FIFA World Cup,2018,2018-06-16,Croatia,Nigeria,2,0
7534,FIFA World Cup,2018,2018-06-17,Germany,Mexico,0,1
7562,FIFA World Cup,2018,2018-06-26,Australia,Peru,0,2
7571,FIFA World Cup,2018,2018-06-28,Senegal,Colombia,0,1
7569,FIFA World Cup,2018,2018-06-28,Panama,Tunisia,1,2
7568,FIFA World Cup,2018,2018-06-27,Switzerland,Costa Rica,2,2
7530,FIFA World Cup,2018,2018-06-16,France,Australia,2,1
7558,FIFA World Cup,2018,2018-06-25,Uruguay,Russia,3,0
7583,FIFA World Cup,2018,2018-07-02,Brazil,Mexico,2,0
7547,FIFA World Cup,2018,2018-06-21,Denmark,Australia,1,1
7535,FIFA World Cup,2018,2018-06-17,Costa Rica,Serbia,0,1
7584,FIFA World Cup,2018,2018-07-02,Belgium,Japan,3,2
7545,FIFA World Cup,2018,2018-06-21,Argentina,Croatia,0,3
8649,FIFA World Cup,2018,2018-07-06,Uruguay,France,0,2
8658,FIFA World Cup,2018,2018-07-15,France,Croatia,4,2
7561,FIFA World Cup,2018,2018-06-26,Iceland,Croatia,1,2
7531,FIFA World Cup,2018,2018-06-16,Argentina,Iceland,1,1
7582,FIFA World Cup,2018,2018-07-01,Spain,Russia,1,1
7552,FIFA World Cup,2018,2018-06-23,Belgium,Tunisia,5,2
7532,FIFA World Cup,2018,2018-06-16,Peru,Denmark,0,1
7560,FIFA World Cup,2018,2018-06-25,Spain,Morocco,2,2
7533,FIFA World Cup,2018,2018-06-17,Brazil,Switzerland,1,1
7564,FIFA World Cup,2018,2018-06-26,Nigeria,Argentina,1,2
7579,FIFA World Cup,2018,2018-06-30,Uruguay,Portugal,2,1
7572,FIFA World Cup,2018,2018-06-28,Japan,Poland,0,1
7577,FIFA World Cup,2018,2018-06-15,Morocco,Iran,0,1
7543,FIFA World Cup,2018,2018-06-20,Iran,Spain,0,1
7525,FIFA World Cup,2018,2018-06-14,Russia,Saudi Arabia,5,0
7566,FIFA World Cup,2018,2018-06-27,Mexico,Sweden,0,3
8651,FIFA World Cup,2018,2018-07-07,Sweden,England,0,2
7567,FIFA World Cup,2018,2018-06-27,South Korea,Germany,2,0
7541,FIFA World Cup,2018,2018-06-19,Colombia,Japan,1,2
8655,FIFA World Cup,2018,2018-07-10,France,Belgium,1,0
8657,FIFA World Cup,2018,2018-07-14,Belgium,England,2,0
7540,FIFA World Cup,2018,2018-06-19,Russia,Egypt,3,1
8652,FIFA World Cup,2018,2018-07-07,Russia,Croatia,2,2
7563,FIFA World Cup,2018,2018-06-26,Denmark,France,0,0
7556,FIFA World Cup,2018,2018-06-24,Japan,Senegal,2,2
7559,FIFA World Cup,2018,2018-06-25,Saudi Arabia,Egypt,2,1
3793185,FIFA World Cup,1990,1990-06-24,Brazil,Argentina,0,1
3889149,FIFA World Cup,1986,1986-06-29,Argentina,Germany,3,2
3889148,FIFA World Cup,1986,1986-06-26,Argentina,Belgium,2,0
3750191,FIFA World Cup,1986,1986-06-22,Argentina,England,2,1
3888720,FIFA World Cup,1974,1974-07-07,Netherlands,Germany,1,2
3888719,FIFA World Cup,1974,1974-07-03,Netherlands,Brazil,2,0
3888718,FIFA World Cup,1974,1974-06-30,German DR,Netherlands,0,2
3888717,FIFA World Cup,1974,1974-06-26,Netherlands,Argentina,4,0
3888716,FIFA World Cup,1974,1974-06-19,Netherlands,Sweden,0,0
3750180,FIFA World Cup,1974,1974-06-22,German DR,Germany,1,0
3889218,FIFA World Cup,1970,1970-06-14,Brazil,Peru,4,2
3889217,FIFA World Cup,1970,1970-06-10,Brazil,Romania,3,2
3888702,FIFA World Cup,1970,1970-06-21,Brazil,Italy,4,1
3888701,FIFA World Cup,1970,1970-06-18,Brazil,Uruguay,3,1
3888700,FIFA World Cup,1970,1970-06-07,Brazil,England,1,0
3888699,FIFA World Cup,1970,1970-06-04,Brazil,Czechoslovakia,4,1
3888854,FIFA World Cup,1962,1962-05-30,Brazil,Mexico,2,0
3888705,FIFA World Cup,1958,1958-06-29,Brazil,Sweden,5,2
3888704,FIFA World Cup,1958,1958-06-24,Brazil,France,5,2
3827767,Indian Super league,2021/2022,2022-03-20,Hyderabad,Kerala Blasters,1,1
3827335,Indian Super league,2021/2022,2022-03-15,Kerala Blasters,Jamshedpur,1,1
3827336,Indian Super league,2021/2022,2022-03-16,ATK Mohun Bagan,Hyderabad,1,0
3827338,Indian Super league,2021/2022,2022-03-12,Hyderabad,ATK Mohun Bagan,3,1
3827337,Indian Super league,2021/2022,2022-03-11,Jamshedpur,Kerala Blasters,0,1
3817856,Indian Super league,2021/2022,2022-03-07,ATK Mohun Bagan,Jamshedpur,0,1
3817891,Indian Super league,2021/2022,2022-03-05,East Bengal,Bengaluru,0,1
3817870,Indian Super league,2021/2022,2022-03-06,Goa,Kerala Blasters,4,4
3817899,Indian Super league,2021/2022,2022-03-04,Jamshedpur,Odisha,5,1
3817866,Indian Super league,2021/2022,2022-03-02,Kerala Blasters,Mumbai City,3,1
3817889,Indian Super league,2021/2022,2022-03-03,Chennaiyin,ATK Mohun Bagan,0,1
3817887,Indian Super league,2021/2022,2022-03-05,Hyderabad,Mumbai City,2,1
3817872,Indian Super league,2021/2022,2022-02-21,Bengaluru,Odisha,2,1
3817900,Indian Super league,2021/2022,2022-02-20,Chennaiyin,Jamshedpur,1,4
3817855,Indian Super league,2021/2022,2022-02-19,Kerala Blasters,ATK Mohun Bagan,2,2
3817863,Indian Super league,2021/2022,2022-02-19,Hyderabad,Goa,3,2
3817877,Indian Super league,2021/2022,2022-02-18,NorthEast United,Bengaluru,2,1
3817901,Indian Super league,2021/2022,2022-02-17,Jamshedpur,Mumbai City,3,2
3817880,Indian Super league,2021/2022,2022-02-16,Odisha,Chennaiyin,2,2
3817902,Indian Super league,2021/2022,2022-02-14,Kerala Blasters,East Bengal,1,0
3817862,Indian Super league,2021/2022,2022-02-13,Mumbai City,Odisha,4,1
3817873,Indian Super league,2021/2022,2022-02-12,ATK Mohun Bagan,NorthEast United,3,1
3817869,Indian Super league,2021/2022,2022-02-11,Bengaluru,Hyderabad,1,2
3817881,Indian Super league,2021/2022,2022-02-10,Jamshedpur,Kerala Blasters,3,0
3817895,Indian Super league,2021/2022,2022-02-09,Chennaiyin,Goa,0,5
3817884,Indian Super league,2021/2022,2022-02-08,Hyderabad,ATK Mohun Bagan,1,2
3817896,Indian Super league,2021/2022,2022-02-07,East Bengal,Odisha,1,2
3817852,Indian Super league,2021/2022,2022-02-06,Chennaiyin,Mumbai City,0,1
3817883,Indian Super league,2021/2022,2022-02-05,Bengaluru,Jamshedpur,3,1
3817886,Indian Super league,2021/2022,2022-02-04,Kerala Blasters,NorthEast United,2,1
3817864,Indian Super league,2021/2022,2022-02-03,Mumbai City,ATK Mohun Bagan,1,1
3817882,Indian Super league,2021/2022,2022-02-02,East Bengal,Chennaiyin,2,2
3817894,Indian Super league,2021/2022,2022-02-01,Goa,Odisha,1,1
3817871,Indian Super league,2021/2022,2022-01-31,NorthEast United,Hyderabad,0,5
3817861,Indian Super league,2021/2022,2022-01-30,Kerala Blasters,Bengaluru,0,1
3817888,Indian Super league,2021/2022,2022-01-29,ATK Mohun Bagan,East Bengal,3,1
3817875,Indian Super league,2021/2022,2022-01-28,Jamshedpur,Goa,1,0
3817868,Indian Super league,2021/2022,2022-01-26,Bengaluru,Chennaiyin,3,0
3817867,Indian Super league,2021/2022,2022-01-25,Mumbai City,NorthEast United,1,1
3813313,Indian Super league,2021/2022,2022-01-23,ATK Mohun Bagan,Odisha,0,0
3817890,Indian Super league,2021/2022,2022-01-14,Goa,NorthEast United,1,1
3813302,Indian Super league,2021/2022,2022-01-06,Jamshedpur,NorthEast United,3,2
3817857,Indian Super league,2021/2022,2022-03-01,Hyderabad,Jamshedpur,0,3
3817898,Indian Super league,2021/2022,2022-02-26,Goa,Mumbai City,0,2
3817893,Indian Super league,2021/2022,2022-02-28,East Bengal,NorthEast United,1,1
3817854,Indian Super league,2021/2022,2022-02-27,ATK Mohun Bagan,Bengaluru,2,0
3817892,Indian Super league,2021/2022,2022-02-24,Odisha,ATK Mohun Bagan,1,1
3817859,Indian Super league,2021/2022,2022-02-25,NorthEast United,Jamshedpur,2,3
3817858,Indian Super league,2021/2022,2022-02-26,Kerala Blasters,Chennaiyin,3,0
3817897,Indian Super league,2021/2022,2022-02-23,Hyderabad,Kerala Blasters,2,1
3817885,Indian Super league,2021/2022,2022-02-22,Mumbai City,East Bengal,1,0
3817878,Indian Super league,2021/2022,2022-01-24,East Bengal,Hyderabad,0,4
3817876,Indian Super league,2021/2022,2022-01-22,Chennaiyin,NorthEast United,2,1
3813305,Indian Super league,2021/2022,2022-01-09,Kerala Blasters,Hyderabad,1,0
3813266,Indian Super league,2021/2022,2022-01-08,Goa,Chennaiyin,1,0
3813271,Indian Super league,2021/2022,2022-01-02,Kerala Blasters,Goa,2,2
3813311,Indian Super league,2021/2022,2022-01-02,Jamshedpur,Chennaiyin,0,1
3813303,Indian Super league,2021/2022,2021-12-29,ATK Mohun Bagan,Goa,2,1
3813304,Indian Super league,2021/2022,2021-12-23,Hyderabad,East Bengal,1,1
3813306,Indian Super league,2021/2022,2021-12-21,NorthEast United,ATK Mohun Bagan,2,3
3813283,Indian Super league,2021/2022,2021-12-30,Chennaiyin,Bengaluru,2,4
3813275,Indian Super league,2021/2022,2021-12-26,Kerala Blasters,Jamshedpur,1,1
3813278,Indian Super league,2021/2022,2021-12-22,Chennaiyin,Kerala Blasters,0,3
3813295,Indian Super league,2021/2022,2021-12-28,Hyderabad,Odisha,6,1
3813296,Indian Super league,2021/2022,2021-11-25,NorthEast United,Kerala Blasters,0,0
3813282,Indian Super league,2021/2022,2021-12-19,Mumbai City,Kerala Blasters,0,3
3813269,Indian Super league,2021/2022,2021-12-14,Odisha,Jamshedpur,0,4
3817879,Indian Super league,2021/2022,2022-01-13,Chennaiyin,Hyderabad,1,1
3817874,Indian Super league,2021/2022,2022-01-23,Bengaluru,Goa,1,1
3817865,Indian Super league,2021/2022,2022-01-18,NorthEast United,Odisha,0,2
3817860,Indian Super league,2021/2022,2022-01-27,Odisha,Hyderabad,2,3
3817853,Indian Super league,2021/2022,2022-01-19,Goa,East Bengal,1,2
3817851,Indian Super league,2021/2022,2022-01-12,Odisha,Kerala Blasters,0,2
3817850,Indian Super league,2021/2022,2022-01-11,Jamshedpur,East Bengal,1,0
3817849,Indian Super league,2021/2022,2022-01-10,Mumbai City,Bengaluru,0,3
3817848,Indian Super league,2021/2022,2022-02-15,Goa,ATK Mohun Bagan,0,2
3813318,Indian Super league,2021/2022,2021-12-27,NorthEast United,Mumbai City,3,3
3813287,Indian Super league,2021/2022,2021-12-16,Bengaluru,ATK Mohun Bagan,3,3
3813270,Indian Super league,2021/2022,2021-11-22,Mumbai City,Goa,3,0
3813307,Indian Super league,2021/2022,2021-12-20,Jamshedpur,Bengaluru,0,0
3813279,Indian Super league,2021/2022,2021-12-18,Chennaiyin,Odisha,2,1
3813281,Indian Super league,2021/2022,2021-12-11,ATK Mohun Bagan,Chennaiyin,1,1
3813274,Indian Super league,2021/2022,2021-12-04,Bengaluru,Mumbai City,1,3
3813285,Indian Super league,2021/2022,2021-12-11,Goa,Bengaluru,2,1
3813317,Indian Super league,2021/2022,2021-11-30,Odisha,East Bengal,6,4
3813316,Indian Super league,2021/2022,2021-12-04,NorthEast United,Goa,2,1
3813315,Indian Super league,2021/2022,2021-11-26,Goa,Jamshedpur,1,3
3813314,Indian Super league,2021/2022,2021-11-19,ATK Mohun Bagan,Kerala Blasters,4,2
3813312,Indian Super league,2021/2022,2021-12-01,ATK Mohun Bagan,Mumbai City,1,5
3813310,Indian Super league,2021/2022,2021-12-12,East Bengal,Kerala Blasters,1,1
3813309,Indian Super league,2021/2022,2021-11-23,Hyderabad,Chennaiyin,0,1
3813308,Indian Super league,2021/2022,2021-12-24,Odisha,Goa,1,1
3813301,Indian Super league,2021/2022,2021-12-10,Odisha,NorthEast United,1,0
3813300,Indian Super league,2021/2022,2021-12-05,Kerala Blasters,Odisha,2,1
3813299,Indian Super league,2021/2022,2021-12-08,Hyderabad,Bengaluru,1,0
3813298,Indian Super league,2021/2022,2021-11-21,East Bengal,Jamshedpur,1,1
3813297,Indian Super league,2021/2022,2021-11-20,Bengaluru,NorthEast United,4,2
3813294,Indian Super league,2021/2022,2021-11-29,NorthEast United,Chennaiyin,1,2
3813293,Indian Super league,2021/2022,2022-01-04,Bengaluru,East Bengal,1,1
3813292,Indian Super league,2021/2022,2021-11-28,Bengaluru,Kerala Blasters,1,1
3813291,Indian Super league,2021/2022,2021-11-27,East Bengal,ATK Mohun Bagan,0,3
3813290,Indian Super league,2021/2022,2021-12-13,Hyderabad,NorthEast United,5,1
3813289,Indian Super league,2021/2022,2021-11-24,Odisha,Bengaluru,3,1
3813288,Indian Super league,2021/2022,2021-12-02,Jamshedpur,Hyderabad,1,1
3813286,Indian Super league,2021/2022,2021-12-15,Mumbai City,Chennaiyin,1,0
3813284,Indian Super league,2021/2022,2021-12-09,Mumbai City,Jamshedpur,4,2
3813280,Indian Super league,2021/2022,2021-12-03,Chennaiyin,East Bengal,0,0
3813277,Indian Super league,2021/2022,2021-11-27,Mumbai City,Hyderabad,1,3
3813276,Indian Super league,2021/2022,2021-12-17,NorthEast United,East Bengal,2,0
3813273,Indian Super league,2021/2022,2022-01-03,Odisha,Mumbai City,4,2
3813272,Indian Super league,2021/2022,2021-12-18,Goa,Hyderabad,1,1
3813268,Indian Super league,2021/2022,2021-12-06,Jamshedpur,ATK Mohun Bagan,2,1
3813267,Indian Super league,2021/2022,2021-12-07,East Bengal,Goa,3,4
3813265,Indian Super league,2021/2022,2022-01-07,East Bengal,Mumbai City,0,0
3813264,Indian Super league,2021/2022,2022-01-05,ATK Mohun Bagan,Hyderabad,2,2
3773386,La Liga,2020/2021,2020-10-31,Deportivo Alavés,Barcelona,1,1
3773565,La Liga,2020/2021,2021-01-09,Granada,Barcelona,0,4
3773457,La Liga,2020/2021,2021-05-16,Barcelona,Celta Vigo,1,2
3773631,La Liga,2020/2021,2021-02-07,Real Betis,Barcelona,2,3
3773665,La Liga,2020/2021,2021-03-06,Osasuna,Barcelona,0,2
3773497,La Liga,2020/2021,2021-04-10,Real Madrid,Barcelona,2,1
3773660,La Liga,2020/2021,2020-12-13,Barcelona,Levante UD,1,0
3773593,La Liga,2020/2021,2020-09-27,Barcelona,Villarreal,4,0
3773466,La Liga,2020/2021,2020-10-01,Celta Vigo,Barcelona,0,3
3773585,La Liga,2020/2021,2020-10-24,Barcelona,Real Madrid,1,3
3773552,La Liga,2020/2021,2021-01-03,Huesca,Barcelona,0,1
3773672,La Liga,2020/2021,2020-10-04,Barcelona,Sevilla,1,1
3773587,La Liga,2020/2021,2020-10-17,Getafe,Barcelona,1,0
3773656,La Liga,2020/2021,2020-11-21,Atlético Madrid,Barcelona,1,0
3773377,La Liga,2020/2021,2020-12-19,Barcelona,Valencia,2,2
3773586,La Liga,2020/2021,2021-04-29,Barcelona,Granada,1,2
3773372,La Liga,2020/2021,2021-05-08,Barcelona,Atlético Madrid,0,0
3773387,La Liga,2020/2021,2021-05-11,Levante UD,Barcelona,3,3
3773695,La Liga,2020/2021,2021-05-02,Valencia,Barcelona,2,3
3773369,La Liga,2020/2021,2021-03-15,Barcelona,Huesca,4,1
3773661,La Liga,2020/2021,2021-04-22,Barcelona,Getafe,5,2
3773597,La Liga,2020/2021,2021-03-21,Real Sociedad,Barcelona,1,6
3773523,La Liga,2020/2021,2020-12-16,Barcelona,Real Sociedad,2,1
3773571,La Liga,2020/2021,2020-12-22,Real Valladolid,Barcelona,0,3
3773428,La Liga,2020/2021,2020-12-05,Cádiz,Barcelona,2,1
3764661,La Liga,2020/2021,2021-01-06,Athletic Club,Barcelona,2,3
3773526,La Liga,2020/2021,2021-02-13,Barcelona,Deportivo Alavés,5,1
3773474,La Liga,2020/2021,2021-04-05,Barcelona,Real Valladolid,1,0
3773625,La Liga,2020/2021,2021-02-27,Sevilla,Barcelona,0,2
3773403,La Liga,2020/2021,2021-01-31,Barcelona,Athletic Club,2,1
3773547,La Liga,2020/2021,2020-11-29,Barcelona,Osasuna,4,0
3773415,La Liga,2020/2021,2021-02-21,Barcelona,Cádiz,1,1
3764440,La Liga,2020/2021,2021-02-24,Barcelona,Elche,3,0
3773689,La Liga,2020/2021,2021-04-25,Villarreal,Barcelona,1,2
3773477,La Liga,2020/2021,2020-11-07,Barcelona,Real Betis,5,2
303731,La Liga,2019/2020,2020-02-22,Barcelona,Eibar,5,0
303532,La Liga,2019/2020,2020-06-16,Barcelona,Leganés,2,0
303516,La Liga,2019/2020,2020-06-27,Celta Vigo,Barcelona,2,2
303596,La Liga,2019/2020,2019-12-18,Barcelona,Real Madrid,0,0
303430,La Liga,2019/2020,2019-09-24,Barcelona,Villarreal,2,1
303725,La Liga,2019/2020,2020-07-05,Villarreal,Barcelona,1,4
303504,La Liga,2019/2020,2019-11-02,Levante UD,Barcelona,3,1
303451,La Liga,2019/2020,2019-12-07,Barcelona,Mallorca,5,2
303664,La Liga,2019/2020,2019-12-14,Real Sociedad,Barcelona,2,2
303682,La Liga,2019/2020,2020-02-02,Barcelona,Levante UD,2,1
303400,La Liga,2019/2020,2020-01-25,Valencia,Barcelona,2,0
303634,La Liga,2019/2020,2020-07-16,Barcelona,Osasuna,1,2
303421,La Liga,2019/2020,2020-07-19,Deportivo Alavés,Barcelona,0,5
303493,La Liga,2019/2020,2020-06-23,Barcelona,Athletic Club,1,0
303680,La Liga,2019/2020,2020-07-11,Real Valladolid,Barcelona,0,1
303479,La Liga,2019/2020,2020-03-07,Barcelona,Real Sociedad,1,0
303615,La Liga,2019/2020,2020-07-08,Barcelona,Espanyol,1,0
303696,La Liga,2019/2020,2020-06-30,Barcelona,Atlético Madrid,2,2
303487,La Liga,2019/2020,2019-11-09,Barcelona,Celta Vigo,4,1
303600,La Liga,2019/2020,2019-10-29,Barcelona,Real Valladolid,5,1
303548,La Liga,2019/2020,2020-06-13,Mallorca,Barcelona,0,4
303652,La Liga,2019/2020,2020-01-04,Espanyol,Barcelona,2,2
303674,La Liga,2019/2020,2020-06-19,Sevilla,Barcelona,0,0
303470,La Liga,2019/2020,2020-03-01,Real Madrid,Barcelona,2,0
303700,La Liga,2019/2020,2019-10-19,Eibar,Barcelona,0,3
303707,La Liga,2019/2020,2020-02-09,Real Betis,Barcelona,2,3
303666,La Liga,2019/2020,2019-09-21,Granada,Barcelona,2,0
303715,La Liga,2019/2020,2019-11-23,Leganés,Barcelona,1,2
303377,La Liga,2019/2020,2020-02-15,Barcelona,Getafe,2,1
303524,La Liga,2019/2020,2019-12-01,Atlético Madrid,Barcelona,0,1
303517,La Liga,2019/2020,2019-12-21,Barcelona,Deportivo Alavés,4,1
303610,La Liga,2019/2020,2020-01-19,Barcelona,Granada,1,0
303473,La Liga,2019/2020,2019-10-06,Barcelona,Sevilla,4,0
15978,La Liga,2018/2019,2018-09-15,Real Sociedad,Barcelona,1,2
15998,La Liga,2018/2019,2018-09-26,Leganés,Barcelona,2,1
16029,La Liga,2018/2019,2018-10-20,Barcelona,Sevilla,4,2
16073,La Liga,2018/2019,2018-11-24,Atlético Madrid,Barcelona,1,1
16086,La Liga,2018/2019,2018-12-08,Espanyol,Barcelona,0,4
16190,La Liga,2018/2019,2019-02-23,Sevilla,Barcelona,2,4
16109,La Liga,2018/2019,2018-12-22,Barcelona,Celta Vigo,2,0
16120,La Liga,2018/2019,2019-01-06,Getafe,Barcelona,1,2
16182,La Liga,2018/2019,2019-02-16,Barcelona,Real Valladolid,1,0
16215,La Liga,2018/2019,2019-03-17,Real Betis,Barcelona,1,4
16173,La Liga,2018/2019,2019-02-10,Athletic Club,Barcelona,0,0
16265,La Liga,2018/2019,2019-04-20,Barcelona,Real Sociedad,2,1
15946,La Liga,2018/2019,2018-08-18,Barcelona,Deportivo Alavés,3,0
16157,La Liga,2018/2019,2019-02-02,Barcelona,Valencia,2,2
16136,La Liga,2018/2019,2019-01-20,Barcelona,Leganés,3,1
16248,La Liga,2018/2019,2019-04-06,Barcelona,Atlético Madrid,2,0
16056,La Liga,2018/2019,2018-11-11,Barcelona,Real Betis,3,4
16289,La Liga,2018/2019,2019-04-27,Barcelona,Levante UD,1,0
16079,La Liga,2018/2019,2018-12-02,Barcelona,Villarreal,2,0
16149,La Liga,2018/2019,2019-01-27,Girona,Barcelona,0,2
16275,La Liga,2018/2019,2019-04-23,Deportivo Alavés,Barcelona,0,2
15973,La Liga,2018/2019,2018-09-02,Barcelona,Huesca,8,2
16317,La Liga,2018/2019,2019-05-19,Eibar,Barcelona,2,2
16131,La Liga,2018/2019,2019-01-13,Barcelona,Eibar,3,0
16205,La Liga,2018/2019,2019-03-09,Barcelona,Rayo Vallecano,3,1
16095,La Liga,2018/2019,2018-12-16,Levante UD,Barcelona,0,5
16306,La Liga,2018/2019,2019-05-12,Barcelona,Getafe,2,0
16010,La Liga,2018/2019,2018-09-29,Barcelona,Athletic Club,1,1
15986,La Liga,2018/2019,2018-09-23,Barcelona,Girona,2,2
16240,La Liga,2018/2019,2019-04-02,Villarreal,Barcelona,4,4
16023,La Liga,2018/2019,2018-10-07,Valencia,Barcelona,1,1
16196,La Liga,2018/2019,2019-03-02,Real Madrid,Barcelona,0,1
15956,La Liga,2018/2019,2018-08-25,Real Valladolid,Barcelona,0,1
16231,La Liga,2018/2019,2019-03-30,Barcelona,Espanyol,2,0
9880,La Liga,2017/2018,2018-04-14,Barcelona,Valencia,2,1
9912,La Liga,2017/2018,2018-04-29,RC Deportivo La Coruña,Barcelona,2,4
9924,La Liga,2017/2018,2018-05-06,Barcelona,Real Madrid,2,2
9855,La Liga,2017/2018,2018-03-18,Barcelona,Athletic Club,2,0
9827,La Liga,2017/2018,2018-03-01,Las Palmas,Barcelona,1,1
9799,La Liga,2017/2018,2018-02-17,Eibar,Barcelona,0,2
9636,La Liga,2017/2018,2017-10-01,Barcelona,Las Palmas,3,0
9609,La Liga,2017/2018,2017-09-19,Barcelona,Eibar,6,1
9575,La Liga,2017/2018,2017-08-20,Barcelona,Real Betis,2,0
9928,La Liga,2017/2018,2018-05-09,Barcelona,Villarreal,5,1
9736,La Liga,2017/2018,2017-12-23,Real Madrid,Barcelona,0,3
9742,La Liga,2017/2018,2018-01-07,Barcelona,Levante UD,3,0
9765,La Liga,2017/2018,2018-01-21,Real Betis,Barcelona,0,5
9661,La Liga,2017/2018,2017-10-28,Athletic Club,Barcelona,0,2
9592,La Liga,2017/2018,2017-09-09,Barcelona,Espanyol,5,0
9870,La Liga,2017/2018,2018-04-07,Barcelona,Leganés,3,1
9783,La Liga,2017/2018,2018-02-04,Espanyol,Barcelona,1,1
9700,La Liga,2017/2018,2017-12-02,Barcelona,Celta Vigo,2,2
9860,La Liga,2017/2018,2018-03-31,Sevilla,Barcelona,2,2
9695,La Liga,2017/2018,2017-11-26,Valencia,Barcelona,1,1
9794,La Liga,2017/2018,2018-02-11,Barcelona,Getafe,0,0
9717,La Liga,2017/2018,2017-12-10,Villarreal,Barcelona,0,2
9673,La Liga,2017/2018,2017-11-04,Barcelona,Sevilla,2,1
9650,La Liga,2017/2018,2017-10-21,Barcelona,Málaga,2,0
9620,La Liga,2017/2018,2017-09-23,Girona,Barcelona,0,3
9837,La Liga,2017/2018,2018-03-04,Barcelona,Atlético Madrid,1,0
9811,La Liga,2017/2018,2018-02-24,Barcelona,Girona,6,1
9642,La Liga,2017/2018,2017-10-14,Atlético Madrid,Barcelona,1,1
9774,La Liga,2017/2018,2018-01-28,Barcelona,Deportivo Alavés,2,1
9602,La Liga,2017/2018,2017-09-16,Getafe,Barcelona,1,2
9948,La Liga,2017/2018,2018-05-20,Barcelona,Real Sociedad,1,0
9682,La Liga,2017/2018,2017-11-18,Leganés,Barcelona,0,3
9581,La Liga,2017/2018,2017-08-26,Deportivo Alavés,Barcelona,0,2
9726,La Liga,2017/2018,2017-12-17,Barcelona,RC Deportivo La Coruña,4,0
9754,La Liga,2017/2018,2018-01-14,Real Sociedad,Barcelona,2,4
9889,La Liga,2017/2018,2018-04-17,Celta Vigo,Barcelona,2,2
266989,La Liga,2016/2017,2016-11-06,Sevilla,Barcelona,1,2
266357,La Liga,2016/2017,2016-12-10,Osasuna,Barcelona,0,3
267569,La Liga,2016/2017,2017-04-23,Real Madrid,Barcelona,2,3
267212,La Liga,2016/2017,2016-09-17,Leganés,Barcelona,1,5
266669,La Liga,2016/2017,2016-09-10,Barcelona,Deportivo Alavés,1,2
266892,La Liga,2016/2017,2016-08-28,Athletic Club,Barcelona,0,1
267220,La Liga,2016/2017,2016-09-21,Barcelona,Atlético Madrid,1,1
267670,La Liga,2016/2017,2016-08-20,Barcelona,Real Betis,6,2
266516,La Liga,2016/2017,2017-01-29,Real Betis,Barcelona,1,1
267039,La Liga,2016/2017,2017-05-14,Las Palmas,Barcelona,1,4
266477,La Liga,2016/2017,2017-01-08,Villarreal,Barcelona,1,1
267101,La Liga,2016/2017,2017-04-26,Barcelona,Osasuna,7,1
266440,La Liga,2016/2017,2017-03-19,Barcelona,Valencia,4,2
266033,La Liga,2016/2017,2016-10-22,Valencia,Barcelona,2,3
267660,La Liga,2016/2017,2017-03-12,RC Deportivo La Coruña,Barcelona,2,1
266273,La Liga,2016/2017,2017-02-11,Deportivo Alavés,Barcelona,0,6
267395,La Liga,2016/2017,2017-01-14,Barcelona,Las Palmas,5,0
266874,La Liga,2016/2017,2017-02-04,Barcelona,Athletic Club,3,0
266731,La Liga,2016/2017,2017-01-22,Eibar,Barcelona,0,4
266528,La Liga,2016/2017,2016-12-18,Barcelona,Espanyol,4,1
266280,La Liga,2016/2017,2017-04-05,Barcelona,Sevilla,3,0
267432,La Liga,2016/2017,2017-05-21,Barcelona,Eibar,4,2
267076,La Liga,2016/2017,2016-12-03,Barcelona,Real Madrid,1,1
267590,La Liga,2016/2017,2017-04-08,Málaga,Barcelona,2,0
267373,La Liga,2016/2017,2017-04-15,Barcelona,Real Sociedad,3,2
267077,La Liga,2016/2017,2017-04-29,Espanyol,Barcelona,0,3
266952,La Liga,2016/2017,2017-05-06,Barcelona,Villarreal,4,1
267464,La Liga,2016/2017,2017-02-26,Atlético Madrid,Barcelona,1,2
266299,La Liga,2016/2017,2017-03-04,Barcelona,Celta Vigo,5,0
266191,La Liga,2016/2017,2016-11-27,Real Sociedad,Barcelona,1,1
265952,La Liga,2016/2017,2017-03-01,Barcelona,Sporting Gijón,6,1
267492,La Liga,2016/2017,2016-10-15,Barcelona,RC Deportivo La Coruña,4,0
267596,La Liga,2016/2017,2017-02-19,Barcelona,Leganés,2,1
267058,La Liga,2016/2017,2016-10-29,Barcelona,Granada,1,0
3825848,La Liga,2015/2016,2015-09-23,Levante UD,Eibar,2,2
3825895,La Liga,2015/2016,2015-09-23,Las Palmas,Sevilla,2,0
3825894,La Liga,2015/2016,2016-05-01,RC Deportivo La Coruña,Getafe,0,2
3825855,La Liga,2015/2016,2016-05-02,Málaga,Levante UD,3,1
3825908,La Liga,2015/2016,2016-05-15,Espanyol,Eibar,4,2
3825883,La Liga,2015/2016,2016-05-15,Málaga,Las Palmas,4,1
3825900,La Liga,2015/2016,2016-05-15,Sporting Gijón,Villarreal,2,0
3825902,La Liga,2015/2016,2016-05-15,Rayo Vallecano,Levante UD,3,1
3825876,La Liga,2015/2016,2016-05-15,Real Betis,Getafe,2,1
3825846,La Liga,2015/2016,2016-05-14,RC Deportivo La Coruña,Real Madrid,0,2
3825869,La Liga,2015/2016,2016-05-14,Athletic Club,Sevilla,3,1
3825882,La Liga,2015/2016,2016-05-14,Atlético Madrid,Celta Vigo,2,0
3825849,La Liga,2015/2016,2016-05-13,Valencia,Real Sociedad,0,1
3825860,La Liga,2015/2016,2016-05-08,Levante UD,Atlético Madrid,2,1
3825847,La Liga,2015/2016,2016-04-23,Eibar,RC Deportivo La Coruña,1,1
3825817,La Liga,2015/2016,2016-03-18,Getafe,Eibar,1,1
3825778,La Liga,2015/2016,2016-02-20,Real Betis,Sporting Gijón,1,1
3825777,La Liga,2015/2016,2016-02-19,Levante UD,Getafe,3,0
3825740,La Liga,2015/2016,2016-01-18,Eibar,Granada,5,1
3825875,La Liga,2015/2016,2016-04-24,Villarreal,Real Sociedad,0,0
3825884,La Liga,2015/2016,2016-04-24,Sevilla,Real Betis,2,0
3825842,La Liga,2015/2016,2016-04-24,Levante UD,Athletic Club,2,2
3825890,La Liga,2015/2016,2016-04-23,Atlético Madrid,Málaga,1,0
3825871,La Liga,2015/2016,2016-04-22,Las Palmas,Espanyol,4,0
3825896,La Liga,2015/2016,2016-04-21,Granada,Levante UD,5,1
3825841,La Liga,2015/2016,2016-04-21,Real Sociedad,Getafe,1,2
3825843,La Liga,2015/2016,2016-04-20,Málaga,Rayo Vallecano,1,1
3825839,La Liga,2015/2016,2016-04-20,Sporting Gijón,Sevilla,2,1
3825838,La Liga,2015/2016,2016-04-20,Athletic Club,Atlético Madrid,0,1
3825840,La Liga,2015/2016,2016-04-20,Valencia,Eibar,4,0
3825837,La Liga,2015/2016,2016-04-19,Real Betis,Las Palmas,1,0
3825836,La Liga,2015/2016,2016-04-17,Rayo Vallecano,Villarreal,2,1
3825835,La Liga,2015/2016,2016-04-17,Málaga,Athletic Club,0,1
3825834,La Liga,2015/2016,2016-04-17,Atlético Madrid,Granada,3,0
3825906,La Liga,2015/2016,2016-04-17,Sevilla,RC Deportivo La Coruña,1,1
3825897,La Liga,2015/2016,2016-04-16,Eibar,Real Sociedad,2,1
3825889,La Liga,2015/2016,2016-04-16,Celta Vigo,Real Betis,1,1
3825833,La Liga,2015/2016,2016-04-16,Getafe,Real Madrid,1,5
3825857,La Liga,2015/2016,2016-04-15,Levante UD,Espanyol,2,1
3825863,La Liga,2015/2016,2016-04-11,RC Deportivo La Coruña,Las Palmas,1,3
3825829,La Liga,2015/2016,2016-04-10,Athletic Club,Rayo Vallecano,1,0
3825830,La Liga,2015/2016,2016-04-10,Villarreal,Getafe,2,0
3825832,La Liga,2015/2016,2016-04-10,Sporting Gijón,Celta Vigo,0,1
3825831,La Liga,2015/2016,2016-04-10,Valencia,Sevilla,2,1
3825828,La Liga,2015/2016,2016-04-09,Espanyol,Atlético Madrid,1,3
3825827,La Liga,2015/2016,2016-04-09,Real Betis,Levante UD,1,0
3825826,La Liga,2015/2016,2016-04-08,Granada,Málaga,0,0
3825825,La Liga,2015/2016,2016-04-04,Levante UD,Sporting Gijón,0,0
3825824,La Liga,2015/2016,2016-04-03,Eibar,Villarreal,1,2
3825823,La Liga,2015/2016,2016-04-03,Sevilla,Real Sociedad,1,2
3825905,La Liga,2015/2016,2016-04-03,Málaga,Espanyol,1,1
3825822,La Liga,2015/2016,2016-04-02,Las Palmas,Valencia,2,1
3825821,La Liga,2015/2016,2016-03-20,Espanyol,Athletic Club,2,1
3825820,La Liga,2015/2016,2016-03-20,Real Madrid,Sevilla,4,0
3825819,La Liga,2015/2016,2016-03-20,Valencia,Celta Vigo,0,2
3825818,La Liga,2015/2016,2016-03-19,Real Sociedad,Las Palmas,0,1
3825887,La Liga,2015/2016,2016-03-19,Granada,Rayo Vallecano,2,2
3825907,La Liga,2015/2016,2016-03-19,Sporting Gijón,Atlético Madrid,2,1
3825903,La Liga,2015/2016,2016-03-19,Real Betis,Málaga,0,1
3825816,La Liga,2015/2016,2016-03-13,Sevilla,Villarreal,4,2
3825815,La Liga,2015/2016,2016-03-13,Levante UD,Valencia,1,0
3825858,La Liga,2015/2016,2016-03-12,Rayo Vallecano,Eibar,1,1
3825813,La Liga,2015/2016,2016-03-12,Atlético Madrid,RC Deportivo La Coruña,3,0
3825814,La Liga,2015/2016,2016-03-12,Celta Vigo,Real Sociedad,1,0
3825812,La Liga,2015/2016,2016-03-11,Málaga,Sporting Gijón,1,0
3825811,La Liga,2015/2016,2016-03-07,Espanyol,Rayo Vallecano,2,1
3825807,La Liga,2015/2016,2016-03-06,Valencia,Atlético Madrid,1,3
3825809,La Liga,2015/2016,2016-03-06,Real Betis,Granada,2,0
3825810,La Liga,2015/2016,2016-03-06,Real Sociedad,Levante UD,1,1
3825808,La Liga,2015/2016,2016-03-06,Sporting Gijón,Athletic Club,0,2
3825804,La Liga,2015/2016,2016-03-05,RC Deportivo La Coruña,Málaga,3,3
3825867,La Liga,2015/2016,2016-03-05,Getafe,Sevilla,1,1
3825805,La Liga,2015/2016,2016-03-05,Villarreal,Las Palmas,0,1
3825784,La Liga,2015/2016,2016-02-21,Atlético Madrid,Villarreal,0,0
3825782,La Liga,2015/2016,2016-02-21,Granada,Valencia,1,2
3825757,La Liga,2015/2016,2016-01-31,Real Madrid,Espanyol,6,0
3825641,La Liga,2015/2016,2015-10-26,Athletic Club,Sporting Gijón,3,0
3825803,La Liga,2015/2016,2016-03-03,Granada,Sporting Gijón,2,0
3825800,La Liga,2015/2016,2016-03-02,Celta Vigo,Villarreal,0,0
3825801,La Liga,2015/2016,2016-03-02,Sevilla,Eibar,1,0
3825799,La Liga,2015/2016,2016-03-02,Málaga,Valencia,1,2
3825797,La Liga,2015/2016,2016-03-02,Athletic Club,RC Deportivo La Coruña,4,1
3825798,La Liga,2015/2016,2016-03-02,Levante UD,Real Madrid,1,3
3825796,La Liga,2015/2016,2016-03-01,Las Palmas,Getafe,4,0
3825795,La Liga,2015/2016,2016-03-01,Atlético Madrid,Real Sociedad,3,0
3825793,La Liga,2015/2016,2016-02-28,Valencia,Athletic Club,0,3
3825792,La Liga,2015/2016,2016-02-28,RC Deportivo La Coruña,Granada,0,1
3825794,La Liga,2015/2016,2016-02-28,Villarreal,Levante UD,3,0
3825788,La Liga,2015/2016,2016-02-27,Getafe,Celta Vigo,0,1
3825791,La Liga,2015/2016,2016-02-27,Real Betis,Rayo Vallecano,2,2
3825790,La Liga,2015/2016,2016-02-27,Sporting Gijón,Espanyol,2,4
3825787,La Liga,2015/2016,2016-02-27,Real Madrid,Atlético Madrid,0,1
3825789,La Liga,2015/2016,2016-02-27,Real Sociedad,Málaga,1,1
3825786,La Liga,2015/2016,2016-02-26,Eibar,Las Palmas,0,1
3825781,La Liga,2015/2016,2016-02-21,Rayo Vallecano,Sevilla,2,2
3825785,La Liga,2015/2016,2016-02-21,Málaga,Real Madrid,1,1
3825783,La Liga,2015/2016,2016-02-21,Athletic Club,Real Sociedad,0,1
3825780,La Liga,2015/2016,2016-02-20,Espanyol,RC Deportivo La Coruña,1,0
3825779,La Liga,2015/2016,2016-02-20,Celta Vigo,Eibar,3,2
3825773,La Liga,2015/2016,2016-02-14,Eibar,Levante UD,2,0
3825776,La Liga,2015/2016,2016-02-14,Sevilla,Las Palmas,2,0
3825775,La Liga,2015/2016,2016-02-14,Real Sociedad,Granada,3,0
3825769,La Liga,2015/2016,2016-02-13,Villarreal,Málaga,1,0
3825770,La Liga,2015/2016,2016-02-13,Real Madrid,Athletic Club,4,2
3825768,La Liga,2015/2016,2016-02-12,Sporting Gijón,Rayo Vallecano,2,2
3825736,La Liga,2015/2016,2016-01-17,Valencia,Rayo Vallecano,2,2
3825731,La Liga,2015/2016,2016-01-10,Las Palmas,Málaga,1,1
3825685,La Liga,2015/2016,2015-12-06,Sporting Gijón,Las Palmas,3,1
3825678,La Liga,2015/2016,2015-11-29,Eibar,Real Madrid,0,2
3825643,La Liga,2015/2016,2015-10-31,Real Madrid,Las Palmas,3,1
3825642,La Liga,2015/2016,2015-10-30,RC Deportivo La Coruña,Atlético Madrid,1,1
3825638,La Liga,2015/2016,2015-10-25,Atlético Madrid,Valencia,2,1
3825614,La Liga,2015/2016,2015-10-03,Granada,RC Deportivo La Coruña,1,1
3825612,La Liga,2015/2016,2015-09-27,Getafe,Levante UD,3,0
3825607,La Liga,2015/2016,2015-09-26,Villarreal,Atlético Madrid,1,0
3825595,La Liga,2015/2016,2015-09-20,Villarreal,Athletic Club,3,1
3825579,La Liga,2015/2016,2015-08-30,Sevilla,Atlético Madrid,0,3
3825572,La Liga,2015/2016,2015-08-29,Real Madrid,Real Betis,5,0
3825774,La Liga,2015/2016,2016-02-14,Getafe,Atlético Madrid,0,1
3825772,La Liga,2015/2016,2016-02-13,Valencia,Espanyol,2,1
3825771,La Liga,2015/2016,2016-02-13,RC Deportivo La Coruña,Real Betis,2,2
3825767,La Liga,2015/2016,2016-02-08,Espanyol,Real Sociedad,0,5
3825706,La Liga,2015/2016,2015-12-30,Celta Vigo,Athletic Club,0,1
3825712,La Liga,2015/2016,2015-12-30,Getafe,RC Deportivo La Coruña,0,0
3825708,La Liga,2015/2016,2015-12-30,Levante UD,Málaga,0,1
3825707,La Liga,2015/2016,2015-12-30,Las Palmas,Granada,4,1
3825705,La Liga,2015/2016,2015-12-30,Eibar,Sporting Gijón,2,0
3825711,La Liga,2015/2016,2015-12-30,Rayo Vallecano,Atlético Madrid,0,2
3825703,La Liga,2015/2016,2015-12-20,Athletic Club,Levante UD,2,0
3825700,La Liga,2015/2016,2015-12-20,Real Madrid,Rayo Vallecano,10,2
3825701,La Liga,2015/2016,2015-12-20,Málaga,Atlético Madrid,1,0
3825702,La Liga,2015/2016,2015-12-20,Real Sociedad,Villarreal,0,2
3825704,La Liga,2015/2016,2015-12-20,Granada,Celta Vigo,0,2
3825891,La Liga,2015/2016,2015-12-19,Espanyol,Las Palmas,1,0
3825699,La Liga,2015/2016,2015-12-19,Real Betis,Sevilla,0,0
3825697,La Liga,2015/2016,2015-12-19,Valencia,Getafe,2,2
3825698,La Liga,2015/2016,2015-12-19,RC Deportivo La Coruña,Eibar,2,0
3825694,La Liga,2015/2016,2015-12-13,Eibar,Valencia,1,1
3825693,La Liga,2015/2016,2015-12-13,Atlético Madrid,Athletic Club,2,1
3825696,La Liga,2015/2016,2015-12-13,Rayo Vallecano,Málaga,1,2
3825695,La Liga,2015/2016,2015-12-13,Villarreal,Real Madrid,1,0
3825689,La Liga,2015/2016,2015-12-12,Celta Vigo,Espanyol,1,0
3825690,La Liga,2015/2016,2015-12-12,Las Palmas,Real Betis,1,0
3825692,La Liga,2015/2016,2015-12-12,Sevilla,Sporting Gijón,2,0
3825691,La Liga,2015/2016,2015-12-12,Levante UD,Granada,1,2
3825688,La Liga,2015/2016,2015-12-11,Getafe,Real Sociedad,1,1
3825687,La Liga,2015/2016,2015-12-07,Espanyol,Levante UD,1,1
3825683,La Liga,2015/2016,2015-12-06,Real Sociedad,Eibar,2,1
3825686,La Liga,2015/2016,2015-12-06,Athletic Club,Málaga,0,0
3825684,La Liga,2015/2016,2015-12-06,Villarreal,Rayo Vallecano,2,1
3825681,La Liga,2015/2016,2015-12-05,Real Madrid,Getafe,4,1
3825682,La Liga,2015/2016,2015-12-05,Granada,Atlético Madrid,0,2
3825680,La Liga,2015/2016,2015-12-05,RC Deportivo La Coruña,Sevilla,1,1
3825677,La Liga,2015/2016,2015-11-29,Sevilla,Valencia,1,0
3825675,La Liga,2015/2016,2015-11-29,Rayo Vallecano,Athletic Club,0,3
3825676,La Liga,2015/2016,2015-11-29,Getafe,Villarreal,2,0
3825674,La Liga,2015/2016,2015-11-28,Atlético Madrid,Espanyol,1,0
3825673,La Liga,2015/2016,2015-11-28,Las Palmas,RC Deportivo La Coruña,0,2
3825671,La Liga,2015/2016,2015-11-28,Celta Vigo,Sporting Gijón,2,1
3825672,La Liga,2015/2016,2015-11-28,Málaga,Granada,2,2
3825670,La Liga,2015/2016,2015-11-27,Levante UD,Real Betis,0,1
3825669,La Liga,2015/2016,2015-11-23,Getafe,Rayo Vallecano,1,1
3825668,La Liga,2015/2016,2015-11-22,Sporting Gijón,Levante UD,0,3
3825666,La Liga,2015/2016,2015-11-22,Real Betis,Atlético Madrid,0,1
3825665,La Liga,2015/2016,2015-11-22,Granada,Athletic Club,2,0
3825667,La Liga,2015/2016,2015-11-22,Villarreal,Eibar,1,1
3825664,La Liga,2015/2016,2015-11-21,Real Sociedad,Sevilla,2,0
3825662,La Liga,2015/2016,2015-11-21,RC Deportivo La Coruña,Celta Vigo,2,0
3825888,La Liga,2015/2016,2015-11-21,Valencia,Las Palmas,1,1
3825663,La Liga,2015/2016,2015-11-21,Espanyol,Málaga,2,0
3825659,La Liga,2015/2016,2015-11-08,Athletic Club,Espanyol,2,1
3825658,La Liga,2015/2016,2015-11-08,Atlético Madrid,Sporting Gijón,1,0
3825660,La Liga,2015/2016,2015-11-08,Barcelona,Villarreal,3,0
3825661,La Liga,2015/2016,2015-11-08,Sevilla,Real Madrid,3,2
3825656,La Liga,2015/2016,2015-11-07,Levante UD,RC Deportivo La Coruña,1,1
3825657,La Liga,2015/2016,2015-11-07,Málaga,Real Betis,0,1
3825652,La Liga,2015/2016,2015-11-06,Las Palmas,Real Sociedad,2,0
3825623,La Liga,2015/2016,2015-10-17,Valencia,Málaga,3,0
3825626,La Liga,2015/2016,2015-10-17,Real Betis,Espanyol,1,3
3825616,La Liga,2015/2016,2015-10-03,Málaga,Real Sociedad,3,1
3825608,La Liga,2015/2016,2015-09-26,Eibar,Celta Vigo,1,1
3825601,La Liga,2015/2016,2015-09-23,Rayo Vallecano,Sporting Gijón,2,1
3825899,La Liga,2015/2016,2016-04-24,Getafe,Valencia,2,2
3825852,La Liga,2015/2016,2016-04-16,Las Palmas,Sporting Gijón,1,1
3825647,La Liga,2015/2016,2015-10-31,Valencia,Levante UD,3,0
3825637,La Liga,2015/2016,2015-10-25,Barcelona,Eibar,3,1
3825628,La Liga,2015/2016,2015-10-18,Getafe,Las Palmas,4,0
3825619,La Liga,2015/2016,2015-10-04,Levante UD,Villarreal,1,0
3825618,La Liga,2015/2016,2015-10-03,Las Palmas,Eibar,0,2
3825611,La Liga,2015/2016,2015-09-27,RC Deportivo La Coruña,Espanyol,3,0
3825609,La Liga,2015/2016,2015-09-27,Real Sociedad,Athletic Club,0,0
3825598,La Liga,2015/2016,2015-09-22,Atlético Madrid,Getafe,2,0
3825584,La Liga,2015/2016,2015-09-13,Granada,Villarreal,1,3
3825570,La Liga,2015/2016,2015-08-24,Granada,Eibar,1,3
3825562,La Liga,2015/2016,2015-08-21,Málaga,Sevilla,0,0
3825904,La Liga,2015/2016,2016-05-08,Eibar,Real Betis,1,1
3825901,La Liga,2015/2016,2016-05-08,Real Madrid,Valencia,3,2
3825898,La Liga,2015/2016,2016-04-02,Celta Vigo,RC Deportivo La Coruña,1,1
3825893,La Liga,2015/2016,2016-04-20,Real Madrid,Villarreal,3,0
3825892,La Liga,2015/2016,2015-09-22,Granada,Real Sociedad,0,3
3825886,La Liga,2015/2016,2016-04-23,Rayo Vallecano,Real Madrid,2,3
3825885,La Liga,2015/2016,2016-04-01,Rayo Vallecano,Getafe,2,0
3825881,La Liga,2015/2016,2016-03-14,Granada,Espanyol,1,1
3825880,La Liga,2015/2016,2016-03-19,RC Deportivo La Coruña,Levante UD,2,1
3825879,La Liga,2015/2016,2016-03-13,Las Palmas,Real Madrid,1,2
3825878,La Liga,2015/2016,2016-04-30,Atlético Madrid,Rayo Vallecano,1,0
3825877,La Liga,2015/2016,2016-04-03,Athletic Club,Granada,1,1
3825874,La Liga,2015/2016,2015-10-24,Sevilla,Getafe,5,0
3825873,La Liga,2015/2016,2016-05-01,Valencia,Villarreal,0,2
3825872,La Liga,2015/2016,2016-04-02,Atlético Madrid,Real Betis,5,1
3825870,La Liga,2015/2016,2016-05-01,Athletic Club,Celta Vigo,2,1
3825868,La Liga,2015/2016,2016-04-25,Celta Vigo,Granada,2,1
3825866,La Liga,2015/2016,2016-05-08,Las Palmas,Athletic Club,0,0
3825865,La Liga,2015/2016,2016-05-08,Getafe,Sporting Gijón,1,1
3825864,La Liga,2015/2016,2016-04-30,Real Sociedad,Real Madrid,0,1
3825862,La Liga,2015/2016,2016-04-19,Espanyol,Celta Vigo,1,1
3825861,La Liga,2015/2016,2016-05-08,Real Sociedad,Rayo Vallecano,2,1
3825859,La Liga,2015/2016,2016-04-30,Granada,Las Palmas,3,2
3825856,La Liga,2015/2016,2016-04-09,Real Madrid,Eibar,4,0
3825854,La Liga,2015/2016,2016-04-29,Sporting Gijón,Eibar,2,0
3825853,La Liga,2015/2016,2016-05-08,Sevilla,Granada,1,4
3825851,La Liga,2015/2016,2016-05-08,Villarreal,RC Deportivo La Coruña,0,2
3825850,La Liga,2015/2016,2016-05-08,Celta Vigo,Málaga,1,0
3825845,La Liga,2015/2016,2016-05-01,Espanyol,Sevilla,1,0
3825844,La Liga,2015/2016,2016-03-13,Athletic Club,Real Betis,3,1
3825806,La Liga,2015/2016,2016-03-05,Real Madrid,Celta Vigo,7,1
3825802,La Liga,2015/2016,2016-03-03,Espanyol,Real Betis,0,3
3825679,La Liga,2015/2016,2015-12-05,Real Betis,Celta Vigo,1,1
3825655,La Liga,2015/2016,2015-11-07,Rayo Vallecano,Granada,2,1
3825654,La Liga,2015/2016,2015-11-07,Celta Vigo,Valencia,1,5
3825653,La Liga,2015/2016,2015-11-07,Eibar,Getafe,3,1
3825651,La Liga,2015/2016,2015-11-01,Espanyol,Granada,1,1
3825650,La Liga,2015/2016,2015-11-01,Real Betis,Athletic Club,1,3
3825649,La Liga,2015/2016,2015-11-01,Sporting Gijón,Málaga,1,0
3825648,La Liga,2015/2016,2015-11-01,Eibar,Rayo Vallecano,1,0
3825765,La Liga,2015/2016,2016-02-07,Celta Vigo,Sevilla,1,1
3825766,La Liga,2015/2016,2016-02-07,Real Betis,Valencia,1,0
3825764,La Liga,2015/2016,2016-02-07,Granada,Real Madrid,1,2
3825760,La Liga,2015/2016,2016-02-06,Atlético Madrid,Eibar,3,1
3825763,La Liga,2015/2016,2016-02-06,Rayo Vallecano,Las Palmas,2,0
3825761,La Liga,2015/2016,2016-02-06,Athletic Club,Villarreal,0,0
3825762,La Liga,2015/2016,2016-02-06,Sporting Gijón,RC Deportivo La Coruña,1,1
3825759,La Liga,2015/2016,2016-02-05,Málaga,Getafe,3,0
3825758,La Liga,2015/2016,2016-02-01,RC Deportivo La Coruña,Rayo Vallecano,2,2
3825756,La Liga,2015/2016,2016-01-31,Sevilla,Levante UD,3,1
3825755,La Liga,2015/2016,2016-01-31,Valencia,Sporting Gijón,0,1
3825754,La Liga,2015/2016,2016-01-31,Las Palmas,Celta Vigo,2,1
3825750,La Liga,2015/2016,2016-01-30,Real Sociedad,Real Betis,2,1
3825752,La Liga,2015/2016,2016-01-30,Eibar,Málaga,1,2
3825751,La Liga,2015/2016,2016-01-30,Getafe,Athletic Club,0,1
3825753,La Liga,2015/2016,2016-01-30,Villarreal,Granada,1,0
3825749,La Liga,2015/2016,2016-01-25,Levante UD,Las Palmas,3,2
3825747,La Liga,2015/2016,2016-01-24,Athletic Club,Eibar,5,2
3825748,La Liga,2015/2016,2016-01-24,Atlético Madrid,Sevilla,0,0
3825745,La Liga,2015/2016,2016-01-24,RC Deportivo La Coruña,Valencia,1,1
3825746,La Liga,2015/2016,2016-01-24,Real Betis,Real Madrid,1,1
3825743,La Liga,2015/2016,2016-01-23,Rayo Vallecano,Celta Vigo,3,0
3825744,La Liga,2015/2016,2016-01-23,Espanyol,Villarreal,2,2
3825742,La Liga,2015/2016,2016-01-23,Granada,Getafe,3,2
3825741,La Liga,2015/2016,2016-01-22,Sporting Gijón,Real Sociedad,5,1
3825739,La Liga,2015/2016,2016-01-17,Real Madrid,Sporting Gijón,5,1
3825738,La Liga,2015/2016,2016-01-17,Las Palmas,Atlético Madrid,0,3
3825737,La Liga,2015/2016,2016-01-17,Getafe,Espanyol,3,1
3825734,La Liga,2015/2016,2016-01-16,Real Sociedad,RC Deportivo La Coruña,1,1
3825733,La Liga,2015/2016,2016-01-16,Sevilla,Málaga,2,1
3825732,La Liga,2015/2016,2016-01-16,Celta Vigo,Levante UD,4,3
3825735,La Liga,2015/2016,2016-01-16,Villarreal,Real Betis,0,0
3825729,La Liga,2015/2016,2016-01-10,Villarreal,Sporting Gijón,2,0
3825728,La Liga,2015/2016,2016-01-10,Celta Vigo,Atlético Madrid,0,2
3825730,La Liga,2015/2016,2016-01-10,Real Sociedad,Valencia,2,0
3825727,La Liga,2015/2016,2016-01-10,Eibar,Espanyol,2,1
3825723,La Liga,2015/2016,2016-01-09,Levante UD,Rayo Vallecano,2,1
3825726,La Liga,2015/2016,2016-01-09,Sevilla,Athletic Club,2,0
3825725,La Liga,2015/2016,2016-01-09,Getafe,Real Betis,1,0
3825724,La Liga,2015/2016,2016-01-09,Real Madrid,RC Deportivo La Coruña,5,0
3825722,La Liga,2015/2016,2016-01-04,Sporting Gijón,Getafe,1,2
3825716,La Liga,2015/2016,2016-01-03,Rayo Vallecano,Real Sociedad,2,2
3825719,La Liga,2015/2016,2016-01-03,Athletic Club,Las Palmas,2,2
3825720,La Liga,2015/2016,2016-01-03,Real Betis,Eibar,0,4
3825717,La Liga,2015/2016,2016-01-03,Granada,Sevilla,2,1
3825721,La Liga,2015/2016,2016-01-03,RC Deportivo La Coruña,Villarreal,1,2
3825718,La Liga,2015/2016,2016-01-03,Valencia,Real Madrid,2,2
3825715,La Liga,2015/2016,2016-01-02,Málaga,Celta Vigo,2,0
3825714,La Liga,2015/2016,2016-01-02,Atlético Madrid,Levante UD,1,0
3825713,La Liga,2015/2016,2015-12-31,Villarreal,Valencia,1,0
3825710,La Liga,2015/2016,2015-12-30,Real Madrid,Real Sociedad,3,1
3825709,La Liga,2015/2016,2015-12-30,Sevilla,Espanyol,2,0
3825646,La Liga,2015/2016,2015-10-31,Villarreal,Sevilla,2,1
3825645,La Liga,2015/2016,2015-10-31,Getafe,Barcelona,0,2
3825644,La Liga,2015/2016,2015-10-31,Real Sociedad,Celta Vigo,2,3
3825640,La Liga,2015/2016,2015-10-25,Levante UD,Real Sociedad,0,4
3825639,La Liga,2015/2016,2015-10-25,Las Palmas,Villarreal,0,0
3825636,La Liga,2015/2016,2015-10-24,Málaga,RC Deportivo La Coruña,2,0
3825635,La Liga,2015/2016,2015-10-24,Celta Vigo,Real Madrid,1,3
3825634,La Liga,2015/2016,2015-10-24,Granada,Real Betis,1,1
3825633,La Liga,2015/2016,2015-10-23,Rayo Vallecano,Espanyol,3,0
3825632,La Liga,2015/2016,2015-10-19,Sporting Gijón,Granada,3,3
3825631,La Liga,2015/2016,2015-10-18,Real Sociedad,Atlético Madrid,0,2
3825630,La Liga,2015/2016,2015-10-18,RC Deportivo La Coruña,Athletic Club,2,2
3825629,La Liga,2015/2016,2015-10-18,Villarreal,Celta Vigo,1,2
3825627,La Liga,2015/2016,2015-10-17,Barcelona,Rayo Vallecano,5,2
3825625,La Liga,2015/2016,2015-10-17,Real Madrid,Levante UD,3,0
3825624,La Liga,2015/2016,2015-10-17,Eibar,Sevilla,1,1
3825622,La Liga,2015/2016,2015-10-04,Athletic Club,Valencia,3,1
3825621,La Liga,2015/2016,2015-10-04,Atlético Madrid,Real Madrid,1,1
3825620,La Liga,2015/2016,2015-10-04,Rayo Vallecano,Real Betis,0,2
3825617,La Liga,2015/2016,2015-10-03,Sevilla,Barcelona,2,1
3825615,La Liga,2015/2016,2015-10-03,Espanyol,Sporting Gijón,1,2
3825613,La Liga,2015/2016,2015-10-02,Celta Vigo,Getafe,0,0
3825610,La Liga,2015/2016,2015-09-27,Sporting Gijón,Real Betis,1,2
3825606,La Liga,2015/2016,2015-09-26,Real Madrid,Málaga,0,0
3825605,La Liga,2015/2016,2015-09-26,Sevilla,Rayo Vallecano,3,2
3825604,La Liga,2015/2016,2015-09-25,Valencia,Granada,1,0
3825603,La Liga,2015/2016,2015-09-24,Real Betis,RC Deportivo La Coruña,1,2
3825602,La Liga,2015/2016,2015-09-23,Athletic Club,Real Madrid,1,2
3825600,La Liga,2015/2016,2015-09-23,Málaga,Villarreal,0,1
3825599,La Liga,2015/2016,2015-09-22,Espanyol,Valencia,1,0
3825597,La Liga,2015/2016,2015-09-20,Las Palmas,Rayo Vallecano,0,1
3825596,La Liga,2015/2016,2015-09-20,RC Deportivo La Coruña,Sporting Gijón,2,3
3825594,La Liga,2015/2016,2015-09-20,Sevilla,Celta Vigo,1,2
3825593,La Liga,2015/2016,2015-09-19,Eibar,Atlético Madrid,0,2
3825592,La Liga,2015/2016,2015-09-19,Real Sociedad,Espanyol,2,3
3825591,La Liga,2015/2016,2015-09-19,Valencia,Real Betis,0,0
3825590,La Liga,2015/2016,2015-09-19,Real Madrid,Granada,1,0
3825589,La Liga,2015/2016,2015-09-18,Getafe,Málaga,1,0
3825588,La Liga,2015/2016,2015-09-14,Rayo Vallecano,RC Deportivo La Coruña,1,3
3825587,La Liga,2015/2016,2015-09-13,Athletic Club,Getafe,3,1
3825586,La Liga,2015/2016,2015-09-13,Málaga,Eibar,0,0
3825585,La Liga,2015/2016,2015-09-13,Celta Vigo,Las Palmas,3,3
3825583,La Liga,2015/2016,2015-09-12,Sporting Gijón,Valencia,0,1
3825582,La Liga,2015/2016,2015-09-12,Real Betis,Real Sociedad,1,0
3825581,La Liga,2015/2016,2015-09-12,Espanyol,Real Madrid,0,6
3825580,La Liga,2015/2016,2015-09-11,Levante UD,Sevilla,1,1
3825578,La Liga,2015/2016,2015-08-30,Eibar,Athletic Club,2,0
3825577,La Liga,2015/2016,2015-08-30,Getafe,Granada,1,2
3825576,La Liga,2015/2016,2015-08-30,Valencia,RC Deportivo La Coruña,1,1
3825575,La Liga,2015/2016,2015-08-30,Las Palmas,Levante UD,0,0
3825574,La Liga,2015/2016,2015-08-29,Celta Vigo,Rayo Vallecano,3,0
3825573,La Liga,2015/2016,2015-08-29,Real Sociedad,Sporting Gijón,0,0
3825571,La Liga,2015/2016,2015-08-28,Villarreal,Espanyol,3,1
3825569,La Liga,2015/2016,2015-08-23,Levante UD,Celta Vigo,1,2
3825568,La Liga,2015/2016,2015-08-23,Real Betis,Villarreal,1,1
3825567,La Liga,2015/2016,2015-08-23,Sporting Gijón,Real Madrid,0,0
3825566,La Liga,2015/2016,2015-08-22,Rayo Vallecano,Valencia,0,0
3825565,La Liga,2015/2016,2015-08-22,Espanyol,Getafe,1,0
3825564,La Liga,2015/2016,2015-08-22,RC Deportivo La Coruña,Real Sociedad,0,0
3825563,La Liga,2015/2016,2015-08-22,Atlético Madrid,Las Palmas,1,0
266498,La Liga,2015/2016,2016-03-12,Barcelona,Getafe,6,0
266986,La Liga,2015/2016,2016-04-30,Real Betis,Barcelona,0,2
267533,La Liga,2015/2016,2016-04-02,Barcelona,Real Madrid,1,2
266310,La Liga,2015/2016,2016-04-20,RC Deportivo La Coruña,Barcelona,0,8
267576,La Liga,2015/2016,2016-01-30,Barcelona,Atlético Madrid,2,1
266653,La Liga,2015/2016,2016-03-03,Rayo Vallecano,Barcelona,1,5
265944,La Liga,2015/2016,2016-04-23,Barcelona,Sporting Gijón,6,0
265894,La Liga,2015/2016,2016-01-23,Málaga,Barcelona,1,2
265958,La Liga,2015/2016,2016-05-08,Barcelona,Espanyol,5,0
267611,La Liga,2015/2016,2015-09-26,Barcelona,Las Palmas,2,1
267422,La Liga,2015/2016,2015-08-29,Barcelona,Málaga,1,0
266236,La Liga,2015/2016,2015-08-23,Athletic Club,Barcelona,0,1
267274,La Liga,2015/2016,2015-12-05,Valencia,Barcelona,1,1
266961,La Liga,2015/2016,2015-12-12,Barcelona,RC Deportivo La Coruña,2,2
266885,La Liga,2015/2016,2015-11-28,Barcelona,Real Sociedad,4,0
266815,La Liga,2015/2016,2016-02-17,Sporting Gijón,Barcelona,1,3
267506,La Liga,2015/2016,2016-05-14,Granada,Barcelona,0,3
266664,La Liga,2015/2016,2016-04-09,Real Sociedad,Barcelona,1,0
266106,La Liga,2015/2016,2016-03-20,Villarreal,Barcelona,2,2
266670,La Liga,2015/2016,2016-01-02,Espanyol,Barcelona,0,0
266149,La Liga,2015/2016,2016-01-17,Barcelona,Athletic Club,6,0
266620,La Liga,2015/2016,2016-01-09,Barcelona,Granada,4,0
266056,La Liga,2015/2016,2016-03-06,Eibar,Barcelona,0,4
267327,La Liga,2015/2016,2015-12-30,Barcelona,Real Betis,4,0
266166,La Liga,2015/2016,2015-09-12,Atlético Madrid,Barcelona,1,2
266160,La Liga,2015/2016,2016-02-07,Levante UD,Barcelona,0,2
265839,La Liga,2015/2016,2016-02-28,Barcelona,Sevilla,2,1
266424,La Liga,2015/2016,2015-11-21,Real Madrid,Barcelona,0,4
266467,La Liga,2015/2016,2015-09-23,Celta Vigo,Barcelona,4,1
267273,La Liga,2015/2016,2016-02-20,Las Palmas,Barcelona,1,2
266490,La Liga,2015/2016,2015-09-20,Barcelona,Levante UD,4,1
266254,La Liga,2015/2016,2016-02-14,Barcelona,Celta Vigo,6,1
266557,La Liga,2015/2016,2016-04-17,Barcelona,Valencia,1,2
267183,La Liga,2014/2015,2015-03-22,Barcelona,Real Madrid,2,1
265835,La Liga,2014/2015,2014-11-22,Barcelona,Sevilla,5,1
266838,La Liga,2014/2015,2014-09-24,Málaga,Barcelona,0,0
265963,La Liga,2014/2015,2015-04-28,Barcelona,Getafe,6,0
266117,La Liga,2014/2015,2014-09-27,Barcelona,Granada,6,0
266916,La Liga,2014/2015,2015-03-08,Barcelona,Rayo Vallecano,6,1
267197,La Liga,2014/2015,2015-05-23,Barcelona,RC Deportivo La Coruña,2,2
70264,La Liga,2014/2015,2014-12-13,Getafe,Barcelona,0,0
70273,La Liga,2014/2015,2014-09-13,Barcelona,Athletic Club,2,0
267301,La Liga,2014/2015,2014-11-01,Barcelona,Celta Vigo,0,1
265896,La Liga,2014/2015,2014-10-18,Barcelona,Eibar,3,0
265866,La Liga,2014/2015,2015-05-02,Córdoba CF,Barcelona,0,8
267400,La Liga,2014/2015,2015-04-08,Barcelona,Almería,4,0
266406,La Liga,2014/2015,2014-08-31,Villarreal,Barcelona,0,1
267085,La Liga,2014/2015,2014-10-25,Real Madrid,Barcelona,3,1
267561,La Liga,2014/2015,2014-10-04,Rayo Vallecano,Barcelona,0,2
266148,La Liga,2014/2015,2015-02-21,Barcelona,Málaga,0,1
266045,La Liga,2014/2015,2015-05-09,Barcelona,Real Sociedad,2,0
70303,La Liga,2014/2015,2015-01-11,Barcelona,Atlético Madrid,3,1
266240,La Liga,2014/2015,2015-01-04,Real Sociedad,Barcelona,1,0
267597,La Liga,2014/2015,2015-02-01,Barcelona,Villarreal,3,2
266794,La Liga,2014/2015,2015-01-24,Elche,Barcelona,0,6
267343,La Liga,2014/2015,2015-02-28,Granada,Barcelona,1,3
266631,La Liga,2014/2015,2015-05-17,Atlético Madrid,Barcelona,0,1
266320,La Liga,2014/2015,2014-12-07,Barcelona,Espanyol,5,1
266230,La Liga,2014/2015,2015-01-18,RC Deportivo La Coruña,Barcelona,0,4
266525,La Liga,2014/2015,2015-04-18,Barcelona,Valencia,2,0
266560,La Liga,2014/2015,2014-11-30,Valencia,Barcelona,0,1
266846,La Liga,2014/2015,2014-12-20,Barcelona,Córdoba CF,5,0
266531,La Liga,2014/2015,2015-04-25,Espanyol,Barcelona,0,2
266921,La Liga,2014/2015,2014-08-24,Barcelona,Elche,3,0
267499,La Liga,2014/2015,2014-11-08,Almería,Barcelona,1,2
266741,La Liga,2014/2015,2015-02-15,Barcelona,Levante UD,5,0
266871,La Liga,2014/2015,2015-02-08,Athletic Club,Barcelona,2,5
266967,La Liga,2014/2015,2015-03-14,Eibar,Barcelona,0,2
266929,La Liga,2014/2015,2015-04-05,Celta Vigo,Barcelona,0,1
266770,La Liga,2014/2015,2014-09-21,Levante UD,Barcelona,0,5
266142,La Liga,2014/2015,2015-04-11,Sevilla,Barcelona,2,2
267368,La Liga,2013/2014,2014-04-05,Barcelona,Real Betis,3,1
70301,La Liga,2013/2014,2013-09-14,Barcelona,Sevilla,3,2
70298,La Liga,2013/2014,2013-09-01,Valencia,Barcelona,2,3
70302,La Liga,2013/2014,2013-09-21,Rayo Vallecano,Barcelona,0,4
70291,La Liga,2013/2014,2014-01-26,Barcelona,Málaga,3,0
267138,La Liga,2013/2014,2014-04-12,Granada,Barcelona,1,0
267520,La Liga,2013/2014,2013-09-24,Barcelona,Real Sociedad,4,1
70289,La Liga,2013/2014,2014-04-27,Villarreal,Barcelona,2,3
266066,La Liga,2013/2014,2014-03-02,Barcelona,Almería,4,1
267675,La Liga,2013/2014,2014-02-09,Sevilla,Barcelona,1,4
70288,La Liga,2013/2014,2014-01-19,Levante UD,Barcelona,1,1
266074,La Liga,2013/2014,2014-03-16,Barcelona,Osasuna,7,0
267567,La Liga,2013/2014,2014-04-20,Barcelona,Athletic Club,2,1
266201,La Liga,2013/2014,2014-05-11,Elche,Barcelona,0,0
266274,La Liga,2013/2014,2014-03-26,Barcelona,Celta Vigo,3,0
70293,La Liga,2013/2014,2013-10-26,Barcelona,Real Madrid,2,1
265918,La Liga,2013/2014,2014-02-15,Barcelona,Rayo Vallecano,6,0
70277,La Liga,2013/2014,2013-08-18,Barcelona,Levante UD,7,0
70283,La Liga,2013/2014,2013-11-01,Barcelona,Espanyol,1,0
70306,La Liga,2013/2014,2014-03-29,Espanyol,Barcelona,0,1
266256,La Liga,2013/2014,2014-05-17,Barcelona,Atlético Madrid,1,1
266613,La Liga,2013/2014,2014-02-01,Barcelona,Valencia,2,3
266491,La Liga,2013/2014,2014-05-03,Barcelona,Getafe,2,2
265830,La Liga,2013/2014,2014-01-11,Atlético Madrid,Barcelona,0,0
265857,La Liga,2013/2014,2014-03-23,Real Madrid,Barcelona,3,4
266883,La Liga,2013/2014,2013-11-10,Real Betis,Barcelona,1,4
266603,La Liga,2013/2014,2014-03-08,Real Valladolid,Barcelona,1,0
265837,La Liga,2013/2014,2014-02-22,Real Sociedad,Barcelona,3,1
266462,La Liga,2013/2014,2013-10-19,Osasuna,Barcelona,0,0
267192,La Liga,2013/2014,2013-10-29,Celta Vigo,Barcelona,0,3
266420,La Liga,2013/2014,2013-09-28,Almería,Barcelona,0,2
266015,La Liga,2012/2013,2012-12-22,Real Valladolid,Barcelona,1,3
70270,La Liga,2012/2013,2012-09-22,Barcelona,Granada,2,0
70281,La Liga,2012/2013,2013-05-05,Barcelona,Real Betis,4,2
70308,La Liga,2012/2013,2012-11-03,Barcelona,Celta Vigo,3,1
70282,La Liga,2012/2013,2013-02-03,Valencia,Barcelona,1,1
266724,La Liga,2012/2013,2012-11-11,Mallorca,Barcelona,2,4
70272,La Liga,2012/2013,2013-03-02,Real Madrid,Barcelona,2,1
70304,La Liga,2012/2013,2012-10-20,RC Deportivo La Coruña,Barcelona,4,5
70280,La Liga,2012/2013,2012-11-25,Levante UD,Barcelona,0,4
70296,La Liga,2012/2013,2012-12-16,Barcelona,Atlético Madrid,4,1
70297,La Liga,2012/2013,2013-02-10,Barcelona,Getafe,6,1
266433,La Liga,2012/2013,2013-01-06,Barcelona,Espanyol,4,0
70256,La Liga,2012/2013,2013-03-30,Celta Vigo,Barcelona,2,2
70259,La Liga,2012/2013,2012-08-19,Barcelona,Real Sociedad,5,1
70260,La Liga,2012/2013,2013-01-27,Barcelona,Osasuna,5,1
70263,La Liga,2012/2013,2012-12-01,Barcelona,Athletic Club,5,1
70276,La Liga,2012/2013,2012-10-27,Rayo Vallecano,Barcelona,0,5
70287,La Liga,2012/2013,2013-01-19,Real Sociedad,Barcelona,3,2
70284,La Liga,2012/2013,2013-05-12,Atlético Madrid,Barcelona,1,2
70275,La Liga,2012/2013,2012-09-29,Sevilla,Barcelona,2,3
70286,La Liga,2012/2013,2012-09-02,Barcelona,Valencia,1,0
70309,La Liga,2012/2013,2012-11-17,Barcelona,Real Zaragoza,3,1
70300,La Liga,2012/2013,2012-10-07,Barcelona,Real Madrid,2,2
70295,La Liga,2012/2013,2012-12-09,Real Betis,Barcelona,1,2
70307,La Liga,2012/2013,2013-03-17,Barcelona,Rayo Vallecano,3,1
70305,La Liga,2012/2013,2013-03-09,Barcelona,RC Deportivo La Coruña,2,0
266827,La Liga,2012/2013,2013-01-13,Málaga,Barcelona,1,3
267502,La Liga,2012/2013,2013-04-27,Athletic Club,Barcelona,2,2
70271,La Liga,2012/2013,2013-02-23,Barcelona,Sevilla,2,1
70294,La Liga,2012/2013,2013-02-16,Granada,Barcelona,1,2
70262,La Liga,2012/2013,2012-08-26,Osasuna,Barcelona,1,2
70292,La Liga,2012/2013,2012-09-15,Getafe,Barcelona,1,4
69328,La Liga,2011/2012,2012-02-19,Barcelona,Valencia,5,1
69329,La Liga,2011/2012,2011-10-22,Barcelona,Sevilla,0,0
70219,La Liga,2011/2012,2012-04-07,Real Zaragoza,Barcelona,1,4
69331,La Liga,2011/2012,2011-11-19,Barcelona,Real Zaragoza,4,0
69337,La Liga,2011/2012,2012-02-26,Atlético Madrid,Barcelona,1,2
69322,La Liga,2011/2012,2012-03-11,Racing Santander,Barcelona,0,2
69316,La Liga,2011/2012,2012-02-04,Barcelona,Real Sociedad,2,1
69332,La Liga,2011/2012,2011-11-29,Barcelona,Rayo Vallecano,4,0
69335,La Liga,2011/2012,2012-01-22,Málaga,Barcelona,1,4
69330,La Liga,2011/2012,2011-11-06,Athletic Club,Barcelona,2,2
69297,La Liga,2011/2012,2011-09-24,Barcelona,Atlético Madrid,5,0
69325,La Liga,2011/2012,2012-03-24,Mallorca,Barcelona,0,2
69324,La Liga,2011/2012,2012-04-21,Barcelona,Real Madrid,1,2
70225,La Liga,2011/2012,2012-03-20,Barcelona,Granada,5,3
69293,La Liga,2011/2012,2011-10-15,Barcelona,Racing Santander,3,0
70223,La Liga,2011/2012,2011-09-21,Valencia,Barcelona,2,2
69333,La Liga,2011/2012,2011-12-03,Barcelona,Levante UD,5,0
69264,La Liga,2011/2012,2011-09-10,Real Sociedad,Barcelona,2,2
69343,La Liga,2011/2012,2012-04-10,Barcelona,Getafe,4,0
69340,La Liga,2011/2012,2012-05-02,Barcelona,Málaga,4,1
69265,La Liga,2011/2012,2011-10-02,Sporting Gijón,Barcelona,0,1
69319,La Liga,2011/2012,2012-05-12,Real Betis,Barcelona,2,2
69334,La Liga,2011/2012,2011-12-10,Real Madrid,Barcelona,1,3
69327,La Liga,2011/2012,2012-01-15,Barcelona,Real Betis,4,2
69315,La Liga,2011/2012,2011-11-26,Getafe,Barcelona,1,0
69336,La Liga,2011/2012,2012-02-11,Osasuna,Barcelona,3,2
69326,La Liga,2011/2012,2012-03-17,Sevilla,Barcelona,0,2
69268,La Liga,2011/2012,2011-08-29,Barcelona,Villarreal,5,0
69320,La Liga,2011/2012,2012-05-05,Barcelona,Espanyol,4,0
69312,La Liga,2011/2012,2012-01-08,Espanyol,Barcelona,1,1
69314,La Liga,2011/2012,2011-10-29,Barcelona,Mallorca,5,0
69318,La Liga,2011/2012,2011-10-25,Granada,Barcelona,0,1
69338,La Liga,2011/2012,2012-01-28,Villarreal,Barcelona,0,0
70220,La Liga,2011/2012,2011-09-17,Barcelona,Osasuna,8,0
70224,La Liga,2011/2012,2012-04-29,Rayo Vallecano,Barcelona,0,7
70221,La Liga,2011/2012,2012-04-14,Levante UD,Barcelona,1,2
69323,La Liga,2011/2012,2012-03-31,Barcelona,Athletic Club,2,0
69276,La Liga,2010/2011,2011-02-05,Barcelona,Atlético Madrid,3,0
69304,La Liga,2010/2011,2011-04-02,Villarreal,Barcelona,0,1
69307,La Liga,2010/2011,2010-12-04,Osasuna,Barcelona,0,3
69271,La Liga,2010/2011,2011-04-23,Barcelona,Osasuna,2,0
69305,La Liga,2010/2011,2011-04-09,Barcelona,Almería,3,1
69278,La Liga,2010/2011,2011-01-16,Barcelona,Málaga,4,1
69275,La Liga,2010/2011,2010-12-18,Espanyol,Barcelona,1,5
69295,La Liga,2010/2011,2011-01-22,Barcelona,Racing Santander,3,0
69270,La Liga,2010/2011,2010-11-07,Getafe,Barcelona,1,3
69303,La Liga,2010/2011,2011-03-19,Barcelona,Getafe,2,1
69245,La Liga,2010/2011,2011-04-16,Real Madrid,Barcelona,1,1
69287,La Liga,2010/2011,2010-09-11,Barcelona,Hércules,0,2
69296,La Liga,2010/2011,2011-01-29,Hércules,Barcelona,0,3
69260,La Liga,2010/2011,2010-10-16,Barcelona,Valencia,2,1
69269,La Liga,2010/2011,2010-09-19,Atlético Madrid,Barcelona,1,2
69246,La Liga,2010/2011,2011-04-30,Real Sociedad,Barcelona,2,1
69302,La Liga,2010/2011,2010-12-12,Barcelona,Real Sociedad,5,0
69282,La Liga,2010/2011,2011-02-20,Barcelona,Athletic Club,2,1
69274,La Liga,2010/2011,2011-03-02,Valencia,Barcelona,0,1
69283,La Liga,2010/2011,2011-02-26,Mallorca,Barcelona,0,3
69280,La Liga,2010/2011,2011-01-08,RC Deportivo La Coruña,Barcelona,0,4
69286,La Liga,2010/2011,2010-08-29,Racing Santander,Barcelona,0,3
69291,La Liga,2010/2011,2011-03-13,Sevilla,Barcelona,1,1
69236,La Liga,2010/2011,2010-10-03,Barcelona,Mallorca,1,1
69234,La Liga,2010/2011,2011-05-08,Barcelona,Espanyol,2,0
69272,La Liga,2010/2011,2011-05-11,Levante UD,Barcelona,1,1
69308,La Liga,2010/2011,2010-11-13,Barcelona,Villarreal,3,1
69299,La Liga,2010/2011,2010-11-29,Barcelona,Real Madrid,5,0
69300,La Liga,2010/2011,2011-03-05,Barcelona,Real Zaragoza,1,0
69289,La Liga,2010/2011,2010-10-30,Barcelona,Sevilla,5,0
69263,La Liga,2010/2011,2010-10-23,Real Zaragoza,Barcelona,0,2
69306,La Liga,2010/2011,2010-11-20,Almería,Barcelona,0,8
69248,La Liga,2010/2011,2011-02-12,Sporting Gijón,Barcelona,1,1
69243,La Liga,2009/2010,2010-01-16,Barcelona,Sevilla,4,0
69241,La Liga,2009/2010,2010-05-04,Barcelona,Tenerife,4,1
69239,La Liga,2009/2010,2010-05-08,Sevilla,Barcelona,2,3
69257,La Liga,2009/2010,2010-03-24,Barcelona,Osasuna,2,0
69253,La Liga,2009/2010,2009-10-25,Barcelona,Real Zaragoza,6,1
69244,La Liga,2009/2010,2010-05-01,Villarreal,Barcelona,1,4
69277,La Liga,2009/2010,2009-10-31,Osasuna,Barcelona,1,1
69229,La Liga,2009/2010,2009-09-12,Getafe,Barcelona,0,2
69219,La Liga,2009/2010,2010-01-10,Tenerife,Barcelona,0,5
69218,La Liga,2009/2010,2009-12-05,RC Deportivo La Coruña,Barcelona,1,3
69250,La Liga,2009/2010,2009-11-07,Barcelona,Mallorca,4,2
69242,La Liga,2009/2010,2010-05-16,Barcelona,Real Valladolid,4,0
69256,La Liga,2009/2010,2009-10-03,Barcelona,Almería,1,0
69298,La Liga,2009/2010,2010-03-27,Mallorca,Barcelona,0,1
69259,La Liga,2009/2010,2010-04-10,Real Madrid,Barcelona,0,2
69224,La Liga,2009/2010,2010-03-14,Barcelona,Valencia,3,0
69210,La Liga,2009/2010,2010-01-23,Real Valladolid,Barcelona,0,3
69220,La Liga,2009/2010,2010-01-30,Sporting Gijón,Barcelona,0,1
69237,La Liga,2009/2010,2010-02-14,Atlético Madrid,Barcelona,2,1
69226,La Liga,2009/2010,2010-03-06,Almería,Barcelona,2,2
69252,La Liga,2009/2010,2009-10-17,Valencia,Barcelona,0,0
69255,La Liga,2009/2010,2009-09-26,Málaga,Barcelona,0,2
69214,La Liga,2009/2010,2010-04-24,Barcelona,Xerez,3,1
69262,La Liga,2009/2010,2009-11-29,Barcelona,Real Madrid,1,0
69240,La Liga,2009/2010,2010-02-06,Barcelona,Getafe,2,1
69233,La Liga,2009/2010,2010-02-20,Barcelona,Racing Santander,4,0
69213,La Liga,2009/2010,2010-04-17,Espanyol,Barcelona,0,0
69238,La Liga,2009/2010,2010-02-27,Barcelona,Málaga,2,1
69267,La Liga,2009/2010,2009-12-02,Xerez,Barcelona,0,2
69288,La Liga,2009/2010,2009-11-21,Athletic Club,Barcelona,1,1
69254,La Liga,2009/2010,2009-09-22,Racing Santander,Barcelona,1,4
69292,La Liga,2009/2010,2009-09-19,Barcelona,Atlético Madrid,5,2
69227,La Liga,2009/2010,2010-03-21,Real Zaragoza,Barcelona,2,4
69247,La Liga,2009/2010,2010-04-03,Barcelona,Athletic Club,4,1
69221,La Liga,2009/2010,2010-04-14,Barcelona,RC Deportivo La Coruña,3,0
69225,La Liga,2008/2009,2008-12-13,Barcelona,Real Madrid,2,0
69212,La Liga,2008/2009,2008-10-04,Barcelona,Atlético Madrid,6,1
69235,La Liga,2008/2009,2008-11-01,Málaga,Barcelona,1,4
69232,La Liga,2008/2009,2008-10-25,Barcelona,Almería,5,0
69216,La Liga,2008/2009,2009-03-07,Barcelona,Athletic Club,2,0
69209,La Liga,2008/2009,2009-02-01,Racing Santander,Barcelona,1,2
69231,La Liga,2008/2009,2009-02-08,Barcelona,Sporting Gijón,3,1
69217,La Liga,2008/2009,2009-05-10,Barcelona,Villarreal,3,3
69273,La Liga,2008/2009,2009-04-04,Real Valladolid,Barcelona,0,1
69222,La Liga,2008/2009,2009-04-11,Barcelona,Recreativo Huelva,2,0
69223,La Liga,2008/2009,2009-04-18,Getafe,Barcelona,0,1
69195,La Liga,2008/2009,2009-02-14,Real Betis,Barcelona,2,2
69251,La Liga,2008/2009,2009-04-25,Valencia,Barcelona,2,2
69185,La Liga,2008/2009,2009-03-01,Atlético Madrid,Barcelona,4,3
69142,La Liga,2008/2009,2009-03-22,Barcelona,Málaga,6,0
69139,La Liga,2008/2009,2009-02-21,Barcelona,Espanyol,1,2
69189,La Liga,2008/2009,2009-01-24,Barcelona,CD Numancia de Soria,4,1
69171,La Liga,2008/2009,2008-11-29,Sevilla,Barcelona,0,3
69249,La Liga,2008/2009,2009-05-02,Real Madrid,Barcelona,2,6
69215,La Liga,2008/2009,2008-09-13,Barcelona,Racing Santander,1,1
69138,La Liga,2008/2009,2008-09-21,Sporting Gijón,Barcelona,1,6
69147,La Liga,2008/2009,2008-08-31,CD Numancia de Soria,Barcelona,1,0
69177,La Liga,2008/2009,2009-03-15,Almería,Barcelona,0,2
69207,La Liga,2008/2009,2008-09-24,Barcelona,Real Betis,3,2
69228,La Liga,2008/2009,2008-12-21,Villarreal,Barcelona,1,2
69183,La Liga,2008/2009,2009-01-17,Barcelona,RC Deportivo La Coruña,5,0
69279,La Liga,2008/2009,2008-11-08,Barcelona,Real Valladolid,6,0
69285,La Liga,2008/2009,2008-11-16,Recreativo Huelva,Barcelona,0,2
69211,La Liga,2008/2009,2008-09-27,Espanyol,Barcelona,1,2
69230,La Liga,2008/2009,2009-01-11,Osasuna,Barcelona,2,3
69149,La Liga,2008/2009,2008-12-06,Barcelona,Valencia,4,0
69151,La Liga,2007/2008,2007-09-29,Levante UD,Barcelona,1,4
69144,La Liga,2007/2008,2007-10-07,Barcelona,Atlético Madrid,3,0
69169,La Liga,2007/2008,2007-09-02,Barcelona,Athletic Club,3,1
68360,La Liga,2007/2008,2008-02-24,Barcelona,Levante UD,5,1
69186,La Liga,2007/2008,2008-05-17,Real Murcia CF,Barcelona,3,5
69180,La Liga,2007/2008,2007-08-26,Racing Santander,Barcelona,0,0
69143,La Liga,2007/2008,2007-09-26,Barcelona,Real Zaragoza,4,1
69181,La Liga,2007/2008,2008-01-27,Athletic Club,Barcelona,1,1
68365,La Liga,2007/2008,2008-03-01,Atlético Madrid,Barcelona,4,2
69178,La Liga,2007/2008,2007-11-10,Getafe,Barcelona,2,0
68364,La Liga,2007/2008,2007-10-20,Villarreal,Barcelona,3,1
69170,La Liga,2007/2008,2007-12-09,Barcelona,RC Deportivo La Coruña,2,1
68359,La Liga,2007/2008,2008-04-19,Barcelona,Espanyol,0,0
68356,La Liga,2007/2008,2007-12-01,Espanyol,Barcelona,1,1
69158,La Liga,2007/2008,2007-10-28,Barcelona,Almería,2,0
69187,La Liga,2007/2008,2008-02-03,Barcelona,Osasuna,1,0
68363,La Liga,2007/2008,2007-11-01,Real Valladolid,Barcelona,1,1
69166,La Liga,2007/2008,2007-11-04,Barcelona,Real Betis,3,0
68366,La Liga,2007/2008,2008-05-11,Barcelona,Mallorca,2,3
69148,La Liga,2007/2008,2007-09-22,Barcelona,Sevilla,2,1
69184,La Liga,2007/2008,2007-11-24,Barcelona,Recreativo Huelva,3,0
69173,La Liga,2007/2008,2008-01-20,Barcelona,Racing Santander,1,0
69146,La Liga,2007/2008,2008-02-09,Sevilla,Barcelona,1,1
69182,La Liga,2007/2008,2008-02-16,Real Zaragoza,Barcelona,1,2
68358,La Liga,2007/2008,2008-04-12,Recreativo Huelva,Barcelona,2,2
68361,La Liga,2007/2008,2008-05-07,Real Madrid,Barcelona,4,1
69141,La Liga,2007/2008,2008-05-04,Barcelona,Valencia,6,0
69145,La Liga,2007/2008,2007-12-15,Valencia,Barcelona,0,3
69176,La Liga,2006/2007,2007-05-20,Atlético Madrid,Barcelona,0,6
69179,La Liga,2006/2007,2007-04-07,Real Zaragoza,Barcelona,1,0
68334,La Liga,2006/2007,2007-03-03,Sevilla,Barcelona,2,1
68333,La Liga,2006/2007,2007-02-25,Barcelona,Athletic Club,3,0
68336,La Liga,2006/2007,2007-06-17,Gimnàstic Tarragona,Barcelona,1,5
68326,La Liga,2006/2007,2006-08-28,Celta Vigo,Barcelona,2,3
69162,La Liga,2006/2007,2007-05-13,Barcelona,Real Betis,1,1
68335,La Liga,2006/2007,2007-03-10,Barcelona,Real Madrid,3,3
68332,La Liga,2006/2007,2007-02-18,Valencia,Barcelona,2,1
68330,La Liga,2006/2007,2006-10-22,Real Madrid,Barcelona,2,0
68329,La Liga,2006/2007,2006-10-15,Barcelona,Sevilla,3,1
68341,La Liga,2006/2007,2007-03-17,Recreativo Huelva,Barcelona,0,4
69165,La Liga,2006/2007,2007-06-09,Barcelona,Espanyol,2,2
69155,La Liga,2006/2007,2007-04-22,Villarreal,Barcelona,2,0
69154,La Liga,2006/2007,2007-02-11,Barcelona,Racing Santander,2,0
69156,La Liga,2006/2007,2007-04-29,Barcelona,Levante UD,1,0
69159,La Liga,2006/2007,2007-04-15,Barcelona,Mallorca,1,0
69175,La Liga,2006/2007,2007-03-31,Barcelona,RC Deportivo La Coruña,2,1
69160,La Liga,2006/2007,2007-05-05,Real Sociedad,Barcelona,0,2
68331,La Liga,2006/2007,2006-11-12,Barcelona,Real Zaragoza,3,1
68328,La Liga,2006/2007,2006-09-24,Barcelona,Valencia,1,1
68340,La Liga,2006/2007,2006-09-17,Racing Santander,Barcelona,0,3
69174,La Liga,2006/2007,2006-11-04,RC Deportivo La Coruña,Barcelona,1,1
68347,La Liga,2006/2007,2006-09-30,Athletic Club,Barcelona,1,3
68327,La Liga,2006/2007,2006-09-09,Barcelona,Osasuna,3,0
69157,La Liga,2006/2007,2007-05-26,Barcelona,Getafe,1,0
69164,La Liga,2005/2006,2005-10-26,Barcelona,Málaga,2,0
68324,La Liga,2005/2006,2006-01-22,Barcelona,Deportivo Alavés,2,0
68320,La Liga,2005/2006,2005-12-04,Villarreal,Barcelona,0,2
68323,La Liga,2005/2006,2005-12-20,Barcelona,Celta Vigo,2,0
69172,La Liga,2005/2006,2006-02-18,Barcelona,Real Betis,5,1
68339,La Liga,2005/2006,2005-11-06,Getafe,Barcelona,1,3
68348,La Liga,2005/2006,2006-01-07,Espanyol,Barcelona,1,2
68354,La Liga,2005/2006,2005-11-27,Barcelona,Racing Santander,4,1
68351,La Liga,2005/2006,2006-02-25,Real Zaragoza,Barcelona,0,2
68317,La Liga,2005/2006,2005-10-01,Barcelona,Real Zaragoza,2,2
68350,La Liga,2005/2006,2006-02-05,Barcelona,Atlético Madrid,1,3
68325,La Liga,2005/2006,2006-01-29,Mallorca,Barcelona,0,3
68321,La Liga,2005/2006,2005-12-11,Barcelona,Sevilla,2,1
68319,La Liga,2005/2006,2005-11-19,Real Madrid,Barcelona,0,3
68342,La Liga,2005/2006,2006-01-15,Barcelona,Athletic Club,2,1
68322,La Liga,2005/2006,2005-12-17,Cádiz,Barcelona,1,3
68318,La Liga,2005/2006,2005-10-22,Barcelona,Osasuna,3,0
68314,La Liga,2004/2005,2004-12-04,Barcelona,Málaga,4,0
68313,La Liga,2004/2005,2004-10-24,Barcelona,Osasuna,3,0
68316,La Liga,2004/2005,2005-05-01,Barcelona,Albacete,2,0
68315,La Liga,2004/2005,2004-12-21,Barcelona,Levante UD,2,1
69153,La Liga,2004/2005,2004-12-11,Albacete,Barcelona,1,2
68352,La Liga,2004/2005,2005-04-17,Barcelona,Getafe,2,0
68353,La Liga,2004/2005,2004-10-16,Espanyol,Barcelona,0,1
3888713,La Liga,1973/1974,1974-02-17,Real Madrid,Barcelona,0,5
3889115,Liga Profesional,1997/1998,1997-10-25,River Plate,Boca Juniors,1,2
3889082,Liga Profesional,1981,1981-04-10,Boca Juniors,River Plate,3,0
3838017,Ligue 1,2022/2023,2023-06-03,Paris Saint-Germain,Clermont Foot,2,3
3837987,Ligue 1,2022/2023,2023-05-13,Paris Saint-Germain,AC Ajaccio,5,0
3837928,Ligue 1,2022/2023,2023-04-02,Paris Saint-Germain,Lyon,0,1
3837918,Ligue 1,2022/2023,2023-03-19,Paris Saint-Germain,Rennes,0,2
3837902,Ligue 1,2022/2023,2023-03-11,Stade Brestois,Paris Saint-Germain,1,2
3837885,Ligue 1,2022/2023,2023-02-26,Marseille,Paris Saint-Germain,0,3
3837876,Ligue 1,2022/2023,2023-02-19,Paris Saint-Germain,Lille,4,3
3837839,Ligue 1,2022/2023,2023-01-29,Paris Saint-Germain,Stade de Reims,1,1
3837827,Ligue 1,2022/2023,2023-01-15,Rennes,Paris Saint-Germain,1,0
3837818,Ligue 1,2022/2023,2023-01-11,Paris Saint-Germain,Angers,2,0
3837785,Ligue 1,2022/2023,2022-11-13,Paris Saint-Germain,Auxerre,5,0
3837747,Ligue 1,2022/2023,2022-10-16,Paris Saint-Germain,Marseille,1,0
3837680,Ligue 1,2022/2023,2022-08-28,Paris Saint-Germain,AS Monaco,1,1
3837659,Ligue 1,2022/2023,2022-08-13,Paris Saint-Germain,Montpellier,5,2
3837650,Ligue 1,2022/2023,2022-08-06,Clermont Foot,Paris Saint-Germain,0,5
3838004,Ligue 1,2022/2023,2023-05-27,Strasbourg,Paris Saint-Germain,1,1
3837998,Ligue 1,2022/2023,2023-05-21,Auxerre,Paris Saint-Germain,1,2
3837963,Ligue 1,2022/2023,2023-04-30,Paris Saint-Germain,Lorient,1,3
3837954,Ligue 1,2022/2023,2023-04-21,Angers,Paris Saint-Germain,1,2
3837947,Ligue 1,2022/2023,2023-04-15,Paris Saint-Germain,Lens,3,1
3837938,Ligue 1,2022/2023,2023-04-08,OGC Nice,Paris Saint-Germain,0,2
3837896,Ligue 1,2022/2023,2023-03-04,Paris Saint-Germain,Nantes,4,2
3837859,Ligue 1,2022/2023,2023-02-04,Paris Saint-Germain,Toulouse,2,1
3837844,Ligue 1,2022/2023,2023-02-01,Montpellier,Paris Saint-Germain,1,3
3837771,Ligue 1,2022/2023,2022-10-29,Paris Saint-Germain,Troyes,4,3
3837752,Ligue 1,2022/2023,2022-10-21,AC Ajaccio,Paris Saint-Germain,0,3
3837727,Ligue 1,2022/2023,2022-10-01,Paris Saint-Germain,OGC Nice,2,1
3837717,Ligue 1,2022/2023,2022-09-18,Lyon,Paris Saint-Germain,0,1
3837706,Ligue 1,2022/2023,2022-09-10,Paris Saint-Germain,Stade Brestois,1,0
3837695,Ligue 1,2022/2023,2022-09-03,Nantes,Paris Saint-Germain,0,3
3837683,Ligue 1,2022/2023,2022-08-31,Toulouse,Paris Saint-Germain,0,3
3837662,Ligue 1,2022/2023,2022-08-21,Lille,Paris Saint-Germain,1,7
3802643,Ligue 1,2021/2022,2022-04-29,Strasbourg,Paris Saint-Germain,3,3
3803000,Ligue 1,2021/2022,2022-04-09,Clermont Foot,Paris Saint-Germain,1,6
3802802,Ligue 1,2021/2022,2022-01-23,Paris Saint-Germain,Stade de Reims,4,0
3802696,Ligue 1,2021/2022,2021-08-29,Stade de Reims,Paris Saint-Germain,0,2
3802699,Ligue 1,2021/2022,2021-10-29,Paris Saint-Germain,Lille,2,1
3802685,Ligue 1,2021/2022,2021-12-04,Lens,Paris Saint-Germain,1,1
3802665,Ligue 1,2021/2022,2022-05-14,Montpellier,Paris Saint-Germain,0,4
3802752,Ligue 1,2021/2022,2021-09-19,Paris Saint-Germain,Lyon,2,1
3802809,Ligue 1,2021/2022,2021-10-03,Rennes,Paris Saint-Germain,2,0
3802676,Ligue 1,2021/2022,2022-04-23,Paris Saint-Germain,Lens,1,1
3802983,Ligue 1,2021/2022,2022-04-17,Paris Saint-Germain,Marseille,2,1
3802907,Ligue 1,2021/2022,2022-02-06,Lille,Paris Saint-Germain,1,5
3802902,Ligue 1,2021/2022,2021-10-24,Marseille,Paris Saint-Germain,0,0
3802818,Ligue 1,2021/2022,2022-04-03,Paris Saint-Germain,Lorient,5,1
3802683,Ligue 1,2021/2022,2021-12-12,Paris Saint-Germain,AS Monaco,2,0
3802690,Ligue 1,2021/2022,2021-12-22,Lorient,Paris Saint-Germain,1,1
3802904,Ligue 1,2021/2022,2022-03-13,Paris Saint-Germain,Bordeaux,3,0
3802837,Ligue 1,2021/2022,2021-11-28,Saint-Étienne,Paris Saint-Germain,1,3
3802984,Ligue 1,2021/2022,2021-11-20,Paris Saint-Germain,Nantes,3,1
3802805,Ligue 1,2021/2022,2022-03-05,OGC Nice,Paris Saint-Germain,1,0
3802709,Ligue 1,2021/2022,2022-02-26,Paris Saint-Germain,Saint-Étienne,3,1
3802948,Ligue 1,2021/2022,2022-05-21,Paris Saint-Germain,Metz,5,0
3802930,Ligue 1,2021/2022,2022-05-08,Paris Saint-Germain,Troyes,2,2
3802793,Ligue 1,2021/2022,2021-12-01,Paris Saint-Germain,OGC Nice,0,0
3802839,Ligue 1,2021/2022,2022-02-19,Nantes,Paris Saint-Germain,3,1
3802795,Ligue 1,2021/2022,2022-02-11,Paris Saint-Germain,Rennes,1,0
3901199,Ligue 1,2015/2016,2016-04-02,Rennes,Stade de Reims,3,1
3901178,Ligue 1,2015/2016,2016-03-12,Lorient,Marseille,1,1
3901260,Ligue 1,2015/2016,2016-05-14,Lorient,Gazélec Ajaccio,1,0
3829470,Ligue 1,2015/2016,2015-09-20,Saint-Étienne,Nantes,2,0
3901259,Ligue 1,2015/2016,2016-05-14,Troyes,Marseille,1,1
3901263,Ligue 1,2015/2016,2016-05-14,Rennes,Bastia,1,2
3900594,Ligue 1,2015/2016,2016-01-23,Nantes,Bordeaux,2,2
3900587,Ligue 1,2015/2016,2016-01-17,Saint-Étienne,Lyon,1,0
3900541,Ligue 1,2015/2016,2015-12-05,Bastia,AS Monaco,1,2
3900596,Ligue 1,2015/2016,2016-01-23,Guingamp,Bastia,1,0
3900591,Ligue 1,2015/2016,2016-01-23,Paris Saint-Germain,Angers,5,1
3901188,Ligue 1,2015/2016,2016-03-19,Saint-Étienne,Montpellier,3,0
3901184,Ligue 1,2015/2016,2016-03-18,Marseille,Rennes,2,5
3901182,Ligue 1,2015/2016,2016-03-13,Nantes,Angers,2,0
3901170,Ligue 1,2015/2016,2016-03-06,Rennes,Nantes,4,1
3901169,Ligue 1,2015/2016,2016-03-06,Marseille,Toulouse,1,1
3901166,Ligue 1,2015/2016,2016-03-05,Paris Saint-Germain,Montpellier,0,0
3901168,Ligue 1,2015/2016,2016-03-05,Lille,Stade de Reims,2,0
3900601,Ligue 1,2015/2016,2016-01-30,Gazélec Ajaccio,Montpellier,0,4
3901262,Ligue 1,2015/2016,2016-05-14,Caen,Bordeaux,1,0
3901261,Ligue 1,2015/2016,2016-05-14,Paris Saint-Germain,Nantes,4,0
3901258,Ligue 1,2015/2016,2016-05-14,Guingamp,OGC Nice,2,3
3901257,Ligue 1,2015/2016,2016-05-14,Saint-Étienne,Lille,0,1
3901256,Ligue 1,2015/2016,2016-05-14,AS Monaco,Montpellier,2,0
3901255,Ligue 1,2015/2016,2016-05-14,Angers,Toulouse,2,3
3901254,Ligue 1,2015/2016,2016-05-14,Stade de Reims,Lyon,4,1
3901253,Ligue 1,2015/2016,2016-05-11,Bordeaux,Paris Saint-Germain,1,1
3901252,Ligue 1,2015/2016,2016-05-07,Lyon,AS Monaco,6,1
3901251,Ligue 1,2015/2016,2016-05-07,Marseille,Stade de Reims,1,0
3901250,Ligue 1,2015/2016,2016-05-07,OGC Nice,Saint-Étienne,2,0
3901249,Ligue 1,2015/2016,2016-05-07,Montpellier,Rennes,2,0
3901248,Ligue 1,2015/2016,2016-05-07,Lille,Guingamp,0,0
3901247,Ligue 1,2015/2016,2016-05-07,Gazélec Ajaccio,Paris Saint-Germain,0,4
3901246,Ligue 1,2015/2016,2016-05-07,Nantes,Caen,1,2
3901245,Ligue 1,2015/2016,2016-05-07,Bordeaux,Lorient,3,0
3901244,Ligue 1,2015/2016,2016-05-07,Toulouse,Troyes,1,0
3901243,Ligue 1,2015/2016,2016-05-07,Bastia,Angers,1,0
3901242,Ligue 1,2015/2016,2016-05-01,Angers,Marseille,0,1
3901241,Ligue 1,2015/2016,2016-04-30,Caen,Bastia,0,0
3901240,Ligue 1,2015/2016,2016-04-30,Lorient,Lille,0,1
3901238,Ligue 1,2015/2016,2016-04-30,AS Monaco,Guingamp,3,2
3901237,Ligue 1,2015/2016,2016-04-30,Saint-Étienne,Toulouse,0,0
3901236,Ligue 1,2015/2016,2016-04-30,Nantes,OGC Nice,1,0
3901235,Ligue 1,2015/2016,2016-04-30,Lyon,Gazélec Ajaccio,2,1
3901234,Ligue 1,2015/2016,2016-04-30,Stade de Reims,Montpellier,2,3
3901233,Ligue 1,2015/2016,2016-04-29,Paris Saint-Germain,Rennes,4,0
3901232,Ligue 1,2015/2016,2016-04-27,Lille,Angers,0,0
3901231,Ligue 1,2015/2016,2016-04-24,Rennes,AS Monaco,1,1
3901230,Ligue 1,2015/2016,2016-04-24,Gazélec Ajaccio,Bastia,3,2
3901229,Ligue 1,2015/2016,2016-04-24,Guingamp,Caen,1,1
3901228,Ligue 1,2015/2016,2016-04-24,Saint-Étienne,Lorient,2,0
3901227,Ligue 1,2015/2016,2016-04-24,Marseille,Nantes,1,1
3901226,Ligue 1,2015/2016,2016-04-24,Montpellier,Troyes,4,1
3901225,Ligue 1,2015/2016,2016-04-23,Toulouse,Lyon,2,3
3901224,Ligue 1,2015/2016,2016-04-22,OGC Nice,Stade de Reims,2,0
3901223,Ligue 1,2015/2016,2016-04-17,AS Monaco,Marseille,2,1
3901222,Ligue 1,2015/2016,2016-04-17,Nantes,Montpellier,0,2
3901221,Ligue 1,2015/2016,2016-04-17,Rennes,Guingamp,0,3
3901220,Ligue 1,2015/2016,2016-04-16,Bastia,Saint-Étienne,0,1
3901219,Ligue 1,2015/2016,2016-04-16,Lorient,Toulouse,1,1
3901218,Ligue 1,2015/2016,2016-04-16,Bordeaux,Angers,1,3
3901217,Ligue 1,2015/2016,2016-04-16,Troyes,Stade de Reims,2,1
3901216,Ligue 1,2015/2016,2016-04-16,Paris Saint-Germain,Caen,6,0
3901215,Ligue 1,2015/2016,2016-04-16,Gazélec Ajaccio,Lille,2,4
3901214,Ligue 1,2015/2016,2016-04-15,Lyon,OGC Nice,1,1
3901213,Ligue 1,2015/2016,2016-04-10,OGC Nice,Rennes,3,0
3901212,Ligue 1,2015/2016,2016-04-10,Lille,AS Monaco,4,1
3901211,Ligue 1,2015/2016,2016-04-10,Marseille,Bordeaux,0,0
3901210,Ligue 1,2015/2016,2016-04-09,Saint-Étienne,Troyes,1,0
3901209,Ligue 1,2015/2016,2016-04-09,Angers,Gazélec Ajaccio,0,0
3901208,Ligue 1,2015/2016,2016-04-09,Guingamp,Paris Saint-Germain,0,2
3901207,Ligue 1,2015/2016,2016-04-09,Stade de Reims,Nantes,2,1
3901206,Ligue 1,2015/2016,2016-04-09,Toulouse,Bastia,4,0
3901205,Ligue 1,2015/2016,2016-04-09,Caen,Lorient,1,2
3901204,Ligue 1,2015/2016,2016-04-08,Montpellier,Lyon,0,2
3901203,Ligue 1,2015/2016,2016-04-03,Nantes,Lille,0,3
3901202,Ligue 1,2015/2016,2016-04-03,Lorient,Lyon,1,3
3901201,Ligue 1,2015/2016,2016-04-03,Bastia,Marseille,2,1
3901200,Ligue 1,2015/2016,2016-04-02,Toulouse,Caen,2,0
3901198,Ligue 1,2015/2016,2016-04-02,Troyes,Angers,0,1
3901197,Ligue 1,2015/2016,2016-04-02,Guingamp,Montpellier,2,2
3901196,Ligue 1,2015/2016,2016-04-02,Paris Saint-Germain,OGC Nice,4,1
3901195,Ligue 1,2015/2016,2016-04-02,Gazélec Ajaccio,Saint-Étienne,0,2
3901194,Ligue 1,2015/2016,2016-04-01,AS Monaco,Bordeaux,1,2
3901193,Ligue 1,2015/2016,2016-03-20,Paris Saint-Germain,AS Monaco,0,2
3901192,Ligue 1,2015/2016,2016-03-20,Bordeaux,Bastia,1,1
3901191,Ligue 1,2015/2016,2016-03-20,OGC Nice,Gazélec Ajaccio,3,0
3901190,Ligue 1,2015/2016,2016-03-19,Caen,Troyes,2,1
3901189,Ligue 1,2015/2016,2016-03-19,Lille,Toulouse,1,0
3901187,Ligue 1,2015/2016,2016-03-19,Angers,Lorient,5,1
3901186,Ligue 1,2015/2016,2016-03-19,Lyon,Nantes,2,0
3901185,Ligue 1,2015/2016,2016-03-19,Stade de Reims,Guingamp,0,1
3901183,Ligue 1,2015/2016,2016-03-13,Troyes,Paris Saint-Germain,0,9
3901181,Ligue 1,2015/2016,2016-03-13,Rennes,Lyon,2,2
3901180,Ligue 1,2015/2016,2016-03-12,Guingamp,Saint-Étienne,2,0
3901179,Ligue 1,2015/2016,2016-03-12,Gazélec Ajaccio,Caen,1,0
3901177,Ligue 1,2015/2016,2016-03-12,Bastia,Lille,1,2
3901176,Ligue 1,2015/2016,2016-03-12,Toulouse,Bordeaux,4,0
3901175,Ligue 1,2015/2016,2016-03-12,Montpellier,OGC Nice,0,2
3901174,Ligue 1,2015/2016,2016-03-11,AS Monaco,Stade de Reims,2,2
3901173,Ligue 1,2015/2016,2016-03-09,Gazélec Ajaccio,Marseille,1,1
3901172,Ligue 1,2015/2016,2016-03-09,Bastia,Nantes,0,0
3901171,Ligue 1,2015/2016,2016-03-06,Lyon,Guingamp,5,1
3901167,Ligue 1,2015/2016,2016-03-05,Bastia,Lorient,0,0
3901165,Ligue 1,2015/2016,2016-03-05,Bordeaux,Gazélec Ajaccio,1,1
3901164,Ligue 1,2015/2016,2016-03-05,Angers,Saint-Étienne,0,0
3901163,Ligue 1,2015/2016,2016-03-05,OGC Nice,Troyes,2,1
3901162,Ligue 1,2015/2016,2016-03-04,Caen,AS Monaco,2,2
3901161,Ligue 1,2015/2016,2016-02-28,Saint-Étienne,Caen,1,2
3901160,Ligue 1,2015/2016,2016-02-28,Nantes,AS Monaco,0,0
3901159,Ligue 1,2015/2016,2016-02-28,Lyon,Paris Saint-Germain,2,1
3901158,Ligue 1,2015/2016,2016-02-27,Toulouse,Rennes,1,2
3901157,Ligue 1,2015/2016,2016-02-27,Stade de Reims,Bordeaux,4,1
3901156,Ligue 1,2015/2016,2016-02-27,Guingamp,Angers,2,2
3901155,Ligue 1,2015/2016,2016-02-27,Montpellier,Lille,3,0
3901154,Ligue 1,2015/2016,2016-02-27,Troyes,Lorient,0,1
3901153,Ligue 1,2015/2016,2016-02-26,OGC Nice,Bastia,0,2
3901152,Ligue 1,2015/2016,2016-02-21,Caen,Rennes,1,0
3901151,Ligue 1,2015/2016,2016-02-21,Lille,Lyon,1,0
3901150,Ligue 1,2015/2016,2016-02-21,Marseille,Saint-Étienne,1,1
3901149,Ligue 1,2015/2016,2016-02-20,AS Monaco,Troyes,3,1
3901148,Ligue 1,2015/2016,2016-02-20,Lorient,Guingamp,4,3
3901147,Ligue 1,2015/2016,2016-02-20,Toulouse,Gazélec Ajaccio,1,1
3901146,Ligue 1,2015/2016,2016-02-20,Paris Saint-Germain,Stade de Reims,4,1
3901145,Ligue 1,2015/2016,2016-02-20,Angers,Montpellier,2,3
3901144,Ligue 1,2015/2016,2016-02-19,Bordeaux,OGC Nice,0,0
3900608,Ligue 1,2015/2016,2016-01-31,Caen,OGC Nice,2,0
3900602,Ligue 1,2015/2016,2016-01-30,Lorient,Stade de Reims,2,0
3829518,Ligue 1,2015/2016,2015-10-25,Lille,Marseille,1,2
3829479,Ligue 1,2015/2016,2015-09-23,Lorient,Caen,2,0
3829478,Ligue 1,2015/2016,2015-09-23,Gazélec Ajaccio,Rennes,1,1
3829519,Ligue 1,2015/2016,2015-10-25,Paris Saint-Germain,Saint-Étienne,4,1
3829416,Ligue 1,2015/2016,2015-08-08,OGC Nice,AS Monaco,1,2
3829459,Ligue 1,2015/2016,2015-09-12,OGC Nice,Guingamp,0,1
3900636,Ligue 1,2015/2016,2016-02-13,Nantes,Lorient,2,1
3900633,Ligue 1,2015/2016,2016-02-13,Gazélec Ajaccio,Troyes,2,3
3900628,Ligue 1,2015/2016,2016-02-07,Lille,Rennes,1,1
3900627,Ligue 1,2015/2016,2016-02-07,Bordeaux,Saint-Étienne,1,4
3900625,Ligue 1,2015/2016,2016-02-06,AS Monaco,OGC Nice,1,0
3900624,Ligue 1,2015/2016,2016-02-06,Angers,Lyon,0,3
3900616,Ligue 1,2015/2016,2016-02-03,Lyon,Bordeaux,3,0
3900617,Ligue 1,2015/2016,2016-02-03,Stade de Reims,Angers,2,1
3900609,Ligue 1,2015/2016,2016-01-31,Bordeaux,Rennes,4,0
3900604,Ligue 1,2015/2016,2016-01-30,Angers,AS Monaco,3,0
3900605,Ligue 1,2015/2016,2016-01-30,Bastia,Lyon,1,0
3900603,Ligue 1,2015/2016,2016-01-30,Toulouse,Guingamp,1,2
3900606,Ligue 1,2015/2016,2016-01-30,Troyes,Nantes,0,1
3900600,Ligue 1,2015/2016,2016-01-29,Marseille,Lille,1,1
3900598,Ligue 1,2015/2016,2016-01-24,AS Monaco,Toulouse,4,0
3900597,Ligue 1,2015/2016,2016-01-24,Lyon,Marseille,1,1
3900599,Ligue 1,2015/2016,2016-01-24,Stade de Reims,Saint-Étienne,1,1
3900592,Ligue 1,2015/2016,2016-01-23,Montpellier,Caen,1,2
3900595,Ligue 1,2015/2016,2016-01-23,OGC Nice,Lorient,2,1
3900593,Ligue 1,2015/2016,2016-01-23,Lille,Troyes,1,3
3900590,Ligue 1,2015/2016,2016-01-22,Rennes,Gazélec Ajaccio,1,0
3900589,Ligue 1,2015/2016,2016-01-17,Caen,Marseille,1,3
3900588,Ligue 1,2015/2016,2016-01-17,Lorient,AS Monaco,0,2
3900586,Ligue 1,2015/2016,2016-01-16,Guingamp,Nantes,2,2
3900584,Ligue 1,2015/2016,2016-01-16,Bastia,Montpellier,1,0
3900582,Ligue 1,2015/2016,2016-01-16,Gazélec Ajaccio,Stade de Reims,2,2
3900583,Ligue 1,2015/2016,2016-01-16,Troyes,Rennes,2,4
3900585,Ligue 1,2015/2016,2016-01-16,Toulouse,Paris Saint-Germain,0,1
3900570,Ligue 1,2015/2016,2016-01-08,Paris Saint-Germain,Bastia,2,0
3900567,Ligue 1,2015/2016,2015-12-20,Bordeaux,Marseille,1,1
3900568,Ligue 1,2015/2016,2015-12-20,Gazélec Ajaccio,Lyon,2,1
3900549,Ligue 1,2015/2016,2015-12-06,Saint-Étienne,Rennes,1,1
3900548,Ligue 1,2015/2016,2015-12-06,Bordeaux,Guingamp,1,0
3900547,Ligue 1,2015/2016,2015-12-06,Marseille,Montpellier,2,2
3900545,Ligue 1,2015/2016,2015-12-05,Lyon,Angers,0,2
3900546,Ligue 1,2015/2016,2015-12-05,Gazélec Ajaccio,Nantes,1,1
3900544,Ligue 1,2015/2016,2015-12-05,Toulouse,Lorient,2,3
3900540,Ligue 1,2015/2016,2015-12-04,OGC Nice,Paris Saint-Germain,0,3
3900539,Ligue 1,2015/2016,2015-12-03,Rennes,Marseille,0,1
3900533,Ligue 1,2015/2016,2015-12-02,AS Monaco,Caen,1,1
3900538,Ligue 1,2015/2016,2015-12-02,Guingamp,Stade de Reims,1,2
3900537,Ligue 1,2015/2016,2015-12-02,Troyes,Toulouse,0,3
3900536,Ligue 1,2015/2016,2015-12-02,Montpellier,Gazélec Ajaccio,0,2
3900534,Ligue 1,2015/2016,2015-12-02,Bastia,Bordeaux,1,0
3900535,Ligue 1,2015/2016,2015-12-02,Lille,Saint-Étienne,1,0
3900530,Ligue 1,2015/2016,2015-12-01,Nantes,Lyon,0,0
3900532,Ligue 1,2015/2016,2015-12-01,Angers,Paris Saint-Germain,0,0
3900531,Ligue 1,2015/2016,2015-12-01,Lorient,OGC Nice,0,0
3900529,Ligue 1,2015/2016,2015-11-29,Saint-Étienne,Guingamp,3,0
3900528,Ligue 1,2015/2016,2015-11-29,Bordeaux,Caen,1,4
3900522,Ligue 1,2015/2016,2015-11-28,Toulouse,OGC Nice,2,0
3900523,Ligue 1,2015/2016,2015-11-28,Stade de Reims,Rennes,2,2
3900521,Ligue 1,2015/2016,2015-11-28,Paris Saint-Germain,Troyes,4,1
3900518,Ligue 1,2015/2016,2015-11-22,Caen,Angers,0,0
3900519,Ligue 1,2015/2016,2015-11-22,Rennes,Bordeaux,2,2
3900511,Ligue 1,2015/2016,2015-11-21,Lorient,Paris Saint-Germain,1,2
3900514,Ligue 1,2015/2016,2015-11-21,Guingamp,Toulouse,2,0
3900515,Ligue 1,2015/2016,2015-11-21,AS Monaco,Nantes,1,0
3829512,Ligue 1,2015/2016,2015-10-23,Lyon,Toulouse,3,0
3829495,Ligue 1,2015/2016,2015-10-03,Lyon,Stade de Reims,1,0
3900491,Ligue 1,2015/2016,2015-10-31,Saint-Étienne,Stade de Reims,3,0
3900504,Ligue 1,2015/2016,2015-11-07,Montpellier,Nantes,2,1
3900506,Ligue 1,2015/2016,2015-11-07,Stade de Reims,Gazélec Ajaccio,1,2
3900505,Ligue 1,2015/2016,2015-11-07,Caen,Guingamp,2,1
3829496,Ligue 1,2015/2016,2015-10-03,Angers,Bastia,1,0
3829514,Ligue 1,2015/2016,2015-10-24,Angers,Guingamp,0,0
3829499,Ligue 1,2015/2016,2015-10-04,Caen,Saint-Étienne,1,0
3829469,Ligue 1,2015/2016,2015-09-20,AS Monaco,Lorient,2,3
3829454,Ligue 1,2015/2016,2015-09-12,Lyon,Lille,0,0
3829439,Ligue 1,2015/2016,2015-08-22,Toulouse,AS Monaco,1,1
3829513,Ligue 1,2015/2016,2015-10-23,Caen,Nantes,0,2
3829510,Ligue 1,2015/2016,2015-10-18,Rennes,OGC Nice,1,4
3829445,Ligue 1,2015/2016,2015-08-29,Angers,OGC Nice,1,1
3829433,Ligue 1,2015/2016,2015-08-21,Montpellier,Paris Saint-Germain,0,1
3829466,Ligue 1,2015/2016,2015-09-19,Angers,Troyes,1,0
3900639,Ligue 1,2015/2016,2016-02-14,Saint-Étienne,AS Monaco,1,1
3900638,Ligue 1,2015/2016,2016-02-14,Lyon,Caen,4,1
3900637,Ligue 1,2015/2016,2016-02-14,OGC Nice,Marseille,1,1
3900635,Ligue 1,2015/2016,2016-02-13,Stade de Reims,Bastia,0,1
3900634,Ligue 1,2015/2016,2016-02-13,Paris Saint-Germain,Lille,0,0
3900632,Ligue 1,2015/2016,2016-02-13,Guingamp,Bordeaux,2,4
3900631,Ligue 1,2015/2016,2016-02-13,Montpellier,Toulouse,2,0
3900630,Ligue 1,2015/2016,2016-02-12,Rennes,Angers,1,0
3900629,Ligue 1,2015/2016,2016-02-07,Marseille,Paris Saint-Germain,1,2
3900626,Ligue 1,2015/2016,2016-02-06,Gazélec Ajaccio,Guingamp,0,0
3900623,Ligue 1,2015/2016,2016-02-06,Lorient,Montpellier,1,1
3900622,Ligue 1,2015/2016,2016-02-06,Bastia,Troyes,2,0
3900621,Ligue 1,2015/2016,2016-02-06,Toulouse,Nantes,0,0
3900620,Ligue 1,2015/2016,2016-02-06,Caen,Stade de Reims,0,2
3900619,Ligue 1,2015/2016,2016-02-04,Rennes,Saint-Étienne,0,1
3900618,Ligue 1,2015/2016,2016-02-03,Paris Saint-Germain,Lorient,3,1
3900615,Ligue 1,2015/2016,2016-02-03,Nantes,Gazélec Ajaccio,3,1
3900614,Ligue 1,2015/2016,2016-02-03,Lille,Caen,1,0
3900613,Ligue 1,2015/2016,2016-02-03,OGC Nice,Toulouse,1,0
3900612,Ligue 1,2015/2016,2016-02-03,Guingamp,Troyes,4,0
3900611,Ligue 1,2015/2016,2016-02-02,AS Monaco,Bastia,2,0
3900610,Ligue 1,2015/2016,2016-02-02,Montpellier,Marseille,0,1
3900581,Ligue 1,2015/2016,2016-01-16,Bordeaux,Lille,1,0
3900580,Ligue 1,2015/2016,2016-01-15,OGC Nice,Angers,2,1
3900579,Ligue 1,2015/2016,2016-01-10,Nantes,Saint-Étienne,2,1
3900578,Ligue 1,2015/2016,2016-01-10,Lille,OGC Nice,1,1
3900577,Ligue 1,2015/2016,2016-01-10,Marseille,Guingamp,0,0
3900576,Ligue 1,2015/2016,2016-01-09,Montpellier,Bordeaux,0,1
3900575,Ligue 1,2015/2016,2016-01-09,Stade de Reims,Toulouse,1,3
3900574,Ligue 1,2015/2016,2016-01-09,Lyon,Troyes,4,1
3900573,Ligue 1,2015/2016,2016-01-09,Angers,Caen,2,0
3900572,Ligue 1,2015/2016,2016-01-09,AS Monaco,Gazélec Ajaccio,2,2
3900571,Ligue 1,2015/2016,2016-01-09,Rennes,Lorient,2,2
3900569,Ligue 1,2015/2016,2015-12-20,Saint-Étienne,Angers,1,0
3900566,Ligue 1,2015/2016,2015-12-19,Bastia,Stade de Reims,2,0
3900565,Ligue 1,2015/2016,2015-12-19,Lorient,Nantes,0,0
3900564,Ligue 1,2015/2016,2015-12-19,Troyes,AS Monaco,0,0
3900563,Ligue 1,2015/2016,2015-12-19,Guingamp,Rennes,0,2
3900562,Ligue 1,2015/2016,2015-12-19,Caen,Paris Saint-Germain,0,3
3900561,Ligue 1,2015/2016,2015-12-19,Toulouse,Lille,1,1
3900560,Ligue 1,2015/2016,2015-12-18,OGC Nice,Montpellier,1,0
3900559,Ligue 1,2015/2016,2015-12-13,Marseille,Gazélec Ajaccio,1,1
3900558,Ligue 1,2015/2016,2015-12-13,AS Monaco,Saint-Étienne,1,0
3900557,Ligue 1,2015/2016,2015-12-13,Paris Saint-Germain,Lyon,5,1
3900556,Ligue 1,2015/2016,2015-12-13,Angers,Bordeaux,1,1
3900555,Ligue 1,2015/2016,2015-12-12,Nantes,Toulouse,1,1
3900554,Ligue 1,2015/2016,2015-12-12,Troyes,Bastia,1,1
3900553,Ligue 1,2015/2016,2015-12-12,Stade de Reims,OGC Nice,1,1
3900552,Ligue 1,2015/2016,2015-12-12,Montpellier,Guingamp,2,1
3900551,Ligue 1,2015/2016,2015-12-12,Lille,Lorient,3,0
3900550,Ligue 1,2015/2016,2015-12-11,Rennes,Caen,1,1
3900543,Ligue 1,2015/2016,2015-12-05,Stade de Reims,Troyes,1,1
3900542,Ligue 1,2015/2016,2015-12-05,Caen,Lille,1,2
3900527,Ligue 1,2015/2016,2015-11-29,Marseille,AS Monaco,3,3
3900526,Ligue 1,2015/2016,2015-11-28,Angers,Lille,2,0
3900525,Ligue 1,2015/2016,2015-11-28,Nantes,Bastia,0,0
3900524,Ligue 1,2015/2016,2015-11-28,Gazélec Ajaccio,Lorient,1,1
3900520,Ligue 1,2015/2016,2015-11-27,Lyon,Montpellier,2,4
3900516,Ligue 1,2015/2016,2015-11-22,Saint-Étienne,Marseille,0,2
3900513,Ligue 1,2015/2016,2015-11-21,Troyes,Lille,1,1
3900512,Ligue 1,2015/2016,2015-11-21,Montpellier,Stade de Reims,3,1
3900510,Ligue 1,2015/2016,2015-11-20,OGC Nice,Lyon,3,0
3900509,Ligue 1,2015/2016,2015-11-08,Lyon,Saint-Étienne,3,0
3900508,Ligue 1,2015/2016,2015-11-08,Bordeaux,AS Monaco,3,1
3900507,Ligue 1,2015/2016,2015-11-08,Marseille,OGC Nice,0,1
3900503,Ligue 1,2015/2016,2015-11-07,Lille,Bastia,1,1
3900502,Ligue 1,2015/2016,2015-11-07,Lorient,Troyes,4,1
3900501,Ligue 1,2015/2016,2015-11-07,Paris Saint-Germain,Toulouse,5,0
3900500,Ligue 1,2015/2016,2015-11-06,Angers,Rennes,0,2
3900499,Ligue 1,2015/2016,2015-11-01,Nantes,Marseille,0,1
3900498,Ligue 1,2015/2016,2015-11-01,AS Monaco,Angers,1,0
3900497,Ligue 1,2015/2016,2015-11-01,OGC Nice,Lille,0,0
3900496,Ligue 1,2015/2016,2015-10-31,Toulouse,Montpellier,1,1
3900495,Ligue 1,2015/2016,2015-10-31,Bastia,Caen,1,0
3900494,Ligue 1,2015/2016,2015-10-31,Gazélec Ajaccio,Bordeaux,2,0
3900493,Ligue 1,2015/2016,2015-10-31,Troyes,Lyon,0,1
3900492,Ligue 1,2015/2016,2015-10-31,Guingamp,Lorient,2,2
3900490,Ligue 1,2015/2016,2015-10-30,Rennes,Paris Saint-Germain,0,1
3829438,Ligue 1,2015/2016,2015-08-22,OGC Nice,Caen,2,1
3829413,Ligue 1,2015/2016,2015-08-07,Lille,Paris Saint-Germain,0,1
3829428,Ligue 1,2015/2016,2015-08-15,Caen,Toulouse,1,0
3829522,Ligue 1,2015/2016,2015-11-04,OGC Nice,Nantes,1,2
3829521,Ligue 1,2015/2016,2015-10-25,Bordeaux,Troyes,1,0
3829520,Ligue 1,2015/2016,2015-10-25,Stade de Reims,AS Monaco,0,1
3829517,Ligue 1,2015/2016,2015-10-24,Gazélec Ajaccio,OGC Nice,3,1
3829516,Ligue 1,2015/2016,2015-10-24,Lorient,Rennes,1,1
3829515,Ligue 1,2015/2016,2015-10-24,Montpellier,Bastia,2,0
3829511,Ligue 1,2015/2016,2015-10-18,Bordeaux,Montpellier,0,0
3829509,Ligue 1,2015/2016,2015-10-18,Marseille,Lorient,1,1
3829508,Ligue 1,2015/2016,2015-10-17,Stade de Reims,Caen,0,1
3829507,Ligue 1,2015/2016,2015-10-17,Toulouse,Angers,1,2
3829506,Ligue 1,2015/2016,2015-10-17,Guingamp,Lille,1,1
3829505,Ligue 1,2015/2016,2015-10-17,Saint-Étienne,Gazélec Ajaccio,2,0
3829504,Ligue 1,2015/2016,2015-10-17,Bastia,Paris Saint-Germain,0,2
3829503,Ligue 1,2015/2016,2015-10-17,Nantes,Troyes,3,0
3829502,Ligue 1,2015/2016,2015-10-16,AS Monaco,Lyon,1,1
3829501,Ligue 1,2015/2016,2015-10-04,AS Monaco,Rennes,1,1
3829500,Ligue 1,2015/2016,2015-10-04,Paris Saint-Germain,Marseille,2,1
3829498,Ligue 1,2015/2016,2015-10-04,Lorient,Bordeaux,3,2
3829497,Ligue 1,2015/2016,2015-10-03,Troyes,Guingamp,0,1
3829494,Ligue 1,2015/2016,2015-10-03,Gazélec Ajaccio,Toulouse,2,2
3829493,Ligue 1,2015/2016,2015-10-02,Lille,Montpellier,2,0
3829492,Ligue 1,2015/2016,2015-09-29,Lille,Nantes,0,1
3829491,Ligue 1,2015/2016,2015-09-27,Marseille,Angers,1,2
3829490,Ligue 1,2015/2016,2015-09-27,Saint-Étienne,OGC Nice,1,4
3829489,Ligue 1,2015/2016,2015-09-27,Montpellier,Lorient,2,1
3829488,Ligue 1,2015/2016,2015-09-27,Guingamp,AS Monaco,3,3
3829487,Ligue 1,2015/2016,2015-09-26,Caen,Gazélec Ajaccio,2,0
3829486,Ligue 1,2015/2016,2015-09-26,Bastia,Toulouse,3,0
3829485,Ligue 1,2015/2016,2015-09-26,Rennes,Troyes,1,1
3829484,Ligue 1,2015/2016,2015-09-26,Bordeaux,Lyon,3,1
3829483,Ligue 1,2015/2016,2015-09-26,Nantes,Paris Saint-Germain,1,4
3829482,Ligue 1,2015/2016,2015-09-25,Stade de Reims,Lille,1,0
3829481,Ligue 1,2015/2016,2015-09-24,Montpellier,AS Monaco,2,3
3829480,Ligue 1,2015/2016,2015-09-23,Troyes,Saint-Étienne,0,1
3829477,Ligue 1,2015/2016,2015-09-23,Toulouse,Marseille,1,1
3829476,Ligue 1,2015/2016,2015-09-23,Lyon,Bastia,2,0
3829475,Ligue 1,2015/2016,2015-09-23,OGC Nice,Bordeaux,6,1
3829474,Ligue 1,2015/2016,2015-09-22,Angers,Stade de Reims,0,0
3829473,Ligue 1,2015/2016,2015-09-22,Paris Saint-Germain,Guingamp,3,0
3829472,Ligue 1,2015/2016,2015-09-20,Marseille,Lyon,1,1
3829471,Ligue 1,2015/2016,2015-09-20,Bordeaux,Toulouse,1,1
3829468,Ligue 1,2015/2016,2015-09-19,Guingamp,Gazélec Ajaccio,2,1
3829467,Ligue 1,2015/2016,2015-09-19,Caen,Montpellier,2,1
3829465,Ligue 1,2015/2016,2015-09-19,Stade de Reims,Paris Saint-Germain,1,1
3829464,Ligue 1,2015/2016,2015-09-19,Bastia,OGC Nice,1,3
3829463,Ligue 1,2015/2016,2015-09-18,Rennes,Lille,1,1
3829462,Ligue 1,2015/2016,2015-09-13,Gazélec Ajaccio,AS Monaco,0,1
3829461,Ligue 1,2015/2016,2015-09-13,Marseille,Bastia,4,1
3829460,Ligue 1,2015/2016,2015-09-13,Nantes,Rennes,0,2
3829458,Ligue 1,2015/2016,2015-09-12,Toulouse,Stade de Reims,2,2
3829457,Ligue 1,2015/2016,2015-09-12,Montpellier,Saint-Étienne,1,2
3829456,Ligue 1,2015/2016,2015-09-12,Lorient,Angers,3,1
3829455,Ligue 1,2015/2016,2015-09-12,Troyes,Caen,1,3
3829453,Ligue 1,2015/2016,2015-09-11,Paris Saint-Germain,Bordeaux,2,2
3829452,Ligue 1,2015/2016,2015-08-30,Bordeaux,Nantes,2,0
3829451,Ligue 1,2015/2016,2015-08-30,Saint-Étienne,Bastia,2,1
3829450,Ligue 1,2015/2016,2015-08-30,AS Monaco,Paris Saint-Germain,0,3
3829449,Ligue 1,2015/2016,2015-08-29,Rennes,Toulouse,3,1
3829448,Ligue 1,2015/2016,2015-08-29,Stade de Reims,Lorient,4,1
3829447,Ligue 1,2015/2016,2015-08-29,Lille,Gazélec Ajaccio,1,0
3829446,Ligue 1,2015/2016,2015-08-29,Troyes,Montpellier,0,0
3829444,Ligue 1,2015/2016,2015-08-29,Caen,Lyon,0,4
3829443,Ligue 1,2015/2016,2015-08-28,Guingamp,Marseille,2,0
3829442,Ligue 1,2015/2016,2015-08-23,Lille,Bordeaux,0,0
3829441,Ligue 1,2015/2016,2015-08-23,Marseille,Troyes,6,0
3829440,Ligue 1,2015/2016,2015-08-23,Lorient,Saint-Étienne,0,1
3829437,Ligue 1,2015/2016,2015-08-22,Gazélec Ajaccio,Angers,0,2
3829436,Ligue 1,2015/2016,2015-08-22,Nantes,Stade de Reims,1,0
3829435,Ligue 1,2015/2016,2015-08-22,Lyon,Rennes,1,2
3829434,Ligue 1,2015/2016,2015-08-22,Bastia,Guingamp,3,0
3829432,Ligue 1,2015/2016,2015-08-16,Paris Saint-Germain,Gazélec Ajaccio,2,0
3829431,Ligue 1,2015/2016,2015-08-16,Lorient,Bastia,1,1
3829430,Ligue 1,2015/2016,2015-08-16,Stade de Reims,Marseille,1,0
3829429,Ligue 1,2015/2016,2015-08-15,Rennes,Montpellier,1,0
3829427,Ligue 1,2015/2016,2015-08-15,Troyes,OGC Nice,3,3
3829426,Ligue 1,2015/2016,2015-08-15,Guingamp,Lyon,0,1
3829425,Ligue 1,2015/2016,2015-08-15,Angers,Nantes,0,0
3829424,Ligue 1,2015/2016,2015-08-15,Saint-Étienne,Bordeaux,1,1
3829423,Ligue 1,2015/2016,2015-08-14,AS Monaco,Lille,0,0
3829422,Ligue 1,2015/2016,2015-08-09,Lyon,Lorient,0,0
3829421,Ligue 1,2015/2016,2015-08-09,Toulouse,Saint-Étienne,2,1
3829420,Ligue 1,2015/2016,2015-08-09,Bordeaux,Stade de Reims,1,2
3829419,Ligue 1,2015/2016,2015-08-08,Montpellier,Angers,0,2
3829418,Ligue 1,2015/2016,2015-08-08,Nantes,Guingamp,1,0
3829417,Ligue 1,2015/2016,2015-08-08,Troyes,Gazélec Ajaccio,0,0
3829415,Ligue 1,2015/2016,2015-08-08,Bastia,Rennes,2,1
3829414,Ligue 1,2015/2016,2015-08-08,Marseille,Caen,0,1
3877060,Major League Soccer,2023,2023-08-27,New York Red Bulls,Inter Miami,0,2
3877090,Major League Soccer,2023,2023-09-04,LAFC,Inter Miami,1,3
3877194,Major League Soccer,2023,2023-10-22,Charlotte,Inter Miami,1,0
3877072,Major League Soccer,2023,2023-08-31,Inter Miami,Nashville SC,0,0
3877170,Major League Soccer,2023,2023-10-08,Inter Miami,Cincinnati,0,1
3877115,Major League Soccer,2023,2023-09-21,Inter Miami,Toronto FC,4,0
3750234,North American League,1977,1977-08-28,NY Cosmos,Seattle Sounders,2,1
7476,NWSL,2018,2018-07-08,NJ/NY Gotham FC,Chicago Red Stars,1,3
7482,NWSL,2018,2018-07-12,North Carolina Courage,Washington Spirit,2,0
7494,NWSL,2018,2018-08-06,Houston Dash,Utah Royals,1,2
7486,NWSL,2018,2018-07-16,Portland Thorns,Houston Dash,3,1
7497,NWSL,2018,2018-08-11,Chicago Red Stars,North Carolina Courage,1,1
7430,NWSL,2018,2018-04-15,Washington Spirit,North Carolina Courage,2,4
7444,NWSL,2018,2018-05-06,North Carolina Courage,Chicago Red Stars,1,1
7443,NWSL,2018,2018-05-05,Portland Thorns,OL Reign,2,3
7521,NWSL,2018,2018-06-03,NJ/NY Gotham FC,Utah Royals,1,2
7492,NWSL,2018,2018-08-06,Orlando Pride,NJ/NY Gotham FC,2,2
7524,NWSL,2018,2018-07-12,Houston Dash,Orlando Pride,3,1
7496,NWSL,2018,2018-08-09,Utah Royals,Washington Spirit,1,0
7523,NWSL,2018,2018-06-04,OL Reign,Orlando Pride,0,0
7520,NWSL,2018,2018-06-03,Washington Spirit,Chicago Red Stars,0,2
7493,NWSL,2018,2018-08-06,OL Reign,Washington Spirit,2,0
7500,NWSL,2018,2018-08-12,Orlando Pride,Portland Thorns,0,2
7519,NWSL,2018,2018-05-31,Portland Thorns,North Carolina Courage,1,4
7473,NWSL,2018,2018-07-01,Utah Royals,NJ/NY Gotham FC,3,1
7522,NWSL,2018,2018-06-04,Houston Dash,North Carolina Courage,1,1
7484,NWSL,2018,2018-07-15,NJ/NY Gotham FC,North Carolina Courage,0,4
7475,NWSL,2018,2018-07-05,North Carolina Courage,Chicago Red Stars,4,1
7457,NWSL,2018,2018-05-24,Orlando Pride,North Carolina Courage,3,4
7445,NWSL,2018,2018-05-06,Utah Royals,Washington Spirit,2,0
7490,NWSL,2018,2018-07-22,NJ/NY Gotham FC,Portland Thorns,1,2
7479,NWSL,2018,2018-07-08,Orlando Pride,Washington Spirit,2,1
7478,NWSL,2018,2018-07-08,OL Reign,Houston Dash,3,1
7456,NWSL,2018,2018-05-20,NJ/NY Gotham FC,North Carolina Courage,1,2
7471,NWSL,2018,2018-06-30,Orlando Pride,North Carolina Courage,0,3
7477,NWSL,2018,2018-07-07,Portland Thorns,Utah Royals,4,0
7472,NWSL,2018,2018-07-01,OL Reign,Portland Thorns,1,0
7474,NWSL,2018,2018-07-02,Chicago Red Stars,Washington Spirit,2,0
7487,NWSL,2018,2018-07-21,Utah Royals,North Carolina Courage,0,0
7485,NWSL,2018,2018-07-15,Chicago Red Stars,OL Reign,1,0
7483,NWSL,2018,2018-07-15,Utah Royals,Orlando Pride,1,2
7451,NWSL,2018,2018-05-13,North Carolina Courage,Washington Spirit,1,0
7480,NWSL,2018,2018-07-12,OL Reign,Utah Royals,1,0
3754058,Premier League,2015/2016,2016-01-02,Leicester City,AFC Bournemouth,0,0
3754245,Premier League,2015/2016,2015-10-17,West Bromwich Albion,Sunderland,1,0
3754136,Premier League,2015/2016,2015-12-19,Newcastle United,Aston Villa,1,1
3754037,Premier League,2015/2016,2016-04-30,Everton,AFC Bournemouth,2,1
3754039,Premier League,2015/2016,2016-02-13,Crystal Palace,Watford,1,2
3754041,Premier League,2015/2016,2016-05-15,Arsenal,Aston Villa,4,0
3754042,Premier League,2015/2016,2016-05-15,West Bromwich Albion,Liverpool,1,1
3754043,Premier League,2015/2016,2016-03-20,Tottenham Hotspur,AFC Bournemouth,3,0
3754045,Premier League,2015/2016,2015-12-29,Leicester City,Manchester City,0,0
3754048,Premier League,2015/2016,2016-04-13,Crystal Palace,Everton,0,0
3754049,Premier League,2015/2016,2016-02-27,Leicester City,Norwich City,1,0
3754050,Premier League,2015/2016,2016-03-01,Sunderland,Crystal Palace,2,2
3754052,Premier League,2015/2016,2016-03-19,West Bromwich Albion,Norwich City,0,1
3754053,Premier League,2015/2016,2016-03-13,Aston Villa,Tottenham Hotspur,0,2
3754055,Premier League,2015/2016,2016-05-11,Liverpool,Chelsea,1,1
3754226,Premier League,2015/2016,2015-12-30,Sunderland,Liverpool,0,1
3754014,Premier League,2015/2016,2015-12-26,Stoke City,Manchester United,2,0
3754091,Premier League,2015/2016,2015-10-24,Stoke City,Watford,0,2
3754135,Premier League,2015/2016,2015-12-05,Stoke City,Manchester City,2,0
3754293,Premier League,2015/2016,2015-11-07,Stoke City,Chelsea,1,0
3754339,Premier League,2015/2016,2015-09-26,Stoke City,AFC Bournemouth,2,1
3754146,Premier League,2015/2016,2015-09-19,Stoke City,Leicester City,2,2
3754347,Premier League,2015/2016,2015-12-05,Manchester United,West Ham United,0,0
3754255,Premier League,2015/2016,2015-12-13,Liverpool,West Bromwich Albion,2,2
3754278,Premier League,2015/2016,2015-10-03,AFC Bournemouth,Watford,1,1
3753979,Premier League,2015/2016,2015-11-23,Crystal Palace,Sunderland,0,1
3753972,Premier League,2015/2016,2015-11-21,Swansea City,AFC Bournemouth,2,2
3753978,Premier League,2015/2016,2015-09-26,Southampton,Swansea City,3,1
3753974,Premier League,2015/2016,2015-12-26,Newcastle United,Everton,0,1
3753993,Premier League,2015/2016,2015-08-15,Sunderland,Norwich City,1,3
3753983,Premier League,2015/2016,2015-10-31,Swansea City,Arsenal,0,3
3754015,Premier League,2015/2016,2015-10-25,Manchester United,Manchester City,0,0
3754038,Premier League,2015/2016,2015-11-29,Norwich City,Arsenal,1,1
3754001,Premier League,2015/2016,2015-09-26,Newcastle United,Chelsea,2,2
3754007,Premier League,2015/2016,2015-08-29,Stoke City,West Bromwich Albion,0,1
3754008,Premier League,2015/2016,2015-09-26,Manchester United,Sunderland,3,0
3754029,Premier League,2015/2016,2015-11-02,Tottenham Hotspur,Aston Villa,3,1
3753995,Premier League,2015/2016,2015-10-03,Chelsea,Southampton,1,3
3753999,Premier League,2015/2016,2015-10-17,Watford,Arsenal,0,3
3754017,Premier League,2015/2016,2015-10-24,Aston Villa,Swansea City,1,2
3754006,Premier League,2015/2016,2015-10-31,West Bromwich Albion,Leicester City,2,3
3754023,Premier League,2015/2016,2015-08-29,AFC Bournemouth,Leicester City,1,1
3753984,Premier League,2015/2016,2015-08-29,Liverpool,West Ham United,0,3
3754011,Premier League,2015/2016,2015-09-20,Southampton,Manchester United,2,3
3754010,Premier League,2015/2016,2015-09-19,Newcastle United,Watford,1,2
3754028,Premier League,2015/2016,2015-11-28,Manchester City,Southampton,3,1
3753996,Premier League,2015/2016,2015-11-21,Chelsea,Norwich City,1,0
3754025,Premier League,2015/2016,2015-12-19,Chelsea,Sunderland,3,1
3754068,Premier League,2015/2016,2015-09-19,Aston Villa,West Bromwich Albion,0,1
3754056,Premier League,2015/2016,2015-12-28,Everton,Stoke City,3,4
3754040,Premier League,2015/2016,2015-09-20,Liverpool,Norwich City,1,1
3754074,Premier League,2015/2016,2015-10-04,Swansea City,Tottenham Hotspur,2,2
3754076,Premier League,2015/2016,2015-10-03,Sunderland,West Ham United,2,2
3754067,Premier League,2015/2016,2015-10-17,Crystal Palace,West Ham United,1,3
3754079,Premier League,2015/2016,2015-10-03,Manchester City,Newcastle United,6,1
3754090,Premier League,2015/2016,2015-10-31,Newcastle United,Stoke City,0,0
3754083,Premier League,2015/2016,2015-08-29,Chelsea,Crystal Palace,1,2
3754077,Premier League,2015/2016,2015-09-19,Manchester City,West Ham United,1,2
3754060,Premier League,2015/2016,2015-10-04,Everton,Liverpool,1,1
3754073,Premier League,2015/2016,2015-12-05,Chelsea,AFC Bournemouth,0,1
3754085,Premier League,2015/2016,2015-12-05,Swansea City,Leicester City,0,3
3754047,Premier League,2015/2016,2015-11-29,Liverpool,Swansea City,1,0
3754051,Premier League,2015/2016,2015-12-20,Watford,Liverpool,3,0
3754093,Premier League,2015/2016,2015-11-29,Tottenham Hotspur,Chelsea,0,0
3754046,Premier League,2015/2016,2015-12-07,Everton,Crystal Palace,1,1
3754072,Premier League,2015/2016,2015-12-12,Sunderland,Watford,0,1
3754082,Premier League,2015/2016,2015-11-01,Everton,Sunderland,6,2
3754106,Premier League,2015/2016,2015-09-13,Leicester City,Aston Villa,3,2
3754099,Premier League,2015/2016,2015-10-03,Crystal Palace,West Bromwich Albion,2,0
3754098,Premier League,2015/2016,2015-10-31,Chelsea,Liverpool,1,3
3754057,Premier League,2015/2016,2015-12-26,Tottenham Hotspur,Norwich City,3,0
3754112,Premier League,2015/2016,2015-08-09,Newcastle United,Southampton,2,2
3754117,Premier League,2015/2016,2015-12-13,Aston Villa,Arsenal,0,2
3754104,Premier League,2015/2016,2015-08-22,Norwich City,Stoke City,1,1
3754054,Premier League,2015/2016,2015-12-26,Manchester City,Sunderland,4,1
3754113,Premier League,2015/2016,2015-12-05,Southampton,Aston Villa,1,1
3754107,Premier League,2015/2016,2015-08-14,Aston Villa,Manchester United,0,1
3754105,Premier League,2015/2016,2015-09-28,West Bromwich Albion,Everton,2,3
3754097,Premier League,2015/2016,2015-08-08,Manchester United,Tottenham Hotspur,1,0
3754102,Premier League,2015/2016,2015-10-18,Newcastle United,Norwich City,6,2
3754115,Premier League,2015/2016,2015-10-17,Chelsea,Aston Villa,2,0
3754148,Premier League,2015/2016,2015-09-13,Sunderland,Tottenham Hotspur,0,1
3754169,Premier League,2015/2016,2015-09-19,AFC Bournemouth,Sunderland,2,0
3754174,Premier League,2015/2016,2015-09-26,Leicester City,Arsenal,2,5
3754185,Premier League,2015/2016,2015-11-21,Watford,Manchester United,1,2
3754162,Premier League,2015/2016,2015-12-12,AFC Bournemouth,Manchester United,2,1
3754096,Premier League,2015/2016,2015-12-12,West Ham United,Stoke City,0,0
3754171,Premier League,2015/2016,2015-10-04,Arsenal,Manchester United,3,0
3754119,Premier League,2015/2016,2015-10-25,Sunderland,Newcastle United,3,0
3754126,Premier League,2015/2016,2015-10-24,Arsenal,Everton,2,1
3754133,Premier League,2015/2016,2015-10-24,Norwich City,West Bromwich Albion,0,1
3754167,Premier League,2015/2016,2015-10-31,Manchester City,Norwich City,2,1
3754145,Premier League,2015/2016,2015-08-10,West Bromwich Albion,Manchester City,0,3
3754153,Premier League,2015/2016,2015-12-19,Stoke City,Crystal Palace,1,2
3754143,Premier League,2015/2016,2015-12-06,Newcastle United,Liverpool,2,0
3754186,Premier League,2015/2016,2015-11-28,Leicester City,Manchester United,1,1
3754130,Premier League,2015/2016,2015-12-28,Norwich City,Aston Villa,2,0
3754188,Premier League,2015/2016,2015-12-19,Southampton,Tottenham Hotspur,0,2
3754178,Premier League,2015/2016,2015-11-28,Aston Villa,Watford,2,3
3754157,Premier League,2015/2016,2015-11-28,AFC Bournemouth,Everton,3,3
3754166,Premier League,2015/2016,2015-12-19,Everton,Leicester City,2,3
3754211,Premier League,2015/2016,2015-11-21,Newcastle United,Leicester City,0,3
3754150,Premier League,2015/2016,2015-11-28,Sunderland,Stoke City,2,0
3754160,Premier League,2015/2016,2015-12-05,Arsenal,Sunderland,3,1
3754218,Premier League,2015/2016,2015-12-12,Crystal Palace,Southampton,1,0
3754217,Premier League,2015/2016,2015-09-19,Chelsea,Arsenal,2,0
3754205,Premier League,2015/2016,2015-08-29,Newcastle United,Arsenal,0,1
3754221,Premier League,2015/2016,2015-08-30,Swansea City,Manchester United,2,1
3754198,Premier League,2015/2016,2015-10-17,Tottenham Hotspur,Liverpool,0,0
3754193,Premier League,2015/2016,2015-10-17,Manchester City,AFC Bournemouth,5,1
3754222,Premier League,2015/2016,2015-09-20,Tottenham Hotspur,Crystal Palace,1,0
3754213,Premier League,2015/2016,2015-09-12,Watford,Swansea City,1,0
3754212,Premier League,2015/2016,2015-09-26,Liverpool,Aston Villa,3,2
3754223,Premier League,2015/2016,2015-10-31,Crystal Palace,Manchester United,0,0
3754197,Premier League,2015/2016,2015-09-26,Tottenham Hotspur,Manchester City,4,1
3754208,Premier League,2015/2016,2015-11-21,Manchester City,Liverpool,1,4
3754204,Premier League,2015/2016,2015-08-29,Aston Villa,Sunderland,2,2
3754194,Premier League,2015/2016,2015-11-07,West Ham United,Everton,1,1
3754219,Premier League,2015/2016,2015-12-19,West Bromwich Albion,AFC Bournemouth,1,2
3754254,Premier League,2015/2016,2015-08-22,Manchester United,Newcastle United,0,0
3754230,Premier League,2015/2016,2015-10-25,Liverpool,Southampton,1,1
3754285,Premier League,2015/2016,2015-12-26,Aston Villa,West Ham United,1,1
3754233,Premier League,2015/2016,2015-08-23,Everton,Manchester City,0,2
3754270,Premier League,2015/2016,2015-08-15,Tottenham Hotspur,Stoke City,2,2
3754237,Premier League,2015/2016,2015-08-08,Leicester City,Sunderland,4,2
3754257,Premier League,2015/2016,2015-09-12,Crystal Palace,Manchester City,0,1
3754266,Premier League,2015/2016,2015-09-27,Watford,Crystal Palace,0,1
3754256,Premier League,2015/2016,2015-10-17,Everton,Manchester United,0,3
3754288,Premier League,2015/2016,2015-10-24,West Ham United,Chelsea,2,1
3754238,Premier League,2015/2016,2015-11-07,AFC Bournemouth,Newcastle United,0,1
3754269,Premier League,2015/2016,2015-10-19,Swansea City,Stoke City,0,1
3754234,Premier League,2015/2016,2015-10-25,AFC Bournemouth,Tottenham Hotspur,1,5
3754246,Premier League,2015/2016,2015-08-29,Manchester City,Watford,2,0
3754296,Premier League,2015/2016,2015-12-21,Arsenal,Manchester City,2,1
3754273,Premier League,2015/2016,2015-10-31,Watford,West Ham United,2,0
3754263,Premier League,2015/2016,2015-10-24,Leicester City,Crystal Palace,1,0
3754268,Premier League,2015/2016,2015-08-29,Tottenham Hotspur,Everton,0,0
3754286,Premier League,2015/2016,2015-12-05,Watford,Norwich City,2,0
3754291,Premier League,2015/2016,2015-12-28,Watford,Tottenham Hotspur,1,2
3754283,Premier League,2015/2016,2015-11-21,Everton,Aston Villa,4,0
3754235,Premier League,2015/2016,2015-11-29,West Ham United,West Bromwich Albion,1,1
3754279,Premier League,2015/2016,2015-12-26,Swansea City,West Bromwich Albion,1,0
3754276,Premier League,2015/2016,2015-12-13,Tottenham Hotspur,Newcastle United,1,2
3754287,Premier League,2015/2016,2015-12-26,Chelsea,Watford,2,2
3754259,Premier League,2015/2016,2015-12-20,Swansea City,West Ham United,0,0
3754335,Premier League,2015/2016,2015-10-03,Norwich City,Leicester City,1,2
3754298,Premier League,2015/2016,2015-09-19,Swansea City,Everton,0,0
3754315,Premier League,2015/2016,2015-09-12,Norwich City,AFC Bournemouth,3,1
3754330,Premier League,2015/2016,2015-10-03,Aston Villa,Stoke City,0,1
3754337,Premier League,2015/2016,2015-08-30,Southampton,Norwich City,3,0
3754297,Premier League,2015/2016,2015-11-07,Manchester United,West Bromwich Albion,2,0
3754301,Premier League,2015/2016,2015-11-21,West Bromwich Albion,Arsenal,2,1
3754323,Premier League,2015/2016,2015-09-26,West Ham United,Norwich City,2,2
3754304,Premier League,2015/2016,2015-11-28,Crystal Palace,Newcastle United,5,1
3754311,Premier League,2015/2016,2015-11-07,Norwich City,Swansea City,1,0
3754328,Premier League,2015/2016,2015-12-12,Manchester City,Swansea City,2,1
3754309,Premier League,2015/2016,2015-12-26,Southampton,Arsenal,4,0
3754325,Premier League,2015/2016,2015-09-12,West Bromwich Albion,Southampton,0,0
3754329,Premier League,2015/2016,2015-09-14,West Ham United,Newcastle United,2,0
3754302,Premier League,2015/2016,2015-10-17,Southampton,Leicester City,2,2
3754013,Premier League,2015/2016,2015-12-14,Leicester City,Chelsea,2,1
3754044,Premier League,2015/2016,2015-12-19,Manchester United,Norwich City,1,2
3754351,Premier League,2015/2016,2015-11-08,Liverpool,Crystal Palace,1,2
3754343,Premier League,2015/2016,2015-12-26,Liverpool,Leicester City,1,0
3754109,Premier League,2015/2016,2015-11-22,Tottenham Hotspur,West Ham United,4,1
3754182,Premier League,2015/2016,2015-12-12,Norwich City,Everton,1,1
3754240,Premier League,2015/2016,2015-09-12,Arsenal,Stoke City,2,0
3754336,Premier League,2015/2016,2015-09-12,Everton,Chelsea,3,1
3754247,Premier League,2015/2016,2015-11-21,Southampton,Stoke City,0,1
3754156,Premier League,2015/2016,2015-11-07,Leicester City,Watford,2,1
3754265,Premier League,2015/2016,2015-11-08,Arsenal,Tottenham Hotspur,1,1
3754000,Premier League,2015/2016,2015-11-07,Sunderland,Southampton,0,1
3754003,Premier League,2015/2016,2015-09-12,Manchester United,Liverpool,3,1
3754344,Premier League,2015/2016,2015-08-15,Swansea City,Newcastle United,2,0
3754131,Premier League,2015/2016,2015-08-22,West Ham United,AFC Bournemouth,3,4
3754300,Premier League,2015/2016,2015-08-08,Everton,Watford,2,2
3754312,Premier League,2015/2016,2015-08-16,Crystal Palace,Arsenal,1,2
3754138,Premier League,2015/2016,2015-08-08,Norwich City,Crystal Palace,1,3
3754203,Premier League,2015/2016,2015-08-15,West Ham United,Leicester City,1,2
3754190,Premier League,2015/2016,2015-08-22,Crystal Palace,Aston Villa,2,1
3754066,Premier League,2015/2016,2015-08-16,Manchester City,Chelsea,3,0
3754034,Premier League,2015/2016,2015-08-15,Southampton,Everton,0,3
3753985,Premier League,2015/2016,2015-08-09,Stoke City,Liverpool,0,1
3753987,Premier League,2015/2016,2015-08-22,Leicester City,Tottenham Hotspur,1,1
3754189,Premier League,2015/2016,2015-08-23,Watford,Southampton,0,0
3754129,Premier League,2015/2016,2015-08-24,Arsenal,Liverpool,0,0
3754180,Premier League,2015/2016,2015-08-22,Sunderland,Swansea City,1,1
3754059,Premier League,2015/2016,2015-08-23,West Bromwich Albion,Chelsea,2,3
3754064,Premier League,2015/2016,2016-03-20,Southampton,Liverpool,3,2
3754065,Premier League,2015/2016,2016-01-13,Tottenham Hotspur,Leicester City,0,1
3754173,Premier League,2015/2016,2015-12-28,Arsenal,AFC Bournemouth,2,0
3754175,Premier League,2015/2016,2016-04-02,Sunderland,West Bromwich Albion,0,0
3753973,Premier League,2015/2016,2016-03-19,Chelsea,West Ham United,2,2
3753975,Premier League,2015/2016,2016-01-23,Sunderland,AFC Bournemouth,1,1
3753976,Premier League,2015/2016,2016-03-02,Arsenal,Swansea City,1,2
3753977,Premier League,2015/2016,2016-03-19,Watford,Stoke City,1,2
3753980,Premier League,2015/2016,2016-03-19,Everton,Arsenal,0,2
3753981,Premier League,2015/2016,2016-01-12,Aston Villa,Crystal Palace,1,0
3753982,Premier League,2015/2016,2016-04-03,Leicester City,Southampton,1,0
3753986,Premier League,2015/2016,2016-04-10,Liverpool,Stoke City,4,1
3753988,Premier League,2015/2016,2016-03-12,AFC Bournemouth,Swansea City,3,2
3753989,Premier League,2015/2016,2016-05-11,Sunderland,Everton,3,0
3753990,Premier League,2015/2016,2016-04-24,Sunderland,Arsenal,0,0
3753991,Premier League,2015/2016,2016-03-02,Liverpool,Manchester City,3,0
3753992,Premier League,2015/2016,2016-05-08,Tottenham Hotspur,Southampton,1,2
3753994,Premier League,2015/2016,2016-05-15,Southampton,Crystal Palace,4,1
3753997,Premier League,2015/2016,2016-02-02,West Ham United,Aston Villa,2,0
3753998,Premier League,2015/2016,2015-12-28,West Ham United,Southampton,2,1
3754002,Premier League,2015/2016,2016-03-14,Leicester City,Newcastle United,1,0
3754004,Premier League,2015/2016,2016-01-16,AFC Bournemouth,Norwich City,3,0
3754005,Premier League,2015/2016,2016-03-02,Stoke City,Newcastle United,1,0
3754009,Premier League,2015/2016,2016-04-17,Arsenal,Crystal Palace,1,1
3754012,Premier League,2015/2016,2016-02-27,Southampton,Chelsea,1,2
3754016,Premier League,2015/2016,2016-04-09,Southampton,Newcastle United,3,1
3754018,Premier League,2015/2016,2016-05-01,Swansea City,Liverpool,3,1
3754019,Premier League,2015/2016,2015-12-28,Manchester United,Chelsea,0,0
3754021,Premier League,2015/2016,2016-01-12,AFC Bournemouth,West Ham United,1,3
3754022,Premier League,2015/2016,2016-04-09,Crystal Palace,Norwich City,1,0
3754024,Premier League,2015/2016,2016-04-16,Newcastle United,Swansea City,3,0
3754026,Premier League,2015/2016,2016-05-07,Crystal Palace,Stoke City,2,1
3754027,Premier League,2015/2016,2016-01-16,Tottenham Hotspur,Sunderland,4,1
3754030,Premier League,2015/2016,2016-04-09,Watford,Everton,1,1
3754031,Premier League,2015/2016,2016-02-13,Sunderland,Manchester United,2,1
3754032,Premier League,2015/2016,2016-01-13,Stoke City,Norwich City,3,1
3754033,Premier League,2015/2016,2016-05-07,Leicester City,Everton,3,1
3754035,Premier League,2015/2016,2016-04-09,Manchester City,West Bromwich Albion,2,1
3754036,Premier League,2015/2016,2016-01-02,Sunderland,Aston Villa,3,1
3754061,Premier League,2015/2016,2016-03-05,Chelsea,Stoke City,1,1
3754062,Premier League,2015/2016,2016-01-13,Chelsea,West Bromwich Albion,2,2
3754063,Premier League,2015/2016,2016-04-30,Watford,Aston Villa,3,2
3754069,Premier League,2015/2016,2016-01-02,Arsenal,Newcastle United,1,0
3754070,Premier League,2015/2016,2016-05-07,Aston Villa,Newcastle United,0,0
3754071,Premier League,2015/2016,2016-01-13,Swansea City,Sunderland,2,4
3754075,Premier League,2015/2016,2016-04-02,Aston Villa,Chelsea,0,4
3754080,Premier League,2015/2016,2016-02-06,Tottenham Hotspur,Watford,1,0
3754081,Premier League,2015/2016,2016-03-06,West Bromwich Albion,Manchester United,1,0
3754084,Premier League,2015/2016,2016-01-23,West Bromwich Albion,Aston Villa,0,0
3754086,Premier League,2015/2016,2016-04-20,West Ham United,Watford,3,1
3754087,Premier League,2015/2016,2016-04-02,Liverpool,Tottenham Hotspur,1,1
3754088,Premier League,2015/2016,2016-01-12,Newcastle United,Manchester United,3,3
3754089,Premier League,2015/2016,2016-02-02,Crystal Palace,AFC Bournemouth,1,2
3754092,Premier League,2015/2016,2016-05-02,Chelsea,Tottenham Hotspur,2,2
3754094,Premier League,2015/2016,2016-02-02,Manchester United,Stoke City,3,0
3754095,Premier League,2015/2016,2016-02-02,Sunderland,Manchester City,0,1
3754100,Premier League,2015/2016,2016-03-20,Newcastle United,Sunderland,1,1
3754101,Premier League,2015/2016,2016-01-02,Norwich City,Southampton,1,0
3754103,Premier League,2015/2016,2016-02-03,Watford,Chelsea,0,0
3754108,Premier League,2015/2016,2016-05-07,Sunderland,Chelsea,3,2
3754110,Premier League,2015/2016,2016-01-23,West Ham United,Manchester City,2,2
3754111,Premier League,2015/2016,2016-01-24,Arsenal,Chelsea,0,1
3754114,Premier League,2015/2016,2016-01-03,Crystal Palace,Chelsea,0,3
3754116,Premier League,2015/2016,2016-04-09,Swansea City,Chelsea,1,0
3754118,Premier League,2015/2016,2016-04-02,Arsenal,Watford,4,0
3754120,Premier League,2015/2016,2016-02-06,Southampton,West Ham United,1,0
3754121,Premier League,2015/2016,2016-02-27,Watford,AFC Bournemouth,0,0
3754122,Premier League,2015/2016,2016-01-02,West Bromwich Albion,Stoke City,2,1
3754123,Premier League,2015/2016,2016-05-15,Everton,Norwich City,3,0
3754124,Premier League,2015/2016,2016-03-20,Manchester City,Manchester United,0,1
3754125,Premier League,2015/2016,2016-01-16,Chelsea,Everton,3,3
3754127,Premier League,2015/2016,2016-02-06,Stoke City,Everton,0,3
3754132,Premier League,2015/2016,2016-04-30,Stoke City,Sunderland,1,1
3754134,Premier League,2015/2016,2016-05-10,West Ham United,Manchester United,3,2
3754137,Premier League,2015/2016,2016-04-16,Everton,Southampton,1,1
3754139,Premier League,2015/2016,2016-02-13,Swansea City,Southampton,0,1
3754140,Premier League,2015/2016,2016-01-03,Everton,Tottenham Hotspur,1,1
3754142,Premier League,2015/2016,2016-01-13,Manchester City,Everton,0,0
3754144,Premier League,2015/2016,2016-04-02,AFC Bournemouth,Manchester City,0,4
3754147,Premier League,2015/2016,2016-02-14,Manchester City,Tottenham Hotspur,1,2
3754149,Premier League,2015/2016,2016-05-15,Swansea City,Manchester City,1,1
3754151,Premier League,2015/2016,2016-03-05,Swansea City,Norwich City,1,0
3754152,Premier League,2015/2016,2016-04-10,Sunderland,Leicester City,0,2
3754154,Premier League,2015/2016,2016-04-23,Liverpool,Newcastle United,2,2
3754155,Premier League,2015/2016,2016-04-16,West Bromwich Albion,Watford,0,1
3754158,Premier League,2015/2016,2016-05-07,West Ham United,Swansea City,1,4
3754159,Premier League,2015/2016,2016-05-17,Manchester United,AFC Bournemouth,3,1
3754161,Premier League,2015/2016,2016-01-18,Swansea City,Watford,1,0
3754163,Premier League,2015/2016,2016-01-24,Everton,Swansea City,1,2
3754164,Premier League,2015/2016,2016-03-05,Southampton,Sunderland,1,1
3754165,Premier League,2015/2016,2016-05-01,Manchester United,Leicester City,1,1
3754168,Premier League,2015/2016,2016-01-16,Southampton,West Bromwich Albion,3,0
3754170,Premier League,2015/2016,2016-04-30,Newcastle United,Crystal Palace,1,0
3754172,Premier League,2015/2016,2016-04-16,Norwich City,Sunderland,0,3
3754176,Premier League,2015/2016,2016-04-02,West Ham United,Crystal Palace,2,2
3754177,Premier League,2015/2016,2016-03-05,Newcastle United,AFC Bournemouth,1,3
3754179,Premier League,2015/2016,2016-01-23,Crystal Palace,Tottenham Hotspur,1,3
3754181,Premier League,2015/2016,2016-03-19,Crystal Palace,Leicester City,0,1
3754183,Premier League,2015/2016,2016-01-13,Southampton,Watford,2,0
3754184,Premier League,2015/2016,2016-04-30,Arsenal,Norwich City,1,0
3754187,Premier League,2015/2016,2016-04-18,Stoke City,Tottenham Hotspur,0,4
3754191,Premier League,2015/2016,2015-11-01,Southampton,AFC Bournemouth,2,0
3754192,Premier League,2015/2016,2016-04-30,West Bromwich Albion,West Ham United,0,3
3754195,Premier League,2015/2016,2015-12-28,West Bromwich Albion,Newcastle United,1,0
3754196,Premier League,2015/2016,2016-03-12,Stoke City,Southampton,1,2
3754199,Premier League,2015/2016,2016-05-15,Stoke City,West Ham United,2,1
3754200,Premier League,2015/2016,2016-01-23,Manchester United,Southampton,0,1
3754201,Premier League,2015/2016,2016-02-02,Arsenal,Southampton,0,0
3754202,Premier League,2015/2016,2016-01-17,Stoke City,Arsenal,0,0
3754206,Premier League,2015/2016,2016-04-19,Newcastle United,Manchester City,1,1
3754207,Premier League,2015/2016,2016-05-11,Norwich City,Watford,4,2
3754209,Premier League,2015/2016,2016-04-10,Tottenham Hotspur,Manchester United,3,0
3754210,Premier League,2015/2016,2016-05-07,Norwich City,Manchester United,0,1
3754214,Premier League,2015/2016,2016-02-14,Aston Villa,Liverpool,0,6
3754215,Premier League,2015/2016,2015-12-05,West Bromwich Albion,Tottenham Hotspur,1,1
3754216,Premier League,2015/2016,2016-04-17,AFC Bournemouth,Liverpool,1,2
3754220,Premier League,2015/2016,2016-03-06,Crystal Palace,Liverpool,1,2
3754224,Premier League,2015/2016,2016-03-19,Swansea City,Aston Villa,1,0
3754225,Premier League,2015/2016,2016-05-07,AFC Bournemouth,West Bromwich Albion,1,1
3754227,Premier League,2015/2016,2016-04-17,Leicester City,West Ham United,2,2
3754228,Premier League,2015/2016,2016-04-24,Leicester City,Swansea City,4,0
3754229,Premier League,2015/2016,2016-05-15,Chelsea,Leicester City,1,1
3754231,Premier League,2015/2016,2016-03-01,Leicester City,West Bromwich Albion,2,2
3754232,Premier League,2015/2016,2016-03-02,Manchester United,Watford,1,0
3754236,Premier League,2015/2016,2016-02-27,West Bromwich Albion,Crystal Palace,3,2
3754239,Premier League,2015/2016,2016-02-28,Manchester United,Arsenal,3,2
3754241,Premier League,2015/2016,2016-04-09,West Ham United,Arsenal,3,3
3754242,Premier League,2015/2016,2016-04-23,AFC Bournemouth,Chelsea,1,4
3754243,Premier League,2015/2016,2016-04-02,Norwich City,Newcastle United,3,2
3754244,Premier League,2015/2016,2016-02-13,Norwich City,West Ham United,2,2
3754249,Premier League,2015/2016,2016-03-05,Manchester City,Aston Villa,4,0
3754250,Premier League,2015/2016,2016-01-16,Aston Villa,Leicester City,1,1
3754251,Premier League,2015/2016,2016-01-02,West Ham United,Liverpool,2,0
3754252,Premier League,2015/2016,2016-02-03,Everton,Newcastle United,3,0
3754253,Premier League,2015/2016,2016-02-07,AFC Bournemouth,Arsenal,0,2
3754260,Premier League,2015/2016,2016-01-16,Manchester City,Crystal Palace,4,0
3754261,Premier League,2015/2016,2016-02-14,Arsenal,Leicester City,2,1
3754262,Premier League,2015/2016,2016-04-09,Aston Villa,AFC Bournemouth,1,2
3754264,Premier League,2015/2016,2016-02-13,Chelsea,Newcastle United,5,1
3754295,Premier League,2015/2016,2016-04-16,Manchester United,Aston Villa,1,0
3754271,Premier League,2015/2016,2016-01-23,Watford,Newcastle United,2,1
3754272,Premier League,2015/2016,2016-04-02,Stoke City,Swansea City,2,2
3754274,Premier League,2015/2016,2016-02-13,AFC Bournemouth,Stoke City,1,3
3754275,Premier League,2015/2016,2016-02-02,Leicester City,Liverpool,2,0
3754277,Premier League,2015/2016,2016-03-05,Everton,West Ham United,2,3
3754280,Premier League,2015/2016,2016-03-01,Norwich City,Chelsea,1,2
3754281,Premier League,2015/2016,2016-02-07,Chelsea,Manchester United,1,1
3754282,Premier League,2015/2016,2016-04-23,Aston Villa,Southampton,2,4
3754284,Premier League,2015/2016,2016-04-21,Arsenal,West Bromwich Albion,2,0
3754289,Premier League,2015/2016,2016-03-05,Watford,Leicester City,0,1
3754290,Premier League,2015/2016,2016-02-06,Manchester City,Leicester City,1,3
3754292,Premier League,2015/2016,2016-02-06,Newcastle United,West Bromwich Albion,1,0
3754294,Premier League,2015/2016,2016-04-20,Liverpool,Everton,4,0
3754248,Premier League,2015/2016,2015-12-26,AFC Bournemouth,Crystal Palace,0,0
3754299,Premier League,2015/2016,2016-04-03,Manchester United,Everton,1,0
3754303,Premier League,2015/2016,2016-02-06,Swansea City,Crystal Palace,1,1
3754305,Premier League,2015/2016,2016-01-13,Liverpool,Arsenal,3,3
3754306,Premier League,2015/2016,2016-02-06,Aston Villa,Norwich City,2,0
3754307,Premier League,2015/2016,2016-04-23,Manchester City,Stoke City,4,0
3754308,Premier League,2015/2016,2016-05-15,Watford,Sunderland,2,2
3754310,Premier League,2015/2016,2016-04-20,Manchester United,Crystal Palace,2,0
3754313,Premier League,2015/2016,2016-03-12,Norwich City,Manchester City,0,0
3754314,Premier League,2015/2016,2016-05-08,Manchester City,Arsenal,2,2
3754316,Premier League,2015/2016,2016-02-06,Liverpool,Sunderland,2,2
3754317,Premier League,2015/2016,2016-02-02,Norwich City,Tottenham Hotspur,0,3
3754318,Premier League,2015/2016,2016-03-05,Tottenham Hotspur,Arsenal,2,2
3754319,Premier League,2015/2016,2016-01-02,Manchester United,Swansea City,2,1
3754320,Premier League,2015/2016,2016-05-01,Southampton,Manchester City,4,2
3754321,Premier League,2015/2016,2016-02-27,Stoke City,Aston Villa,2,1
3754322,Premier League,2015/2016,2016-04-16,Chelsea,Manchester City,0,3
3754324,Premier League,2015/2016,2016-02-28,Tottenham Hotspur,Swansea City,2,1
3754326,Premier League,2015/2016,2015-12-28,Crystal Palace,Swansea City,0,0
3754327,Premier League,2015/2016,2016-03-01,Aston Villa,Everton,1,3
3754331,Premier League,2015/2016,2016-02-27,West Ham United,Sunderland,1,0
3754332,Premier League,2015/2016,2016-04-25,Tottenham Hotspur,West Bromwich Albion,1,1
3754333,Premier League,2015/2016,2016-05-15,Newcastle United,Tottenham Hotspur,5,1
3754334,Premier League,2015/2016,2016-03-01,AFC Bournemouth,Southampton,2,0
3754338,Premier League,2015/2016,2016-01-16,Newcastle United,West Ham United,2,1
3754340,Premier League,2015/2016,2016-02-02,West Bromwich Albion,Swansea City,1,1
3754341,Premier League,2015/2016,2016-01-23,Leicester City,Stoke City,3,0
3754342,Premier League,2015/2016,2016-05-08,Liverpool,Watford,2,0
3754345,Premier League,2015/2016,2016-01-17,Liverpool,Manchester United,0,1
3754346,Premier League,2015/2016,2016-01-02,Watford,Manchester City,1,2
3754348,Premier League,2015/2016,2016-01-23,Norwich City,Liverpool,4,5
3754349,Premier League,2015/2016,2016-03-02,West Ham United,Tottenham Hotspur,1,0
3754350,Premier League,2015/2016,2016-02-13,Everton,West Bromwich Albion,0,1
3754258,Premier League,2015/2016,2015-11-08,Aston Villa,Manchester City,0,0
3754020,Premier League,2015/2016,2015-08-17,Liverpool,AFC Bournemouth,1,0
3754267,Premier League,2015/2016,2015-08-15,Watford,West Bromwich Albion,0,0
3754141,Premier League,2015/2016,2015-08-09,Arsenal,West Ham United,0,2
3754128,Premier League,2015/2016,2015-08-08,AFC Bournemouth,Aston Villa,0,1
3754078,Premier League,2015/2016,2015-08-08,Chelsea,Swansea City,2,2
3749052,Premier League,2003/2004,2004-02-07,Wolverhampton Wanderers,Arsenal,1,3
3749522,Premier League,2003/2004,2003-12-26,Arsenal,Wolverhampton Wanderers,3,0
3749246,Premier League,2003/2004,2004-03-28,Arsenal,Manchester United,1,1
3749257,Premier League,2003/2004,2004-05-15,Arsenal,Leicester City,2,1
3749642,Premier League,2003/2004,2004-02-28,Arsenal,Charlton Athletic,2,1
3749358,Premier League,2003/2004,2003-08-24,Middlesbrough,Arsenal,0,4
3749346,Premier League,2003/2004,2003-11-01,Leeds United,Arsenal,1,4
3749253,Premier League,2003/2004,2003-10-04,Liverpool,Arsenal,1,2
3749079,Premier League,2003/2004,2003-10-18,Arsenal,Chelsea,2,1
3749465,Premier League,2003/2004,2004-03-13,Blackburn Rovers,Arsenal,0,2
3749133,Premier League,2003/2004,2004-01-18,Aston Villa,Arsenal,0,2
3749528,Premier League,2003/2004,2003-09-26,Arsenal,Newcastle United,3,2
3749233,Premier League,2003/2004,2004-02-01,Arsenal,Manchester City,2,1
3749462,Premier League,2003/2004,2004-05-01,Arsenal,Birmingham City,0,0
3749552,Premier League,2003/2004,2003-09-21,Manchester United,Arsenal,0,0
3749296,Premier League,2003/2004,2003-09-13,Arsenal,Portsmouth,1,1
3749454,Premier League,2003/2004,2003-08-31,Manchester City,Arsenal,1,2
3749276,Premier League,2003/2004,2004-02-21,Chelsea,Arsenal,1,2
3749068,Premier League,2003/2004,2004-04-25,Tottenham Hotspur,Arsenal,2,2
3749310,Premier League,2003/2004,2003-12-29,Southampton,Arsenal,0,1
3749493,Premier League,2003/2004,2003-08-16,Arsenal,Everton,2,1
3749434,Premier League,2003/2004,2003-11-22,Birmingham City,Arsenal,0,3
3749192,Premier League,2003/2004,2003-11-30,Arsenal,Fulham,0,0
3749196,Premier League,2003/2004,2003-11-08,Arsenal,Tottenham Hotspur,2,1
3749448,Premier League,2003/2004,2004-04-09,Arsenal,Liverpool,4,2
3749360,Premier League,2003/2004,2003-12-14,Arsenal,Blackburn Rovers,1,0
3749453,Premier League,2003/2004,2004-04-16,Arsenal,Leeds United,5,0
3749278,Premier League,2003/2004,2003-12-20,Bolton Wanderers,Arsenal,1,1
3749603,Premier League,2003/2004,2004-05-09,Fulham,Arsenal,0,1
3749274,Premier League,2003/2004,2004-05-04,Portsmouth,Arsenal,1,1
3749590,Premier League,2003/2004,2003-12-06,Leicester City,Arsenal,1,1
3749631,Premier League,2003/2004,2004-02-10,Arsenal,Southampton,2,0
3749117,Premier League,2003/2004,2004-01-07,Everton,Arsenal,1,1
3749108,Premier League,2003/2004,2003-08-27,Arsenal,Aston Villa,2,0
3749153,Premier League,2003/2004,2004-01-10,Arsenal,Middlesbrough,4,1
3749403,Premier League,2003/2004,2004-03-20,Arsenal,Bolton Wanderers,2,1
3749526,Premier League,2003/2004,2003-10-26,Charlton Athletic,Arsenal,1,1
3749431,Premier League,2003/2004,2004-04-11,Newcastle United,Arsenal,0,0
3879863,Serie A,2015/2016,2016-05-08,Atalanta,Udinese,1,1
3879773,Serie A,2015/2016,2016-03-06,Frosinone,Udinese,2,0
3879847,Serie A,2015/2016,2016-04-30,Udinese,Torino,1,5
3879862,Serie A,2015/2016,2016-05-08,Torino,Napoli,1,2
3879817,Serie A,2015/2016,2016-04-16,Inter Milan,Napoli,2,0
3879825,Serie A,2015/2016,2016-04-17,Lazio,Empoli,2,0
3879750,Serie A,2015/2016,2016-02-21,Atalanta,Fiorentina,2,3
3879567,Serie A,2015/2016,2015-10-17,AS Roma,Empoli,3,1
3879785,Serie A,2015/2016,2016-03-13,Lazio,Atalanta,2,0
3879705,Serie A,2015/2016,2016-01-24,Sassuolo,Bologna,0,2
3879628,Serie A,2015/2016,2015-11-28,AC Milan,Sampdoria,4,1
3879665,Serie A,2015/2016,2015-12-20,Frosinone,AC Milan,2,4
3879699,Serie A,2015/2016,2016-01-24,Sampdoria,Napoli,2,4
3879703,Serie A,2015/2016,2016-01-24,Lazio,Chievo,4,1
3879609,Serie A,2015/2016,2015-11-08,Napoli,Udinese,1,0
3879653,Serie A,2015/2016,2015-12-13,Juventus,Fiorentina,3,1
3879632,Serie A,2015/2016,2015-11-29,AS Roma,Atalanta,0,2
3879663,Serie A,2015/2016,2015-12-20,Hellas Verona,Sassuolo,1,1
3879645,Serie A,2015/2016,2015-12-06,Bologna,Napoli,3,2
3879579,Serie A,2015/2016,2015-10-24,Palermo,Inter Milan,1,1
3879566,Serie A,2015/2016,2015-10-04,Udinese,Genoa,1,1
3879587,Serie A,2015/2016,2015-10-27,Bologna,Inter Milan,0,1
3879556,Serie A,2015/2016,2015-09-28,Frosinone,Empoli,2,0
3879585,Serie A,2015/2016,2015-10-25,AC Milan,Sassuolo,2,1
3879582,Serie A,2015/2016,2015-10-25,Lazio,Torino,3,0
3879564,Serie A,2015/2016,2015-10-04,Palermo,AS Roma,2,4
3879562,Serie A,2015/2016,2015-10-04,AC Milan,Napoli,0,4
3879837,Serie A,2015/2016,2016-04-23,Inter Milan,Udinese,3,1
3879838,Serie A,2015/2016,2016-04-24,Sampdoria,Lazio,2,1
3879839,Serie A,2015/2016,2016-04-24,Fiorentina,Juventus,1,2
3879840,Serie A,2015/2016,2016-04-24,Bologna,Genoa,2,0
3879836,Serie A,2015/2016,2016-04-21,AC Milan,Carpi,0,0
3879833,Serie A,2015/2016,2016-04-20,Juventus,Lazio,3,0
3879828,Serie A,2015/2016,2016-04-20,AS Roma,Torino,3,2
3879832,Serie A,2015/2016,2016-04-20,Palermo,Atalanta,2,2
3879830,Serie A,2015/2016,2016-04-20,Genoa,Inter Milan,1,0
3879792,Serie A,2015/2016,2016-03-20,Sampdoria,Chievo,0,1
3879795,Serie A,2015/2016,2016-03-20,Hellas Verona,Carpi,1,2
3879794,Serie A,2015/2016,2016-03-20,Atalanta,Bologna,2,0
3879788,Serie A,2015/2016,2016-03-19,Empoli,Palermo,0,0
3879787,Serie A,2015/2016,2016-03-19,AS Roma,Inter Milan,1,1
3879786,Serie A,2015/2016,2016-03-13,Palermo,Napoli,0,1
3879784,Serie A,2015/2016,2016-03-13,Genoa,Torino,3,2
3879783,Serie A,2015/2016,2016-03-13,Udinese,AS Roma,1,2
3879782,Serie A,2015/2016,2016-03-13,Carpi,Frosinone,2,1
3879781,Serie A,2015/2016,2016-03-13,Chievo,AC Milan,0,0
3879780,Serie A,2015/2016,2016-03-13,Fiorentina,Hellas Verona,1,1
3879779,Serie A,2015/2016,2016-03-12,Inter Milan,Bologna,2,1
3879778,Serie A,2015/2016,2016-03-12,Empoli,Sampdoria,1,1
3879777,Serie A,2015/2016,2016-03-11,Juventus,Sassuolo,1,0
3879774,Serie A,2015/2016,2016-03-06,Inter Milan,Palermo,3,1
3879776,Serie A,2015/2016,2016-03-06,Bologna,Carpi,0,0
3879771,Serie A,2015/2016,2016-03-06,Sassuolo,AC Milan,2,0
3879772,Serie A,2015/2016,2016-03-06,Torino,Lazio,1,1
3879756,Serie A,2015/2016,2016-02-22,Napoli,AC Milan,1,1
3879754,Serie A,2015/2016,2016-02-21,Torino,Carpi,0,0
3879748,Serie A,2015/2016,2016-02-20,Hellas Verona,Chievo,3,1
3879749,Serie A,2015/2016,2016-02-20,Inter Milan,Sampdoria,3,1
3879747,Serie A,2015/2016,2016-02-19,Bologna,Juventus,0,0
3879742,Serie A,2015/2016,2016-02-14,AC Milan,Genoa,2,1
3879746,Serie A,2015/2016,2016-02-14,Fiorentina,Inter Milan,2,1
3879744,Serie A,2015/2016,2016-02-14,Sampdoria,Atalanta,0,0
3879745,Serie A,2015/2016,2016-02-14,Palermo,Torino,1,3
3879743,Serie A,2015/2016,2016-02-14,Udinese,Bologna,0,1
3879739,Serie A,2015/2016,2016-02-13,Juventus,Napoli,1,0
3879741,Serie A,2015/2016,2016-02-13,Chievo,Sassuolo,1,1
3879740,Serie A,2015/2016,2016-02-13,Empoli,Frosinone,1,2
3879738,Serie A,2015/2016,2016-02-12,Carpi,AS Roma,1,3
3879737,Serie A,2015/2016,2016-02-11,Lazio,Hellas Verona,5,2
3879732,Serie A,2015/2016,2016-02-07,Torino,Chievo,1,2
3879707,Serie A,2015/2016,2016-01-30,AS Roma,Frosinone,3,1
3879702,Serie A,2015/2016,2016-01-24,Hellas Verona,Genoa,1,1
3879704,Serie A,2015/2016,2016-01-24,Inter Milan,Carpi,1,1
3879701,Serie A,2015/2016,2016-01-24,Juventus,AS Roma,1,0
3879700,Serie A,2015/2016,2016-01-24,Palermo,Udinese,4,1
3879706,Serie A,2015/2016,2016-01-24,Fiorentina,Torino,2,0
3878559,Serie A,2015/2016,2015-08-30,Atalanta,Frosinone,2,0
3879636,Serie A,2015/2016,2015-11-30,Sassuolo,Fiorentina,1,1
3879627,Serie A,2015/2016,2015-11-28,Torino,Bologna,2,0
3879626,Serie A,2015/2016,2015-11-22,Inter Milan,Frosinone,4,0
3879625,Serie A,2015/2016,2015-11-22,Udinese,Sampdoria,1,0
3879624,Serie A,2015/2016,2015-11-22,Lazio,Palermo,1,1
3879623,Serie A,2015/2016,2015-11-22,Fiorentina,Empoli,2,2
3879622,Serie A,2015/2016,2015-11-22,Carpi,Chievo,1,2
3879621,Serie A,2015/2016,2015-11-22,Atalanta,Torino,0,1
3879620,Serie A,2015/2016,2015-11-22,Hellas Verona,Napoli,0,2
3878611,Serie A,2015/2016,2015-09-20,Chievo,Inter Milan,0,1
3878610,Serie A,2015/2016,2015-09-20,Atalanta,Hellas Verona,1,1
3878608,Serie A,2015/2016,2015-09-20,Bologna,Frosinone,1,0
3878607,Serie A,2015/2016,2015-09-20,AS Roma,Sassuolo,2,2
3878606,Serie A,2015/2016,2015-09-20,Torino,Sampdoria,2,0
3878605,Serie A,2015/2016,2015-09-20,Carpi,Fiorentina,0,1
3879876,Serie A,2015/2016,2016-05-15,Genoa,Atalanta,1,2
3879875,Serie A,2015/2016,2016-05-15,Palermo,Hellas Verona,3,2
3879874,Serie A,2015/2016,2016-05-15,Lazio,Fiorentina,2,4
3879873,Serie A,2015/2016,2016-05-15,Empoli,Torino,2,1
3879872,Serie A,2015/2016,2016-05-15,Chievo,Bologna,0,0
3879871,Serie A,2015/2016,2016-05-15,Udinese,Carpi,1,2
3879870,Serie A,2015/2016,2016-05-14,Juventus,Sampdoria,5,0
3879869,Serie A,2015/2016,2016-05-14,AC Milan,AS Roma,1,3
3879868,Serie A,2015/2016,2016-05-14,Sassuolo,Inter Milan,3,1
3879867,Serie A,2015/2016,2016-05-14,Napoli,Frosinone,4,0
3879866,Serie A,2015/2016,2016-05-08,AS Roma,Chievo,3,0
3879865,Serie A,2015/2016,2016-05-08,Sampdoria,Genoa,0,3
3879864,Serie A,2015/2016,2016-05-08,Hellas Verona,Juventus,2,1
3879861,Serie A,2015/2016,2016-05-08,Frosinone,Sassuolo,0,1
3879860,Serie A,2015/2016,2016-05-08,Fiorentina,Palermo,0,0
3879859,Serie A,2015/2016,2016-05-08,Carpi,Lazio,1,3
3879858,Serie A,2015/2016,2016-05-07,Bologna,AC Milan,0,1
3879857,Serie A,2015/2016,2016-05-07,Inter Milan,Empoli,2,1
3879856,Serie A,2015/2016,2016-05-02,Genoa,AS Roma,2,3
3879855,Serie A,2015/2016,2016-05-02,Napoli,Atalanta,2,1
3879854,Serie A,2015/2016,2016-05-01,Sassuolo,Hellas Verona,1,0
3879853,Serie A,2015/2016,2016-05-01,Lazio,Inter Milan,2,0
3879852,Serie A,2015/2016,2016-05-01,Palermo,Sampdoria,2,0
3879851,Serie A,2015/2016,2016-05-01,AC Milan,Frosinone,3,3
3879850,Serie A,2015/2016,2016-05-01,Juventus,Carpi,2,0
3879849,Serie A,2015/2016,2016-05-01,Empoli,Bologna,0,0
3879848,Serie A,2015/2016,2016-04-30,Chievo,Fiorentina,0,0
3879846,Serie A,2015/2016,2016-04-25,Hellas Verona,AC Milan,2,1
3879845,Serie A,2015/2016,2016-04-25,AS Roma,Napoli,1,0
3879844,Serie A,2015/2016,2016-04-25,Carpi,Empoli,1,0
3879843,Serie A,2015/2016,2016-04-24,Torino,Sassuolo,1,3
3879842,Serie A,2015/2016,2016-04-24,Atalanta,Chievo,1,0
3879841,Serie A,2015/2016,2016-04-24,Frosinone,Palermo,0,2
3879835,Serie A,2015/2016,2016-04-20,Chievo,Frosinone,5,1
3879834,Serie A,2015/2016,2016-04-20,Udinese,Fiorentina,2,1
3879831,Serie A,2015/2016,2016-04-20,Sassuolo,Sampdoria,0,0
3879829,Serie A,2015/2016,2016-04-20,Empoli,Hellas Verona,1,0
3879827,Serie A,2015/2016,2016-04-19,Napoli,Bologna,6,0
3879826,Serie A,2015/2016,2016-04-17,Hellas Verona,Frosinone,1,2
3879824,Serie A,2015/2016,2016-04-17,Sampdoria,AC Milan,0,1
3879823,Serie A,2015/2016,2016-04-17,Atalanta,AS Roma,3,3
3879822,Serie A,2015/2016,2016-04-17,Udinese,Chievo,0,0
3879821,Serie A,2015/2016,2016-04-17,Fiorentina,Sassuolo,3,1
3879820,Serie A,2015/2016,2016-04-17,Juventus,Palermo,4,0
3879819,Serie A,2015/2016,2016-04-16,Carpi,Genoa,4,1
3879818,Serie A,2015/2016,2016-04-16,Bologna,Torino,0,1
3879816,Serie A,2015/2016,2016-04-11,AS Roma,Bologna,1,1
3879815,Serie A,2015/2016,2016-04-10,Torino,Atalanta,2,1
3879814,Serie A,2015/2016,2016-04-10,Empoli,Fiorentina,2,0
3879813,Serie A,2015/2016,2016-04-10,Sampdoria,Udinese,2,0
3879812,Serie A,2015/2016,2016-04-10,Palermo,Lazio,0,3
3879811,Serie A,2015/2016,2016-04-10,Napoli,Hellas Verona,3,0
3879810,Serie A,2015/2016,2016-04-09,AC Milan,Juventus,1,2
3879809,Serie A,2015/2016,2016-04-09,Sassuolo,Genoa,0,1
3879808,Serie A,2015/2016,2016-04-09,Frosinone,Inter Milan,0,1
3879807,Serie A,2015/2016,2016-04-09,Chievo,Carpi,1,0
3879806,Serie A,2015/2016,2016-04-04,Bologna,Hellas Verona,0,1
3879805,Serie A,2015/2016,2016-04-03,Atalanta,AC Milan,2,1
3879804,Serie A,2015/2016,2016-04-03,Genoa,Frosinone,4,0
3879803,Serie A,2015/2016,2016-04-03,Udinese,Napoli,3,1
3879802,Serie A,2015/2016,2016-04-03,Chievo,Palermo,3,1
3879801,Serie A,2015/2016,2016-04-03,Inter Milan,Torino,1,2
3879800,Serie A,2015/2016,2016-04-03,Fiorentina,Sampdoria,1,1
3879799,Serie A,2015/2016,2016-04-03,Lazio,AS Roma,1,4
3879798,Serie A,2015/2016,2016-04-02,Juventus,Empoli,1,0
3879797,Serie A,2015/2016,2016-04-02,Carpi,Sassuolo,1,3
3879796,Serie A,2015/2016,2016-03-20,Napoli,Genoa,3,1
3879793,Serie A,2015/2016,2016-03-20,Sassuolo,Udinese,1,1
3879791,Serie A,2015/2016,2016-03-20,AC Milan,Lazio,1,1
3879790,Serie A,2015/2016,2016-03-20,Torino,Juventus,1,4
3879789,Serie A,2015/2016,2016-03-20,Frosinone,Fiorentina,0,0
3879775,Serie A,2015/2016,2016-03-06,Genoa,Empoli,1,0
3879770,Serie A,2015/2016,2016-03-06,Atalanta,Juventus,0,2
3879769,Serie A,2015/2016,2016-03-05,Napoli,Chievo,3,1
3879768,Serie A,2015/2016,2016-03-05,Hellas Verona,Sampdoria,0,3
3879767,Serie A,2015/2016,2016-03-04,AS Roma,Fiorentina,4,1
3879766,Serie A,2015/2016,2016-02-29,Lazio,Sassuolo,0,2
3879765,Serie A,2015/2016,2016-02-29,Fiorentina,Napoli,1,1
3879764,Serie A,2015/2016,2016-02-28,Chievo,Genoa,1,0
3879763,Serie A,2015/2016,2016-02-28,Sampdoria,Frosinone,2,0
3879762,Serie A,2015/2016,2016-02-28,Udinese,Hellas Verona,2,0
3879761,Serie A,2015/2016,2016-02-28,Carpi,Atalanta,1,1
3879760,Serie A,2015/2016,2016-02-28,Palermo,Bologna,0,0
3879759,Serie A,2015/2016,2016-02-28,Juventus,Inter Milan,2,0
3879758,Serie A,2015/2016,2016-02-27,AC Milan,Torino,1,0
3879757,Serie A,2015/2016,2016-02-27,Empoli,AS Roma,1,3
3879755,Serie A,2015/2016,2016-02-21,Frosinone,Lazio,0,0
3879753,Serie A,2015/2016,2016-02-21,Sassuolo,Empoli,3,2
3879752,Serie A,2015/2016,2016-02-21,Genoa,Udinese,2,1
3879751,Serie A,2015/2016,2016-02-21,AS Roma,Palermo,5,0
3879736,Serie A,2015/2016,2016-02-07,AS Roma,Sampdoria,2,1
3879735,Serie A,2015/2016,2016-02-07,Atalanta,Empoli,0,0
3879734,Serie A,2015/2016,2016-02-07,AC Milan,Udinese,1,1
3879733,Serie A,2015/2016,2016-02-07,Frosinone,Juventus,0,2
3879731,Serie A,2015/2016,2016-02-07,Napoli,Carpi,1,0
3879730,Serie A,2015/2016,2016-02-07,Hellas Verona,Inter Milan,3,3
3879729,Serie A,2015/2016,2016-02-07,Sassuolo,Palermo,2,2
3879728,Serie A,2015/2016,2016-02-06,Bologna,Fiorentina,1,1
3879727,Serie A,2015/2016,2016-02-06,Genoa,Lazio,0,0
3879726,Serie A,2015/2016,2016-02-03,Juventus,Genoa,1,0
3879725,Serie A,2015/2016,2016-02-03,Frosinone,Bologna,1,0
3879724,Serie A,2015/2016,2016-02-03,Fiorentina,Carpi,2,1
3879723,Serie A,2015/2016,2016-02-03,Inter Milan,Chievo,1,0
3879722,Serie A,2015/2016,2016-02-03,Hellas Verona,Atalanta,2,1
3879721,Serie A,2015/2016,2016-02-03,Palermo,AC Milan,0,2
3879720,Serie A,2015/2016,2016-02-03,Lazio,Napoli,0,2
3879719,Serie A,2015/2016,2016-02-03,Sampdoria,Torino,2,2
3879718,Serie A,2015/2016,2016-02-03,Empoli,Udinese,1,1
3879717,Serie A,2015/2016,2016-02-02,Sassuolo,AS Roma,0,2
3879716,Serie A,2015/2016,2016-01-31,Genoa,Fiorentina,0,0
3879715,Serie A,2015/2016,2016-01-31,Torino,Hellas Verona,0,0
3879714,Serie A,2015/2016,2016-01-31,Napoli,Empoli,5,1
3879713,Serie A,2015/2016,2016-01-31,Chievo,Juventus,0,4
3879712,Serie A,2015/2016,2016-01-31,AC Milan,Inter Milan,3,0
3879711,Serie A,2015/2016,2016-01-31,Udinese,Lazio,0,0
3879710,Serie A,2015/2016,2016-01-31,Bologna,Sampdoria,3,2
3879709,Serie A,2015/2016,2016-01-30,Carpi,Palermo,1,1
3879708,Serie A,2015/2016,2016-01-30,Atalanta,Sassuolo,1,1
3879698,Serie A,2015/2016,2016-01-23,Empoli,AC Milan,2,2
3879697,Serie A,2015/2016,2016-01-23,Frosinone,Atalanta,0,0
3879696,Serie A,2015/2016,2016-01-20,Sassuolo,Torino,1,1
3879695,Serie A,2015/2016,2016-01-17,Genoa,Palermo,4,0
3879694,Serie A,2015/2016,2016-01-17,Bologna,Lazio,2,2
3879693,Serie A,2015/2016,2016-01-17,Udinese,Juventus,0,4
3879692,Serie A,2015/2016,2016-01-17,Chievo,Empoli,1,1
3879691,Serie A,2015/2016,2016-01-17,AS Roma,Hellas Verona,1,1
3879690,Serie A,2015/2016,2016-01-17,AC Milan,Fiorentina,2,0
3879689,Serie A,2015/2016,2016-01-17,Carpi,Sampdoria,2,1
3879688,Serie A,2015/2016,2016-01-16,Atalanta,Inter Milan,1,1
3879687,Serie A,2015/2016,2016-01-16,Torino,Frosinone,4,2
3879686,Serie A,2015/2016,2016-01-16,Napoli,Sassuolo,3,1
3879685,Serie A,2015/2016,2016-01-10,Atalanta,Genoa,0,2
3879684,Serie A,2015/2016,2016-01-10,Sampdoria,Juventus,1,2
3879683,Serie A,2015/2016,2016-01-10,Hellas Verona,Palermo,0,1
3879682,Serie A,2015/2016,2016-01-10,Torino,Empoli,0,1
3879681,Serie A,2015/2016,2016-01-10,Inter Milan,Sassuolo,0,1
3879680,Serie A,2015/2016,2016-01-10,Bologna,Chievo,0,1
3879679,Serie A,2015/2016,2016-01-10,Frosinone,Napoli,1,5
3879678,Serie A,2015/2016,2016-01-09,Carpi,Udinese,2,1
3879677,Serie A,2015/2016,2016-01-09,Fiorentina,Lazio,1,3
3879676,Serie A,2015/2016,2016-01-09,AS Roma,AC Milan,1,1
3879675,Serie A,2015/2016,2016-01-06,Lazio,Carpi,0,0
3879674,Serie A,2015/2016,2016-01-06,AC Milan,Bologna,0,1
3879673,Serie A,2015/2016,2016-01-06,Udinese,Atalanta,2,1
3879672,Serie A,2015/2016,2016-01-06,Chievo,AS Roma,3,3
3879671,Serie A,2015/2016,2016-01-06,Palermo,Fiorentina,1,3
3879670,Serie A,2015/2016,2016-01-06,Juventus,Hellas Verona,3,0
3879669,Serie A,2015/2016,2016-01-06,Napoli,Torino,2,1
3879668,Serie A,2015/2016,2016-01-06,Empoli,Inter Milan,0,1
3879667,Serie A,2015/2016,2016-01-06,Sassuolo,Frosinone,2,2
3879666,Serie A,2015/2016,2016-01-05,Genoa,Sampdoria,2,3
3879664,Serie A,2015/2016,2015-12-20,Sampdoria,Palermo,2,0
3879662,Serie A,2015/2016,2015-12-20,Fiorentina,Chievo,2,0
3879661,Serie A,2015/2016,2015-12-20,Atalanta,Napoli,1,3
3879660,Serie A,2015/2016,2015-12-20,Carpi,Juventus,2,3
3879659,Serie A,2015/2016,2015-12-20,Inter Milan,Lazio,1,2
3879658,Serie A,2015/2016,2015-12-20,Torino,Udinese,0,1
3879657,Serie A,2015/2016,2015-12-20,AS Roma,Genoa,2,0
3879656,Serie A,2015/2016,2015-12-19,Bologna,Empoli,2,3
3879655,Serie A,2015/2016,2015-12-14,Lazio,Sampdoria,1,1
3879654,Serie A,2015/2016,2015-12-13,Chievo,Atalanta,1,0
3879652,Serie A,2015/2016,2015-12-13,AC Milan,Hellas Verona,1,1
3879651,Serie A,2015/2016,2015-12-13,Napoli,AS Roma,0,0
3879650,Serie A,2015/2016,2015-12-13,Empoli,Carpi,3,0
3879649,Serie A,2015/2016,2015-12-12,Palermo,Frosinone,4,1
3879648,Serie A,2015/2016,2015-12-12,Udinese,Inter Milan,0,4
3879647,Serie A,2015/2016,2015-12-12,Genoa,Bologna,0,1
3879646,Serie A,2015/2016,2015-12-06,Fiorentina,Udinese,3,0
3879644,Serie A,2015/2016,2015-12-06,Atalanta,Palermo,3,0
3879643,Serie A,2015/2016,2015-12-06,Sampdoria,Sassuolo,1,3
3879642,Serie A,2015/2016,2015-12-06,Carpi,AC Milan,0,0
3879641,Serie A,2015/2016,2015-12-06,Hellas Verona,Empoli,0,1
3879640,Serie A,2015/2016,2015-12-06,Frosinone,Chievo,0,2
3879639,Serie A,2015/2016,2015-12-05,Torino,AS Roma,1,1
3879638,Serie A,2015/2016,2015-12-05,Inter Milan,Genoa,1,0
3879637,Serie A,2015/2016,2015-12-04,Lazio,Juventus,0,2
3879635,Serie A,2015/2016,2015-11-30,Napoli,Inter Milan,2,1
3879634,Serie A,2015/2016,2015-11-29,Genoa,Carpi,1,2
3879633,Serie A,2015/2016,2015-11-29,Empoli,Lazio,1,0
3879631,Serie A,2015/2016,2015-11-29,Chievo,Udinese,2,3
3879630,Serie A,2015/2016,2015-11-29,Palermo,Juventus,0,3
3879629,Serie A,2015/2016,2015-11-29,Frosinone,Hellas Verona,3,2
3879619,Serie A,2015/2016,2015-11-22,Genoa,Sassuolo,2,1
3879618,Serie A,2015/2016,2015-11-21,Juventus,AC Milan,1,0
3879617,Serie A,2015/2016,2015-11-21,Bologna,AS Roma,2,2
3879616,Serie A,2015/2016,2015-11-08,Sampdoria,Fiorentina,0,2
3879615,Serie A,2015/2016,2015-11-08,Sassuolo,Carpi,1,0
3879614,Serie A,2015/2016,2015-11-08,Torino,Inter Milan,0,1
3879613,Serie A,2015/2016,2015-11-08,Empoli,Juventus,1,3
3879612,Serie A,2015/2016,2015-11-08,Frosinone,Genoa,2,2
3879611,Serie A,2015/2016,2015-11-08,Palermo,Chievo,1,0
3879610,Serie A,2015/2016,2015-11-08,AS Roma,Lazio,2,0
3879608,Serie A,2015/2016,2015-11-07,Hellas Verona,Bologna,0,2
3879607,Serie A,2015/2016,2015-11-07,AC Milan,Atalanta,0,0
3879606,Serie A,2015/2016,2015-11-02,Chievo,Sampdoria,1,1
3879605,Serie A,2015/2016,2015-11-02,Palermo,Empoli,0,1
3879604,Serie A,2015/2016,2015-11-01,Genoa,Napoli,0,0
3879603,Serie A,2015/2016,2015-11-01,Udinese,Sassuolo,0,0
3879602,Serie A,2015/2016,2015-11-01,Fiorentina,Frosinone,4,1
3879601,Serie A,2015/2016,2015-11-01,Bologna,Atalanta,3,0
3879600,Serie A,2015/2016,2015-11-01,Carpi,Hellas Verona,0,0
3879599,Serie A,2015/2016,2015-11-01,Lazio,AC Milan,1,3
3879598,Serie A,2015/2016,2015-10-31,Inter Milan,AS Roma,1,0
3879597,Serie A,2015/2016,2015-10-31,Juventus,Torino,2,1
3879596,Serie A,2015/2016,2015-10-29,Sampdoria,Empoli,1,1
3879595,Serie A,2015/2016,2015-10-28,Hellas Verona,Fiorentina,0,2
3879594,Serie A,2015/2016,2015-10-28,AC Milan,Chievo,1,0
3879593,Serie A,2015/2016,2015-10-28,Napoli,Palermo,2,0
3879592,Serie A,2015/2016,2015-10-28,AS Roma,Udinese,3,1
3879591,Serie A,2015/2016,2015-10-28,Sassuolo,Juventus,1,0
3879590,Serie A,2015/2016,2015-10-28,Torino,Genoa,3,3
3879589,Serie A,2015/2016,2015-10-28,Frosinone,Carpi,2,1
3879588,Serie A,2015/2016,2015-10-28,Atalanta,Lazio,2,1
3879586,Serie A,2015/2016,2015-10-25,Sampdoria,Hellas Verona,4,1
3879584,Serie A,2015/2016,2015-10-25,Udinese,Frosinone,1,0
3879583,Serie A,2015/2016,2015-10-25,Fiorentina,AS Roma,1,2
3879581,Serie A,2015/2016,2015-10-25,Chievo,Napoli,0,1
3879580,Serie A,2015/2016,2015-10-25,Juventus,Atalanta,2,0
3879578,Serie A,2015/2016,2015-10-24,Carpi,Bologna,1,2
3879577,Serie A,2015/2016,2015-10-24,Empoli,Genoa,2,0
3879576,Serie A,2015/2016,2015-10-18,Frosinone,Sampdoria,2,0
3879575,Serie A,2015/2016,2015-10-18,Hellas Verona,Udinese,1,1
3879574,Serie A,2015/2016,2015-10-18,Inter Milan,Juventus,0,0
3879573,Serie A,2015/2016,2015-10-18,Sassuolo,Lazio,2,1
3879572,Serie A,2015/2016,2015-10-18,Napoli,Fiorentina,2,1
3879571,Serie A,2015/2016,2015-10-18,Atalanta,Carpi,3,0
3879570,Serie A,2015/2016,2015-10-18,Genoa,Chievo,3,2
3879569,Serie A,2015/2016,2015-10-18,Bologna,Palermo,0,1
3879568,Serie A,2015/2016,2015-10-17,Torino,AC Milan,1,1
3879565,Serie A,2015/2016,2015-10-04,Sampdoria,Inter Milan,1,1
3879563,Serie A,2015/2016,2015-10-04,Empoli,Sassuolo,1,0
3879561,Serie A,2015/2016,2015-10-04,Fiorentina,Atalanta,3,0
3879560,Serie A,2015/2016,2015-10-04,Lazio,Frosinone,2,0
3879559,Serie A,2015/2016,2015-10-04,Juventus,Bologna,3,1
3879558,Serie A,2015/2016,2015-10-03,Carpi,Torino,2,1
3879557,Serie A,2015/2016,2015-10-03,Chievo,Hellas Verona,1,1
3879555,Serie A,2015/2016,2015-09-28,Atalanta,Sampdoria,2,1
3879554,Serie A,2015/2016,2015-09-27,Torino,Palermo,2,1
3879553,Serie A,2015/2016,2015-09-27,Sassuolo,Chievo,1,1
3879552,Serie A,2015/2016,2015-09-27,Bologna,Udinese,1,2
3879551,Serie A,2015/2016,2015-09-27,Hellas Verona,Lazio,1,2
3879550,Serie A,2015/2016,2015-09-27,Inter Milan,Fiorentina,1,4
3879549,Serie A,2015/2016,2015-09-27,Genoa,AC Milan,1,0
3879548,Serie A,2015/2016,2015-09-26,Napoli,Juventus,2,1
3879547,Serie A,2015/2016,2015-09-26,AS Roma,Carpi,5,1
3879546,Serie A,2015/2016,2015-09-24,Empoli,Atalanta,0,1
3879545,Serie A,2015/2016,2015-09-23,Sampdoria,AS Roma,2,1
3879544,Serie A,2015/2016,2015-09-23,Palermo,Sassuolo,0,1
3879543,Serie A,2015/2016,2015-09-23,Juventus,Frosinone,1,1
3879542,Serie A,2015/2016,2015-09-23,Inter Milan,Hellas Verona,1,0
3879541,Serie A,2015/2016,2015-09-23,Fiorentina,Bologna,2,0
3879540,Serie A,2015/2016,2015-09-23,Chievo,Torino,1,0
3879539,Serie A,2015/2016,2015-09-23,Carpi,Napoli,0,0
3879538,Serie A,2015/2016,2015-09-23,Lazio,Genoa,2,0
3879537,Serie A,2015/2016,2015-09-22,Udinese,AC Milan,2,3
3878609,Serie A,2015/2016,2015-09-20,Genoa,Juventus,0,2
3878604,Serie A,2015/2016,2015-09-20,Napoli,Lazio,5,0
3878603,Serie A,2015/2016,2015-09-19,Udinese,Empoli,1,2
3878602,Serie A,2015/2016,2015-09-19,AC Milan,Palermo,3,2
3878601,Serie A,2015/2016,2015-09-14,Sampdoria,Bologna,2,0
3878600,Serie A,2015/2016,2015-09-13,Inter Milan,AC Milan,1,0
3878599,Serie A,2015/2016,2015-09-13,Sassuolo,Atalanta,2,2
3878598,Serie A,2015/2016,2015-09-13,Palermo,Carpi,2,2
3878597,Serie A,2015/2016,2015-09-13,Empoli,Napoli,2,2
3878596,Serie A,2015/2016,2015-09-13,Hellas Verona,Torino,2,2
3878595,Serie A,2015/2016,2015-09-13,Lazio,Udinese,2,0
3878594,Serie A,2015/2016,2015-09-12,Juventus,Chievo,1,1
3878593,Serie A,2015/2016,2015-09-12,Frosinone,AS Roma,0,2
3878592,Serie A,2015/2016,2015-09-12,Fiorentina,Genoa,1,0
3878558,Serie A,2015/2016,2015-08-30,Napoli,Sampdoria,2,2
3878557,Serie A,2015/2016,2015-08-30,Udinese,Palermo,0,1
3878556,Serie A,2015/2016,2015-08-30,Torino,Fiorentina,3,1
3878555,Serie A,2015/2016,2015-08-30,AS Roma,Juventus,2,1
3878554,Serie A,2015/2016,2015-08-30,Genoa,Hellas Verona,2,0
3878553,Serie A,2015/2016,2015-08-30,Chievo,Lazio,4,0
3878552,Serie A,2015/2016,2015-08-30,Carpi,Inter Milan,1,2
3878551,Serie A,2015/2016,2015-08-29,AC Milan,Empoli,2,1
3878550,Serie A,2015/2016,2015-08-29,Bologna,Sassuolo,0,1
3878549,Serie A,2015/2016,2015-08-23,Empoli,Chievo,1,3
3878548,Serie A,2015/2016,2015-08-23,Juventus,Udinese,0,1
3878547,Serie A,2015/2016,2015-08-23,Frosinone,Torino,1,2
3878546,Serie A,2015/2016,2015-08-23,Sassuolo,Napoli,2,1
3878545,Serie A,2015/2016,2015-08-23,Sampdoria,Carpi,5,2
3878544,Serie A,2015/2016,2015-08-23,Palermo,Genoa,1,0
3878543,Serie A,2015/2016,2015-08-23,Inter Milan,Atalanta,1,0
3878542,Serie A,2015/2016,2015-08-23,Fiorentina,AC Milan,2,0
3878541,Serie A,2015/2016,2015-08-22,Hellas Verona,AS Roma,1,1
3878540,Serie A,2015/2016,2015-08-22,Lazio,Bologna,2,1
3889182,Serie A,1986/1987,1986-11-09,Juventus,Napoli,1,3
3942819,UEFA Euro,2024,2024-07-10,Netherlands,England,1,2
3943043,UEFA Euro,2024,2024-07-14,Spain,England,2,1
3942752,UEFA Euro,2024,2024-07-09,Spain,France,2,1
3942382,UEFA Euro,2024,2024-07-06,Netherlands,Turkey,2,1
3942349,UEFA Euro,2024,2024-07-05,Portugal,France,0,0
3930180,UEFA Euro,2024,2024-06-25,Netherlands,Austria,2,3
3930171,UEFA Euro,2024,2024-06-20,Denmark,England,1,1
3942227,UEFA Euro,2024,2024-07-06,England,Switzerland,1,1
3942226,UEFA Euro,2024,2024-07-05,Spain,Germany,2,1
3938645,UEFA Euro,2024,2024-06-26,Ukraine,Belgium,0,0
3930184,UEFA Euro,2024,2024-06-26,Czech Republic,Turkey,1,2
3941022,UEFA Euro,2024,2024-07-02,Austria,Turkey,1,2
3941021,UEFA Euro,2024,2024-07-02,Romania,Netherlands,0,3
3941020,UEFA Euro,2024,2024-07-01,Portugal,Slovenia,0,0
3941019,UEFA Euro,2024,2024-07-01,France,Belgium,1,0
3941018,UEFA Euro,2024,2024-06-30,Spain,Georgia,4,1
3941017,UEFA Euro,2024,2024-06-30,England,Slovakia,2,1
3930182,UEFA Euro,2024,2024-06-25,Denmark,Serbia,0,0
3930179,UEFA Euro,2024,2024-06-24,Albania,Spain,0,1
3940983,UEFA Euro,2024,2024-06-29,Germany,Denmark,2,0
3940878,UEFA Euro,2024,2024-06-29,Switzerland,Italy,2,0
3930177,UEFA Euro,2024,2024-06-23,Scotland,Hungary,0,1
3930173,UEFA Euro,2024,2024-06-21,Netherlands,France,0,0
3930172,UEFA Euro,2024,2024-06-20,Spain,Italy,1,0
3930167,UEFA Euro,2024,2024-06-19,Croatia,Albania,2,2
3930168,UEFA Euro,2024,2024-06-19,Germany,Hungary,2,0
3930165,UEFA Euro,2024,2024-06-17,Austria,France,0,1
3930164,UEFA Euro,2024,2024-06-17,Belgium,Slovakia,0,1
3930161,UEFA Euro,2024,2024-06-15,Italy,Albania,2,1
3938637,UEFA Euro,2024,2024-06-16,Poland,Netherlands,1,2
3938640,UEFA Euro,2024,2024-06-21,Slovakia,Ukraine,1,2
3938642,UEFA Euro,2024,2024-06-22,Georgia,Czech Republic,1,1
3938639,UEFA Euro,2024,2024-06-18,Turkey,Georgia,3,1
3938641,UEFA Euro,2024,2024-06-21,Poland,Austria,1,3
3938644,UEFA Euro,2024,2024-06-26,Georgia,Portugal,2,0
3938643,UEFA Euro,2024,2024-06-25,France,Poland,1,1
3938638,UEFA Euro,2024,2024-06-17,Romania,Ukraine,3,0
3930183,UEFA Euro,2024,2024-06-26,Slovakia,Romania,1,1
3930181,UEFA Euro,2024,2024-06-25,England,Slovenia,0,0
3930178,UEFA Euro,2024,2024-06-24,Croatia,Italy,1,1
3930176,UEFA Euro,2024,2024-06-23,Switzerland,Germany,1,1
3930175,UEFA Euro,2024,2024-06-22,Belgium,Romania,2,0
3930174,UEFA Euro,2024,2024-06-22,Turkey,Portugal,0,3
3930170,UEFA Euro,2024,2024-06-20,Slovenia,Serbia,1,1
3930169,UEFA Euro,2024,2024-06-19,Scotland,Switzerland,1,1
3930166,UEFA Euro,2024,2024-06-18,Portugal,Czech Republic,2,1
3930163,UEFA Euro,2024,2024-06-16,Serbia,England,0,1
3930162,UEFA Euro,2024,2024-06-16,Slovenia,Denmark,1,1
3930160,UEFA Euro,2024,2024-06-15,Spain,Croatia,3,0
3930159,UEFA Euro,2024,2024-06-15,Hungary,Switzerland,1,3
3930158,UEFA Euro,2024,2024-06-14,Germany,Scotland,5,1
3795108,UEFA Euro,2020,2021-07-02,Switzerland,Spain,1,1
3788769,UEFA Euro,2020,2021-06-21,Russia,Denmark,1,4
3788766,UEFA Euro,2020,2021-06-20,Italy,Wales,1,0
3795220,UEFA Euro,2020,2021-07-06,Italy,Spain,1,1
3788761,UEFA Euro,2020,2021-06-18,Sweden,Slovakia,1,0
3788764,UEFA Euro,2020,2021-06-19,Portugal,Germany,2,4
3788773,UEFA Euro,2020,2021-06-23,Portugal,France,2,2
3788755,UEFA Euro,2020,2021-06-16,Turkey,Wales,0,2
3788754,UEFA Euro,2020,2021-06-16,Italy,Switzerland,3,0
3788762,UEFA Euro,2020,2021-06-19,Spain,Poland,1,1
3788760,UEFA Euro,2020,2021-06-18,Croatia,Czech Republic,1,1
3788747,UEFA Euro,2020,2021-06-13,Austria,North Macedonia,3,1
3788741,UEFA Euro,2020,2021-06-11,Turkey,Italy,0,3
3795109,UEFA Euro,2020,2021-07-03,Czech Republic,Denmark,1,2
3795187,UEFA Euro,2020,2021-07-03,Ukraine,England,0,4
3788770,UEFA Euro,2020,2021-06-21,North Macedonia,Netherlands,0,3
3795506,UEFA Euro,2020,2021-07-11,Italy,England,1,1
3794688,UEFA Euro,2020,2021-06-29,England,Germany,2,0
3794692,UEFA Euro,2020,2021-06-29,Sweden,Ukraine,1,2
3794686,UEFA Euro,2020,2021-06-28,Croatia,Spain,3,5
3794687,UEFA Euro,2020,2021-06-27,Belgium,Portugal,1,0
3794685,UEFA Euro,2020,2021-06-26,Italy,Austria,2,1
3788774,UEFA Euro,2020,2021-06-23,Germany,Hungary,2,2
3788771,UEFA Euro,2020,2021-06-22,Croatia,Scotland,3,1
3788772,UEFA Euro,2020,2021-06-22,Czech Republic,England,0,1
3788768,UEFA Euro,2020,2021-06-21,Finland,Belgium,0,2
3788767,UEFA Euro,2020,2021-06-21,Ukraine,Austria,0,1
3788753,UEFA Euro,2020,2021-06-16,Finland,Russia,0,1
3788765,UEFA Euro,2020,2021-06-20,Switzerland,Turkey,3,1
3788763,UEFA Euro,2020,2021-06-19,Hungary,France,1,1
3788759,UEFA Euro,2020,2021-06-18,England,Scotland,0,0
3788758,UEFA Euro,2020,2021-06-17,Ukraine,North Macedonia,2,1
3788757,UEFA Euro,2020,2021-06-17,Denmark,Belgium,1,2
3788745,UEFA Euro,2020,2021-06-13,England,Croatia,1,0
3795107,UEFA Euro,2020,2021-07-02,Belgium,Italy,1,2
3795221,UEFA Euro,2020,2021-07-07,England,Denmark,2,1
3794689,UEFA Euro,2020,2021-06-26,Wales,Denmark,0,4
3788746,UEFA Euro,2020,2021-06-13,Netherlands,Ukraine,3,2
3794691,UEFA Euro,2020,2021-06-28,France,Switzerland,3,3
3794690,UEFA Euro,2020,2021-06-27,Netherlands,Czech Republic,0,2
3788756,UEFA Euro,2020,2021-06-17,Netherlands,Austria,2,0
3788749,UEFA Euro,2020,2021-06-14,Poland,Slovakia,1,2
3788750,UEFA Euro,2020,2021-06-14,Spain,Sweden,0,0
3788748,UEFA Euro,2020,2021-06-14,Scotland,Czech Republic,0,2
3788751,UEFA Euro,2020,2021-06-15,France,Germany,1,0
3788752,UEFA Euro,2020,2021-06-15,Hungary,Portugal,0,3
3788742,UEFA Euro,2020,2021-06-12,Denmark,Finland,0,1
3788775,UEFA Euro,2020,2021-06-23,Slovakia,Spain,0,5
3788776,UEFA Euro,2020,2021-06-23,Sweden,Poland,3,2
3788743,UEFA Euro,2020,2021-06-12,Belgium,Russia,3,0
3788744,UEFA Euro,2020,2021-06-12,Wales,Switzerland,1,1
3887188,UEFA Europa League,1988/1989,1989-05-03,Napoli,VfB Stuttgart,2,1
3750244,UEFA Europa League,1988/1989,1989-04-05,Napoli,Bayern Munich,2,0
3750245,UEFA Europa League,1988/1989,1989-03-15,Napoli,Juventus,3,0
4020846,UEFA Women's Euro,2025,2025-07-27,England Women's,Spain Women's,1,1
4020077,UEFA Women's Euro,2025,2025-07-23,Germany Women's,Spain Women's,0,1
4020005,UEFA Women's Euro,2025,2025-07-22,England Women's,Italy Women's,2,1
4018357,UEFA Women's Euro,2025,2025-07-19,France Women's,Germany Women's,1,1
4018356,UEFA Women's Euro,2025,2025-07-18,Spain Women's,Switzerland Women's,2,0
4018355,UEFA Women's Euro,2025,2025-07-17,Sweden Women's,England Women's,2,2
4018354,UEFA Women's Euro,2025,2025-07-16,Norway Women's,Italy Women's,1,2
3998858,UEFA Women's Euro,2025,2025-07-13,England Women's,Wales,6,1
3998859,UEFA Women's Euro,2025,2025-07-13,Netherlands Women's,France Women's,2,5
3998857,UEFA Women's Euro,2025,2025-07-12,Poland Women's,Denmark Women's,3,2
3998856,UEFA Women's Euro,2025,2025-07-12,Sweden Women's,Germany Women's,4,1
3998855,UEFA Women's Euro,2025,2025-07-11,Italy Women's,Spain Women's,1,3
3998854,UEFA Women's Euro,2025,2025-07-11,Portugal Women's,Belgium Women's,1,2
3998852,UEFA Women's Euro,2025,2025-07-10,WNT Finland,Switzerland Women's,1,1
3998853,UEFA Women's Euro,2025,2025-07-10,Norway Women's,Iceland Women's,4,3
3998851,UEFA Women's Euro,2025,2025-07-09,England Women's,Netherlands Women's,4,0
3998850,UEFA Women's Euro,2025,2025-07-09,France Women's,Wales,4,1
3998848,UEFA Women's Euro,2025,2025-07-08,Poland Women's,Sweden Women's,0,3
3998849,UEFA Women's Euro,2025,2025-07-08,Germany Women's,Denmark Women's,2,1
3998846,UEFA Women's Euro,2025,2025-07-07,Portugal Women's,Italy Women's,1,1
3998847,UEFA Women's Euro,2025,2025-07-07,Spain Women's,Belgium Women's,6,2
3998844,UEFA Women's Euro,2025,2025-07-06,Switzerland Women's,Iceland Women's,2,0
3998845,UEFA Women's Euro,2025,2025-07-06,Norway Women's,WNT Finland,2,1
3998837,UEFA Women's Euro,2025,2025-07-02,Switzerland Women's,Norway Women's,1,2
3998842,UEFA Women's Euro,2025,2025-07-05,Wales,Netherlands Women's,0,3
3998843,UEFA Women's Euro,2025,2025-07-05,France Women's,England Women's,2,1
3998840,UEFA Women's Euro,2025,2025-07-04,Germany Women's,Poland Women's,2,0
3998839,UEFA Women's Euro,2025,2025-07-03,Spain Women's,Portugal Women's,5,0
3998838,UEFA Women's Euro,2025,2025-07-03,Belgium Women's,Italy Women's,0,1
3998836,UEFA Women's Euro,2025,2025-07-02,Iceland Women's,WNT Finland,0,1
3998841,UEFA Women's Euro,2025,2025-07-04,Denmark Women's,Sweden Women's,0,1
3835331,UEFA Women's Euro,2022,2022-07-13,Sweden Women's,Switzerland Women's,2,1
3835324,UEFA Women's Euro,2022,2022-07-09,Netherlands Women's,Sweden Women's,1,1
3844384,UEFA Women's Euro,2022,2022-07-20,England Women's,Spain Women's,2,1
3847567,UEFA Women's Euro,2022,2022-07-31,England Women's,Germany Women's,2,1
3845506,UEFA Women's Euro,2022,2022-07-26,England Women's,Sweden Women's,4,0
3835335,UEFA Women's Euro,2022,2022-07-15,Northern Ireland,England Women's,0,5
3835323,UEFA Women's Euro,2022,2022-07-09,Portugal Women's,Switzerland Women's,2,2
3835325,UEFA Women's Euro,2022,2022-07-10,France Women's,Italy Women's,5,1
3835320,UEFA Women's Euro,2022,2022-07-07,Norway Women's,Northern Ireland,4,1
3845507,UEFA Women's Euro,2022,2022-07-27,Germany Women's,France Women's,2,1
3844387,UEFA Women's Euro,2022,2022-07-23,France Women's,Netherlands Women's,1,0
3844385,UEFA Women's Euro,2022,2022-07-21,Germany Women's,Austria Women's,2,0
3844386,UEFA Women's Euro,2022,2022-07-22,Sweden Women's,Belgium Women's,1,0
3835342,UEFA Women's Euro,2022,2022-07-18,Iceland Women's,France Women's,1,1
3835337,UEFA Women's Euro,2022,2022-07-16,Denmark Women's,Spain Women's,0,1
3835338,UEFA Women's Euro,2022,2022-07-16,WNT Finland,Germany Women's,0,3
3835330,UEFA Women's Euro,2022,2022-07-12,Germany Women's,Spain Women's,2,0
3835329,UEFA Women's Euro,2022,2022-07-12,Denmark Women's,WNT Finland,1,0
3835322,UEFA Women's Euro,2022,2022-07-08,Germany Women's,Denmark Women's,4,0
3835332,UEFA Women's Euro,2022,2022-07-13,Netherlands Women's,Portugal Women's,3,2
3835327,UEFA Women's Euro,2022,2022-07-11,England Women's,Norway Women's,8,0
3835326,UEFA Women's Euro,2022,2022-07-10,Belgium Women's,Iceland Women's,1,1
3835341,UEFA Women's Euro,2022,2022-07-18,Italy Women's,Belgium Women's,0,1
3835340,UEFA Women's Euro,2022,2022-07-17,Sweden Women's,Portugal Women's,5,0
3835339,UEFA Women's Euro,2022,2022-07-17,Switzerland Women's,Netherlands Women's,1,4
3835336,UEFA Women's Euro,2022,2022-07-15,Austria Women's,Norway Women's,1,0
3835334,UEFA Women's Euro,2022,2022-07-14,Italy Women's,Iceland Women's,1,1
3835328,UEFA Women's Euro,2022,2022-07-11,Austria Women's,Northern Ireland,2,0
3835333,UEFA Women's Euro,2022,2022-07-14,France Women's,Belgium Women's,2,1
3835321,UEFA Women's Euro,2022,2022-07-08,Spain Women's,WNT Finland,4,1
3835319,UEFA Women's Euro,2022,2022-07-06,England Women's,Austria Women's,1,0
3904629,Women's World Cup,2023,2023-08-16,Australia Women's,England Women's,1,3
3906390,Women's World Cup,2023,2023-08-20,Spain Women's,England Women's,1,0
3906389,Women's World Cup,2023,2023-08-19,Sweden Women's,Australia Women's,2,0
3904628,Women's World Cup,2023,2023-08-15,Spain Women's,Sweden Women's,2,1
3893806,Women's World Cup,2023,2023-07-26,Spain Women's,Zambia Women's,5,0
3893801,Women's World Cup,2023,2023-07-24,Brazil Women's,Panama Women's,4,0
3893797,Women's World Cup,2023,2023-07-23,Netherlands Women's,Portugal Women's,1,0
3893822,Women's World Cup,2023,2023-07-31,Japan Women's,Spain Women's,4,0
3893814,Women's World Cup,2023,2023-07-29,Sweden Women's,Italy Women's,5,0
3893790,Women's World Cup,2023,2023-07-21,Nigeria Women's,Canada Women's,0,0
3901832,Women's World Cup,2023,2023-08-08,Colombia Women's,Jamaica Women's,1,0
3902968,Women's World Cup,2023,2023-08-12,Australia Women's,France Women's,0,0
3902967,Women's World Cup,2023,2023-08-12,England Women's,Colombia Women's,2,1
3901797,Women's World Cup,2023,2023-08-06,Sweden Women's,United States Women's,0,0
3901796,Women's World Cup,2023,2023-08-06,Netherlands Women's,South Africa Women's,2,0
3902240,Women's World Cup,2023,2023-08-11,Spain Women's,Netherlands Women's,2,1
3902239,Women's World Cup,2023,2023-08-11,Japan Women's,Sweden Women's,1,2
3893808,Women's World Cup,2023,2023-07-27,United States Women's,Netherlands Women's,1,1
3901833,Women's World Cup,2023,2023-08-08,France Women's,Morocco Women's,4,0
3893826,Women's World Cup,2023,2023-08-01,Portugal Women's,United States Women's,0,0
3901736,Women's World Cup,2023,2023-08-07,Australia Women's,Denmark Women's,2,0
3901735,Women's World Cup,2023,2023-08-07,England Women's,Nigeria Women's,0,0
3901734,Women's World Cup,2023,2023-08-05,Japan Women's,Norway Women's,3,1
3901733,Women's World Cup,2023,2023-08-05,Switzerland Women's,Spain Women's,1,5
3893823,Women's World Cup,2023,2023-07-31,Costa Rica Women's,Zambia Women's,1,3
3893811,Women's World Cup,2023,2023-07-28,England Women's,Denmark Women's,1,0
3893812,Women's World Cup,2023,2023-07-28,Argentina Women's,South Africa Women's,2,2
3893813,Women's World Cup,2023,2023-07-28,China PR Women's,Haiti Women's,1,0
3893810,Women's World Cup,2023,2023-07-27,Portugal Women's,Vietnam Women's,2,0
3893809,Women's World Cup,2023,2023-07-27,Australia Women's,Nigeria Women's,2,3
3893807,Women's World Cup,2023,2023-07-26,Canada Women's,Republic of Ireland Women's,2,1
3893804,Women's World Cup,2023,2023-07-25,Switzerland Women's,Norway Women's,0,0
3893788,Women's World Cup,2023,2023-07-20,Australia Women's,Republic of Ireland Women's,1,0
3893798,Women's World Cup,2023,2023-07-23,France Women's,Jamaica Women's,0,0
3893789,Women's World Cup,2023,2023-07-21,Philippines Women's,Switzerland Women's,0,2
3893794,Women's World Cup,2023,2023-07-22,England Women's,Haiti Women's,1,0
3893792,Women's World Cup,2023,2023-07-22,United States Women's,Vietnam Women's,3,0
3893791,Women's World Cup,2023,2023-07-21,Spain Women's,Costa Rica Women's,3,0
3893787,Women's World Cup,2023,2023-07-20,New Zealand Women's,Norway Women's,1,0
3893834,Women's World Cup,2023,2023-08-03,Morocco Women's,Colombia Women's,1,0
3893833,Women's World Cup,2023,2023-08-03,Korea Republic Women's,Germany Women's,1,1
3893832,Women's World Cup,2023,2023-08-02,Jamaica Women's,Brazil Women's,0,0
3893831,Women's World Cup,2023,2023-08-02,South Africa Women's,Italy Women's,3,2
3893830,Women's World Cup,2023,2023-08-02,Argentina Women's,Sweden Women's,0,2
3893829,Women's World Cup,2023,2023-08-02,Panama Women's,France Women's,3,6
3893828,Women's World Cup,2023,2023-08-01,China PR Women's,England Women's,1,6
3893827,Women's World Cup,2023,2023-08-01,Vietnam Women's,Netherlands Women's,0,7
3893825,Women's World Cup,2023,2023-08-01,Haiti Women's,Denmark Women's,0,2
3893824,Women's World Cup,2023,2023-07-31,Republic of Ireland Women's,Nigeria Women's,0,0
3893821,Women's World Cup,2023,2023-07-31,Canada Women's,Australia Women's,0,4
3893820,Women's World Cup,2023,2023-07-30,Norway Women's,Philippines Women's,6,0
3893819,Women's World Cup,2023,2023-07-30,Korea Republic Women's,Morocco Women's,0,1
3893818,Women's World Cup,2023,2023-07-30,Germany Women's,Colombia Women's,1,2
3893817,Women's World Cup,2023,2023-07-30,Switzerland Women's,New Zealand Women's,0,0
3893816,Women's World Cup,2023,2023-07-29,Panama Women's,Jamaica Women's,0,1
3893815,Women's World Cup,2023,2023-07-29,France Women's,Brazil Women's,2,1
3893805,Women's World Cup,2023,2023-07-26,Japan Women's,Costa Rica Women's,2,0
3893803,Women's World Cup,2023,2023-07-25,New Zealand Women's,Philippines Women's,0,1
3893802,Women's World Cup,2023,2023-07-25,Colombia Women's,Korea Republic Women's,2,0
3893800,Women's World Cup,2023,2023-07-24,Italy Women's,Argentina Women's,1,0
3893799,Women's World Cup,2023,2023-07-24,Germany Women's,Morocco Women's,6,0
3893796,Women's World Cup,2023,2023-07-23,Sweden Women's,South Africa Women's,2,1
3893795,Women's World Cup,2023,2023-07-22,Denmark Women's,China PR Women's,1,0
3893793,Women's World Cup,2023,2023-07-22,Zambia Women's,Japan Women's,0,5
22949,Women's World Cup,2019,2019-06-12,Germany Women's,Spain Women's,1,0
22943,Women's World Cup,2019,2019-06-11,United States Women's,Thailand Women's,13,0
22944,Women's World Cup,2019,2019-06-11,Chile Women's,Sweden Women's,0,2
22961,Women's World Cup,2019,2019-06-14,Japan Women's,Scotland Women's,2,1
22964,Women's World Cup,2019,2019-06-15,Netherlands Women's,Cameroon Women's,3,1
68357,Women's World Cup,2019,2019-06-22,Norway Women's,Australia Women's,1,1
22933,Women's World Cup,2019,2019-06-09,Australia Women's,Italy Women's,1,2
22963,Women's World Cup,2019,2019-06-14,Jamaica Women's,Italy Women's,0,5
68311,Women's World Cup,2019,2019-06-18,Jamaica Women's,Australia Women's,1,4
22940,Women's World Cup,2019,2019-06-10,Argentina Women's,Japan Women's,0,0
22945,Women's World Cup,2019,2019-06-12,Nigeria Women's,Korea Republic Women's,2,0
22956,Women's World Cup,2019,2019-06-13,South Africa Women's,China PR Women's,0,1
22966,Women's World Cup,2019,2019-06-15,Canada Women's,New Zealand Women's,2,0
68344,Women's World Cup,2019,2019-06-20,Netherlands Women's,Canada Women's,2,1
68345,Women's World Cup,2019,2019-06-20,Sweden Women's,United States Women's,0,2
69163,Women's World Cup,2019,2019-06-24,Sweden Women's,Canada Women's,1,0
68346,Women's World Cup,2019,2019-06-20,Cameroon Women's,New Zealand Women's,2,1
68355,Women's World Cup,2019,2019-06-22,Germany Women's,Nigeria Women's,3,0
69301,Women's World Cup,2019,2019-07-06,England Women's,Sweden Women's,1,2
69137,Women's World Cup,2019,2019-06-23,France Women's,Brazil Women's,2,1
69208,Women's World Cup,2019,2019-06-29,Germany Women's,Sweden Women's,1,2
22936,Women's World Cup,2019,2019-06-09,England Women's,Scotland Women's,2,1
22973,Women's World Cup,2019,2019-06-16,Sweden Women's,Thailand Women's,5,1
68337,Women's World Cup,2019,2019-06-19,Japan Women's,England Women's,0,2
22981,Women's World Cup,2019,2019-06-17,Korea Republic Women's,Norway Women's,1,2
22974,Women's World Cup,2019,2019-06-16,United States Women's,Chile Women's,3,0
22924,Women's World Cup,2019,2019-06-08,Norway Women's,Nigeria Women's,3,0
69321,Women's World Cup,2019,2019-07-07,United States Women's,Netherlands Women's,2,0
22983,Women's World Cup,2019,2019-06-17,China PR Women's,Spain Women's,0,0
68312,Women's World Cup,2019,2019-06-18,Italy Women's,Brazil Women's,0,1
22921,Women's World Cup,2019,2019-06-07,France Women's,Korea Republic Women's,4,0
22926,Women's World Cup,2019,2019-06-08,Germany Women's,China PR Women's,1,0
22930,Women's World Cup,2019,2019-06-08,Spain Women's,South Africa Women's,3,1
22934,Women's World Cup,2019,2019-06-09,Brazil Women's,Jamaica Women's,3,0
22939,Women's World Cup,2019,2019-06-10,Canada Women's,Cameroon Women's,1,0
69202,Women's World Cup,2019,2019-06-28,France Women's,United States Women's,1,2
22942,Women's World Cup,2019,2019-06-11,New Zealand Women's,Netherlands Women's,0,1
22948,Women's World Cup,2019,2019-06-12,France Women's,Norway Women's,2,1
22955,Women's World Cup,2019,2019-06-13,Australia Women's,Brazil Women's,3,2
22962,Women's World Cup,2019,2019-06-14,England Women's,Argentina Women's,1,0
22980,Women's World Cup,2019,2019-06-17,Nigeria Women's,France Women's,0,1
22984,Women's World Cup,2019,2019-06-17,South Africa Women's,Germany Women's,0,4
68338,Women's World Cup,2019,2019-06-19,Scotland Women's,Argentina Women's,3,3
68343,Women's World Cup,2019,2019-06-20,Thailand Women's,Chile Women's,0,2
68362,Women's World Cup,2019,2019-06-23,England Women's,Cameroon Women's,3,0
69191,Women's World Cup,2019,2019-06-25,Italy Women's,China PR Women's,2,0
69188,Women's World Cup,2019,2019-06-25,Netherlands Women's,Japan Women's,2,1
69199,Women's World Cup,2019,2019-06-27,Norway Women's,England Women's,0,3
69258,Women's World Cup,2019,2019-07-02,England Women's,United States Women's,1,2
69284,Women's World Cup,2019,2019-07-03,Netherlands Women's,Sweden Women's,1,0
69205,Women's World Cup,2019,2019-06-29,Italy Women's,Netherlands Women's,0,2
69161,Women's World Cup,2019,2019-06-24,Spain Women's,United States Women's,1,2
