event_id,team,type,player,congestion_5m,runners_on_shoulder,def_line_height,team_width,team_length,run_speed_ms
0015c4b8-8f3c-468c-a5b7-ae19f252531f,England,Duel,Harry Kane,2,0,55.38028442386308,36.33550182224884,26.13965254386728,0.0
002c5f54-20e5-43e6-8240-a039a5601617,Spain,Ball Receipt*,Daniel Carvajal Ramos,1,0,69.73619994484147,50.51818620763151,17.583993889459983,4.507521754326907
002dbe65-ef77-4d9c-a199-4e9d5aa200a5,Spain,Carry,Lamine Yamal Nasraoui Ebana,0,1,87.50451726467539,44.472179343140944,10.115388647335024,0.0
002f2762-396e-492e-93f5-ad47ffcf14e9,Spain,Pass,Marc Cucurella Saseta,1,1,46.19012616417621,57.48585219998272,27.403459720970165,0.0
003d5a6a-6368-4632-9563-1c75b6eca459,Spain,Pass,Fabián Ruiz Peña,1,1,69.2156220644219,55.38311406516873,22.267423481642822,0.0
0050a3a5-af97-409a-b835-e1d0e83c87c4,England,Pass,John Stones,0,1,71.57260463283457,50.967976114082006,27.750672636651547,0.0
00609c26-9557-4265-ac02-bc224f354309,England,Pass,Jude Bellingham,1,0,52.8775484860343,40.91935234108928,25.524172564302138,0.0
00610c01-5389-421f-b038-752b029f937f,Spain,Ball Receipt*,Daniel Carvajal Ramos,1,0,74.47995741360027,36.82324137054808,11.258996074968827,5.008792416211448
006174f5-7a0e-4dfd-a8af-7a33ebf8e2e2,Spain,Ball Receipt*,Daniel Carvajal Ramos,0,0,51.50359164542939,58.46958821563484,32.631233599885384,2.23528076000639
008f0d2d-5dab-49a3-957b-59c3ef9ecbe3,England,Pressure,Declan Rice,3,1,35.35138198858019,33.243505575375885,17.836014834827328,0.0
00b729e2-1d98-4bc2-b763-3a8f4f7f1daf,Spain,Ball Receipt*,Robin Aime Robert Le Normand,0,0,15.549188723980016,62.75165938892956,55.22139685267338,0.31851807736057236
00b806ab-f2c6-47de-8b32-6fb9e2445037,Spain,Carry,Aymeric Laporte,0,2,40.68757342755438,35.90537699866596,24.77032799770864,0.0
00d6e59f-b7c6-4688-a13a-63be82be8187,England,Pressure,Phil Foden,1,1,70.21807565117986,32.90293602276129,21.18402375719214,0.0
00e1f47c-8c01-44d7-a9ba-6dc108197b78,England,Ball Recovery,Cole Palmer,1,0,58.41568995954903,37.57091301208838,21.32721582952559,0.0
00ec0ee3-e05e-4c49-8fbd-238dd9c15737,Spain,Pass,Daniel Olmo Carvajal,1,0,58.6022701377575,56.4375141398893,19.76464511703973,0.0
0117c288-22a0-47d9-be1c-b55c9f9a3601,Spain,Foul Committed,Daniel Olmo Carvajal,2,0,70.87496378079727,27.733615610025712,20.720653847352192,0.0
0134a9ed-a002-4236-939f-e26e15c73293,Spain,Carry,Daniel Carvajal Ramos,0,1,50.459105640733824,55.977632888139524,26.583783529449192,0.0
014d770b-db37-4a4f-941f-86b9a786a3e9,Spain,Ball Receipt*,Nicholas Williams Arthuer,1,0,52.29762100460418,58.28994697486889,31.69315462489911,0.0
01582ec3-f548-4c8b-acde-3814f7bebf97,Spain,Block,Daniel Olmo Carvajal,1,5,2.8324659695180445,14.541997327330321,12.67589869812783,0.0
015c81c5-89b3-421c-b0fb-8ac584344dfb,Spain,Dribbled Past,Rodrigo Hernández Cascante,1,0,79.52177967616319,18.564289941116154,22.627973206197453,0.0
018118b1-1be0-47c7-8438-492c8f3e22c4,England,Clearance,Bukayo Saka,0,1,1.6925910091528327,27.354488429498595,17.7597006643663,0.0
018a97dd-d462-4ca0-b443-2289bafc68e7,Spain,Ball Recovery,Daniel Carvajal Ramos,0,0,70.8764291206951,33.7265405956375,26.704509444121324,0.0
01941573-4a1f-42f1-a759-c1062ff4edbd,England,Miscontrol,Kobbie Mainoo,4,1,88.7128145985959,11.09552965561001,11.38110486514898,0.0
01a841b4-4a1a-4abb-91ac-62047bb63384,England,Pass,Declan Rice,1,2,14.539907717699798,32.868278558496925,24.488531813554243,0.0
01da0f2b-a63a-42e6-9d16-5c4a0851aaf8,Spain,Ball Receipt*,Fabián Ruiz Peña,1,1,53.47798641541451,60.726104668468665,29.236823499147878,0.0
01fdad9f-d99c-447a-b8f6-186be18396dd,Spain,Carry,Marc Cucurella Saseta,0,0,48.67388620104564,38.331918898695896,17.625849016537007,0.0
02035830-df34-4d15-b19a-ab7c3fd3db95,Spain,Ball Receipt*,Robin Aime Robert Le Normand,0,0,48.47728185561949,64.63090118168327,28.732986101886407,2.042296537498175
0205ff67-50d2-47d0-87af-1280fa60de47,England,Ball Recovery,Declan Rice,1,0,67.62879030201604,25.342619223176335,24.810013412614225,0.0
020685e0-045c-4513-9bb5-a01ada17a610,Spain,Pass,Fabián Ruiz Peña,1,0,54.814061259705696,62.46826289321447,28.35273610107935,0.0
020d7512-29d2-4ca2-8eab-1a85245db6bd,Spain,Duel,Nicholas Williams Arthuer,1,0,45.871540933983454,36.55557041119095,37.44904558076645,0.0
02105b90-fc9f-4eab-89e2-5c6b8eb5df13,Spain,Carry,Lamine Yamal Nasraoui Ebana,0,0,57.96150822149916,48.963630439082074,28.952409132444426,0.0
021ef93b-0719-4e59-ac8d-28e979909e7a,Spain,Dispossessed,Daniel Olmo Carvajal,2,0,43.80377086192991,53.66227511239363,23.789850028772157,0.0
02294d19-f20e-4355-a0b7-c58b599db32b,Spain,Carry,Daniel Olmo Carvajal,0,0,93.06296490578164,34.89524694295543,19.42649365545766,0.0
028b6f77-72c5-4902-a300-29e303e523f2,Spain,Carry,Nicholas Williams Arthuer,1,0,44.30784124459054,43.22277779611147,22.312380870849623,0.0
0299a08d-4dcd-4548-9ea1-2cefe360f150,Spain,Carry,Aymeric Laporte,0,0,38.29950663826461,58.99237428764956,29.928737037121635,0.0
02a2752e-d8fa-48c6-aa57-e636186682ac,England,Ball Receipt*,Ollie Watkins,1,1,32.897318558262945,23.149181273249173,23.95516276246389,0.0
02a55826-4af1-4a37-a318-185b5bad369f,Spain,Carry,Robin Aime Robert Le Normand,0,1,64.56399705516615,50.369720167777906,28.82060337906254,0.0
02aa9682-2eec-485d-bb43-64a1343012d6,England,Carry,Luke Shaw,1,0,19.08693629039399,54.23796287845641,34.36671596641369,0.0
02ac6fd7-e8a5-4289-baba-33ab432f88c4,Spain,Pass,Robin Aime Robert Le Normand,0,0,44.78513677998722,62.05085737243067,31.496397736431195,0.0
02b619d5-54fe-4bd7-ad9f-4a25dfb41e99,England,Ball Receipt*,Declan Rice,2,1,44.725087477403065,32.47301004095782,25.368930967649778,2.271599618980569
02c1f765-7ef5-4262-8ba9-91460f91d317,Spain,Shot,Álvaro Borja Morata Martín,1,2,78.68242387829413,35.97702417421631,14.820425106699965,0.0
02db3a7d-7b81-4753-a84f-feb54a145cd3,England,Carry,Bukayo Saka,0,0,81.70744880406438,48.64034391090745,18.26695831920644,0.0
0309656e-6fd3-4a45-b865-2b53998732ca,Spain,Pass,Robin Aime Robert Le Normand,0,0,44.533649072074354,64.75998985774471,34.61224454683277,0.0
032b24e9-a518-43b4-a156-da7ce66e4dab,England,Ball Receipt*,Kyle Walker,0,0,15.052718135302728,45.46922262644291,32.19971070773457,2.077803120793865
038a24d5-c5de-4b3c-b67c-1f92777ab89d,Spain,Ball Receipt*,Álvaro Borja Morata Martín,2,0,62.61614182265171,60.82945763434681,22.00561328223417,5.345237025185761
03a13692-e0b4-4056-81d3-1976864c79aa,Spain,Pass,Aymeric Laporte,0,0,49.708761449288055,61.569713134387065,36.30602944394761,0.0
03a51748-0d0f-447d-ab46-2270fce49a33,England,Ball Receipt*,Phil Foden,3,1,65.97852722955982,58.50368990891854,22.513085622657197,1.7828484993312035
03a57207-f634-4795-a1fe-7e3209c93f1f,Spain,Pass,Daniel Carvajal Ramos,1,0,74.85826636568397,37.49471278110338,10.883389343399962,0.0
03ac30e2-bca1-4497-ab1d-c64c90204203,England,Carry,Kyle Walker,0,2,17.41961259641429,54.98396272240676,27.312708402207903,0.0
03b1c029-ef0b-4c74-ad3e-09d59a5d8acf,Spain,Pass,Rodrigo Hernández Cascante,0,1,48.430320369437226,58.83365471768277,31.94758541218781,0.0
040901fa-f624-418a-9c54-980ad6e0f6b7,England,Carry,Jude Bellingham,1,0,54.877923437151615,51.96518345754592,17.747452038301304,0.0
043166fe-1d7a-4d73-be0f-52b8016cc255,England,Pass,Kyle Walker,0,2,34.001762621555955,47.450930510335034,42.399757792164735,0.0
044432d4-6264-4e2c-8765-1cd6069bb80c,England,Carry,Kyle Walker,0,0,59.4409931065675,57.57159581147836,29.619009371339594,0.0
044b2fc9-baac-4234-8918-0eaf994de027,Spain,Carry,Daniel Carvajal Ramos,0,2,25.849335488411274,60.26849979808953,35.485778390310166,0.0
04580fdf-8ad4-4430-be6a-896c36bc33e4,England,Ball Receipt*,Phil Foden,1,3,29.500523536006845,21.134892916229706,17.476517907356744,0.0
04752354-2cd5-4b8d-91d5-c1dd27a52dff,Spain,Carry,Robin Aime Robert Le Normand,0,1,39.529980941991134,56.032408226149975,30.031325109436466,0.0
0477be9e-4df4-4527-8bd0-5cf97a39ea8e,Spain,Carry,Fabián Ruiz Peña,1,2,62.469546713860396,44.751242377407365,25.424555503137924,0.0
0493488e-f4fb-41f7-95c9-6f26efc1bae5,England,Duel,Declan Rice,2,1,13.934485429201818,24.443122344402394,21.15160628848562,0.0
04950e14-4af1-49f7-8812-4aa5a2fdf9a6,England,Pass,Jordan Pickford,0,1,35.626912504400586,37.36753437610157,34.443714974117874,0.0
049be5e3-144b-4fa0-a582-ab3d94161dac,England,Pressure,Jude Bellingham,2,1,35.2531358597203,32.87136901775559,25.12797240687099,0.0
04b47e5f-8f9f-41b2-ae80-215f9255d252,Spain,Carry,Fabián Ruiz Peña,1,0,68.66589063764472,39.56275324900732,21.115211484312617,0.0
04c6143d-2d81-4c62-baac-51a124b1d68a,Spain,Pressure,Daniel Olmo Carvajal,1,1,56.487203054122475,39.13580347511797,27.448023059290126,0.0
04cbfe7a-337a-49cb-b4ae-dafeaeedd7b5,Spain,Ball Receipt*,Aymeric Laporte,3,0,94.78873509111824,46.44452057046437,15.39726940792101,1.9853939797602347
04ce2e1e-1ffc-4269-b14e-de16f303a5c5,Spain,Shot,Nicholas Williams Arthuer,2,0,77.09650965648659,24.829852894167878,16.19066362039032,0.0
04d0e0dd-1c56-4c83-8e47-debc8412a24f,Spain,Ball Receipt*,Aymeric Laporte,0,1,49.75681884412434,50.99790671612211,33.32449418045626,2.8782959899680303
04e84e2e-468d-4eb0-93ee-c274b0f4618f,Spain,Ball Receipt*,Fabián Ruiz Peña,0,0,52.053271907851475,63.58160996968601,27.274212060203517,1.5772533851041053
0516df8e-ba4a-4747-beda-a02217274faf,Spain,Carry,Robin Aime Robert Le Normand,0,0,35.85965276049959,29.87691888759843,22.334794192215444,0.0
053f03b7-bfbe-4779-a870-573d4424bd77,England,Carry,Luke Shaw,1,0,87.33361359006786,41.58377151329629,9.629959244852579,0.0
05433750-14f3-4f9c-a366-45e3dd2c67a2,England,Carry,Bukayo Saka,0,0,78.19389563049378,39.95312906590515,16.254183740427568,0.0
0547c3b6-7eb0-4618-970b-01b26000d31e,Spain,Carry,Daniel Olmo Carvajal,0,0,69.67397474043719,62.262020369917984,18.037046307859207,0.0
05652eef-b8e1-4fb8-b782-f1e38578113b,Spain,Ball Receipt*,Rodrigo Hernández Cascante,0,1,39.811726888761115,31.171377444663584,26.766434733742322,1.2834477763401912
05a17a25-c979-4d78-932e-96aa51e85e1e,England,Ball Receipt*,Luke Shaw,1,1,37.871253456389574,36.8421683609837,18.585206069921334,3.5638608986355984
05bcd898-5ada-49f6-971e-0c4ff506208c,Spain,Carry,Lamine Yamal Nasraoui Ebana,2,1,93.53156926965328,36.29862601958279,21.773907066426595,0.0
05ccabe3-6e96-4799-9210-f6b59d38e584,Spain,Ball Receipt*,Fabián Ruiz Peña,1,0,58.41568995954903,37.57091301208838,21.32721582952559,0.0
05d3529b-c4ed-4a73-a85c-fc9794f883c1,England,Ball Receipt*,Phil Foden,1,2,67.96684211986006,29.078255037847637,22.423726866699624,0.0
05ed23e5-65a1-4c5d-9a20-a96fa64007df,England,Pass,John Stones,0,0,30.968321134603855,56.317702418990635,24.67239920179346,0.0
0612ab5f-d518-4e56-9302-230b1f4438ef,England,Carry,Jude Bellingham,1,0,28.629864836388176,55.277452195376526,30.835334972956197,0.0
0630017e-b750-4cc3-9948-f5956c017bea,Spain,Pass,Aymeric Laporte,0,1,39.078371268379,63.14674472323839,26.21020794791104,0.0
063ba7c4-6c27-4777-9f68-7eb8651ce338,England,Pressure,Kyle Walker,1,1,41.283012855702864,44.01026113289123,25.12716657437848,0.0
0644cbf5-237e-405b-86e7-d08d31b4d408,Spain,Carry,Unai Simón Mendibil,0,0,25.829727335118232,62.322260711856565,43.50449718337481,0.0
064d60aa-8976-42ad-9186-b26265fe1d1a,Spain,Shot,Daniel Olmo Carvajal,0,0,91.82920557678412,30.914822127861193,15.648287090735096,0.0
06527859-3ab1-44cb-8f5b-ba2879b5f2c1,Spain,Pass,Lamine Yamal Nasraoui Ebana,1,0,70.66810344345717,45.62228366873446,30.667448751545052,0.0
065988d6-243a-41b1-bfd2-0421211accd6,Spain,Ball Recovery,Mikel Oyarzabal Ugarte,0,2,23.971760458800432,37.82325125651611,18.88279106493156,0.0
067299ff-8e76-4411-8d6d-1753217df6e4,England,Dribble,Kyle Walker,1,2,26.345897519572745,35.93314245100172,44.46980931372483,0.0
067ca655-5bf5-4835-8687-e0477ac6c97d,Spain,Pressure,Daniel Olmo Carvajal,1,0,2.13742096687996,36.42228328065986,17.97813874542019,0.0
067dc6c9-5cbb-45a4-a091-ec81b03f28d7,Spain,Carry,Martín Zubimendi Ibáñez,0,1,47.08746009936488,39.256815314893615,29.658089328459713,0.0
06960e85-8515-4da0-9828-81c07cce0d6e,Spain,Shot,Lamine Yamal Nasraoui Ebana,2,0,86.78646581616191,11.873944482423267,1.796284353816668,0.0
06a9d98f-a2af-4795-be9e-06c5b273f179,England,Pressure,Phil Foden,1,2,25.16777929785186,40.89854469624937,24.475617624387823,0.0
06e8aee8-e844-4c0c-a5b5-283b5d03a18d,Spain,Pass,Álvaro Borja Morata Martín,1,0,56.74996418118276,63.62154661181634,22.20578980663513,0.0
06f77478-63b8-470d-bcbe-f38ddba739c3,Spain,Ball Receipt*,Aymeric Laporte,0,0,45.50917926739812,56.899268443493355,29.992780485240036,5.095427585255849
07002501-16d0-4c17-aa93-278f378c2941,Spain,Pass,Martín Zubimendi Ibáñez,0,2,48.382023641408416,62.640173865659804,29.35573356015327,0.0
0705ba94-2865-4129-8b9d-2b4028e0716f,Spain,Pressure,Álvaro Borja Morata Martín,1,2,22.807313773762736,33.40379640062972,25.761665685276583,0.0
07066796-41a5-4f28-b4af-c374182ac246,England,Pressure,Marc Guehi,1,2,25.12682149362175,38.88763832258632,20.703471855999084,0.0
07106446-128a-46fd-911c-0ef4c7685e63,England,Block,Ollie Watkins,2,0,77.29167753983063,24.91447982103079,7.833544383167056,0.0
07201b15-1c53-4fee-84ac-f9826e361053,England,Carry,Kyle Walker,0,0,45.90777850310896,53.931982590696826,25.747235687887482,0.0
07241c09-df5b-4eb5-8386-51fa45ae3a62,England,Pass,Kobbie Mainoo,0,0,72.02581802615754,30.100699903717707,27.234992858169875,0.0
072c9d7a-85d0-4ac5-909c-d20d471089bb,England,Ball Receipt*,Phil Foden,3,0,44.30226177434769,34.9931434387889,27.389195912981553,6.605235136606222
073fb815-ddaa-4bff-a493-dedfa5739ae2,England,Dispossessed,Kyle Walker,2,1,61.49259497442128,37.94445738352449,28.09792598689998,0.0
075a2848-1b37-4142-8192-6dc7e63c3842,England,Foul Won,Bukayo Saka,2,0,58.59924032403841,8.79595571028667,18.525347977562983,0.0
076ccd2f-97cc-42d0-819b-12e9068500d0,Spain,Duel,Álvaro Borja Morata Martín,1,1,16.924744805782716,33.333083844679386,22.760100221542864,0.0
07815a9d-b7e6-4870-a113-85d93c3ccd9d,Spain,Ball Receipt*,Daniel Olmo Carvajal,2,1,71.08591073665174,32.68995174875095,30.7768310953108,4.913987071008862
078dc775-dabd-4ca8-8568-e5663a2340b6,Spain,Pass,Daniel Carvajal Ramos,1,3,20.295898028495284,29.045607263975967,22.23372247214681,0.0
078eec92-34f5-4d60-a5e3-023d5e058d04,Spain,Carry,Rodrigo Hernández Cascante,0,1,67.20615425356954,48.86177767684013,25.096065796844336,0.0
078ff5eb-d989-46d9-b1ae-15c36bb018ed,Spain,Carry,Robin Aime Robert Le Normand,0,2,60.2113199993812,66.81849065178977,28.27243179610864,0.0
07924f27-3a02-431c-bcda-57995fc0e40a,England,Ball Receipt*,Declan Rice,1,1,15.173310589485215,47.9005094248702,33.04669411834364,2.8926286274163675
07956d16-b7e8-43ba-a318-2c19b2a72a40,Spain,Ball Receipt*,Rodrigo Hernández Cascante,2,1,57.49519653302304,21.31664676010872,20.70014257856357,1.4617063248557858
07aa2775-b640-459f-b1c7-7776bbe3e364,Spain,Pass,Daniel Carvajal Ramos,0,0,69.24251134678343,48.60383568097745,17.728577919869153,0.0
07fb919d-ec0b-476f-903e-9b8eac9b8ab6,England,Carry,Marc Guehi,0,0,34.30243968445734,59.176473617552624,31.543406323396436,0.0
07fdd91f-e5eb-499f-9483-261a69dc8acc,Spain,Ball Receipt*,Mikel Merino Zazón,2,0,79.57543405135894,16.884729961772727,23.369939109077166,4.562825925438823
07ff5fd1-61da-4f41-b51c-5c1da0b1fbc7,England,Pass,Jordan Pickford,0,0,38.5908410420242,52.20471576606431,41.83993509846466,0.0
080b0aee-444f-41eb-bb55-61e52525e158,England,Carry,Jude Bellingham,1,0,19.4386736954622,47.08556031994563,33.12499836172434,0.0
080ebefc-010f-41f5-b624-1bffd9e6f1ef,England,Goal Keeper,Jordan Pickford,0,4,9.411305057242139,20.77267807931911,16.49882141346356,0.0
08170e9d-bb36-4f4e-bfe2-d201d035c8b6,Spain,Pass,Nicholas Williams Arthuer,3,0,52.361317930324624,32.93187787646314,17.171316498680905,0.0
083f57d7-f2dc-4d5b-b954-393b8950ed9b,England,Block,Declan Rice,2,2,77.9029070902213,28.1896159555179,18.791960818430933,0.0
0845abda-89d3-4876-aa2f-18542623f3df,Spain,Pressure,Álvaro Borja Morata Martín,1,0,48.78063318057681,7.695084336979794,23.502122380988546,0.0
085c773f-9499-4078-9683-59ca45bf8b21,England,Carry,Jude Bellingham,2,0,58.7171775916487,28.79291649235473,23.47642160336239,0.0
0860c606-8a85-4d34-bfc5-4e51f11801b4,Spain,Carry,Robin Aime Robert Le Normand,0,0,31.64548119721169,66.17151620972435,34.08735592300282,0.0
086ba2cf-bfd9-4275-aa85-d154fea01b8e,Spain,Pass,Martín Zubimendi Ibáñez,0,2,53.17990347808624,59.854516171369546,30.213148808944513,0.0
0898dac7-ac3e-4665-8aae-2a9366abd986,England,Carry,Jordan Pickford,0,0,32.11796692579277,52.88177716034123,40.697873313489055,0.0
08a14a6b-64d6-449e-963a-b6d76a56c350,England,Pass,Declan Rice,0,2,47.22496379237927,60.84540849458658,30.394375189423325,0.0
08b893a1-0951-4196-8899-a0168fc600f7,Spain,Pass,Daniel Olmo Carvajal,0,0,68.95875570773853,57.31714048066501,16.096539039353388,0.0
08b94b0b-c68c-4b71-a5fb-400a93a43be0,England,Dribbled Past,Jude Bellingham,1,0,37.807882040519694,46.499821214087504,27.279763544401376,0.0
08c2e85b-082f-4c37-828c-f9206864bfaa,Spain,Pass,Marc Cucurella Saseta,1,1,74.03807261376087,50.51621871634933,21.277361221550482,0.0
08c86501-3d1e-40e0-8003-67a2fa8bb08d,Spain,Carry,Nicholas Williams Arthuer,0,0,79.79809915395292,50.831337857124616,24.121769450722066,0.0
08c9aeaa-870b-43cc-ba45-4db0bce7fe1d,Spain,Pass,Martín Zubimendi Ibáñez,1,1,39.93676158533016,60.42783741754905,25.722524335859692,0.0
08e00a78-1a15-4747-885e-d5e604f08d46,Spain,Pass,Robin Aime Robert Le Normand,0,0,23.98847454875098,64.33557647580356,36.08498326181334,0.0
08e464ed-c5a7-4ea1-a2af-7e1d82bcc038,England,Pass,Jordan Pickford,0,0,47.526152911462475,41.652945657157254,33.01252501633889,0.0
08f350c3-2b86-4f64-a1a6-6e8e731ff197,Spain,Pass,Marc Cucurella Saseta,0,0,34.970886457647346,58.86477164152917,36.25296732636695,0.0
091176c8-8f68-4425-8232-b634faa68359,Spain,Foul Committed,Marc Cucurella Saseta,1,1,51.141782536327305,40.088295874375795,36.816395556142886,0.0
091e8c8b-ecc4-4852-b06f-0c7c68b180da,England,Pressure,Phil Foden,3,1,71.4545796393956,30.727677622604944,20.199290326567834,0.0
093b6afc-4139-48aa-b5bb-139b8cb5ef9e,Spain,Pass,Robin Aime Robert Le Normand,1,0,57.32542548027498,60.550383033328465,21.93148248505501,0.0
09417feb-331f-4508-95ad-a425009c6f44,England,Pressure,Declan Rice,1,0,38.95099467524268,38.97542698181116,18.739043473643388,0.0
094365aa-4beb-453d-bd03-5801a920963c,Spain,Pass,Álvaro Borja Morata Martín,1,1,55.854385989594,56.320802651720555,21.608898055074743,0.0
09734baa-3244-46d0-927b-a526a341a0c9,Spain,Dribbled Past,Nicholas Williams Arthuer,1,0,73.35082025101579,34.87423211009298,16.735451427300763,0.0
09790ade-10b2-48de-bfae-e4edec57770e,Spain,Pressure,Nicholas Williams Arthuer,1,2,53.165423046828394,33.64038434812377,37.35491419553874,0.0
0992fedb-305a-44cd-a699-a3d7e5c764ad,Spain,Carry,Aymeric Laporte,0,0,74.10867069896506,57.10764263991466,20.303329828692856,0.0
09a5bcc5-d69b-4afa-8004-d58700d80cb2,Spain,Ball Receipt*,Lamine Yamal Nasraoui Ebana,0,0,69.38511863706326,49.810860106119186,18.697822261866037,1.7406868414234045
09be6bb8-96fd-4de4-8765-e2558be6dfc1,Spain,Ball Receipt*,Fabián Ruiz Peña,0,0,51.089462986433354,55.06072044596662,29.536005165975872,2.7918047731310716
09ea7ea4-9f62-4f60-985d-e1bdb5708373,Spain,Clearance,Aymeric Laporte,3,2,29.084064229370888,26.023159823938805,27.396030724812952,0.0
09efa711-7bf1-4111-ab9f-eedd8a1d8aba,England,Ball Receipt*,Kyle Walker,0,0,61.08871535727004,50.41461333074528,35.104468854045926,2.5182256290932257
09f564b4-76cd-446d-8aff-37b05c0208c1,England,Pass,John Stones,1,0,49.6037692206043,56.65906407237325,19.698743462330754,0.0
09fdaf25-b346-411f-9b10-6464b36b4dc2,Spain,Ball Receipt*,Aymeric Laporte,0,0,71.2329026934207,59.06674395230125,26.318985579420527,6.637959178305291
0a19abcf-e743-43c9-bc33-5713a0eab508,Spain,Carry,Fabián Ruiz Peña,1,0,66.01699222927428,58.6394191514795,28.823122853729345,0.0
0a256fdd-cb20-43ee-adcd-42cad05af870,Spain,Pass,Álvaro Borja Morata Martín,1,1,60.47593250825585,43.530734678241835,22.901827585504495,0.0
0a5d5781-ad57-4923-9f04-af629017ad5f,Spain,Carry,Robin Aime Robert Le Normand,0,1,67.02942691348119,47.30814258694869,25.45987094189426,0.0
0a705103-0859-4bc0-b5a4-15162fb1cb27,England,Pass,Kobbie Mainoo,2,1,82.27576557594908,41.55753881741961,16.112632165790522,0.0
0aaddaa7-7234-4b31-91a1-e1ce751ffe3b,Spain,Duel,Martín Zubimendi Ibáñez,2,2,20.271268629790168,27.895119742731676,17.33322015719316,0.0
0ab84cf9-d10f-4027-90c6-01eda9ea4ef9,Spain,Pressure,Álvaro Borja Morata Martín,0,1,61.503758527390055,38.33825273978903,38.20213869524323,0.0
0adaebe8-6d11-4688-a039-e59cd26df3e2,England,Pass,Kyle Walker,0,0,69.2276336521902,52.88785381577362,21.42794921496253,0.0
0adbaf43-db94-4acd-bbbf-a9025ed1e949,England,Ball Receipt*,Jude Bellingham,1,0,31.281688023615118,56.84688900555271,24.61974400026099,1.427519592730414
0aef58ba-6730-4dcd-954b-b7cc41cdd621,Spain,Block,Aymeric Laporte,1,1,4.850468441375744,30.09735706177823,24.055260168218275,0.0
0b0d9ceb-f4a0-4907-9485-a87e7c548e35,England,Pressure,Cole Palmer,0,2,54.155847569272844,44.1583904001093,45.84011823678117,0.0
0b134d50-24aa-4634-b0f8-02a19dbeeb33,England,Clearance,Marc Guehi,0,2,7.745414531853061,14.14427865817537,15.919631885683172,0.0
0b1503d3-58b4-4ba3-8fe9-7175b8d74e0c,Spain,Carry,Marc Cucurella Saseta,0,1,66.03806281272358,57.14574268266092,23.807490544426226,0.0
0b1b293c-d147-4b46-a73e-4269c8fd6e1e,England,Pass,Declan Rice,1,1,14.969930774904261,47.86557973146508,33.258353738780514,0.0
0b32cc76-3940-44cf-8e99-81b8489661a3,England,Ball Receipt*,Phil Foden,1,2,11.599103897082012,33.37897403603944,10.873427888568619,0.0
0b354f36-d30a-4455-b47d-31594c752317,England,Pressure,Declan Rice,3,2,5.358042331482934,26.81242701789157,14.8890568893262,0.0
0b3647fa-da0d-4c52-8143-fec80c7854e8,England,Pressure,Phil Foden,1,1,54.38052140376767,31.52824675462496,17.53698959989194,0.0
0b4dcf72-b4e2-4669-9231-a6d04d60e65f,Spain,Pressure,Robin Aime Robert Le Normand,2,1,10.53937576975315,29.297601893795704,21.657601761921182,0.0
0b4fa301-06ee-4a66-89e6-e1b5dd176b95,Spain,Pass,Daniel Carvajal Ramos,1,1,92.70593803683687,24.620418881756297,13.30494914884314,0.0
0b545c1e-8cb4-4451-a071-69127f189c9b,Spain,Pressure,Marc Cucurella Saseta,1,0,81.03733057386356,32.6826879807486,21.435394940225304,0.0
0b77eb99-682d-4484-921c-69443a99be46,Spain,Ball Recovery,Nicholas Williams Arthuer,1,1,47.2777414948205,28.378183523012662,19.15447161127495,0.0
0b7c18af-c660-4091-8467-ec35499a36da,Spain,Ball Receipt*,Robin Aime Robert Le Normand,3,0,93.99120826096592,28.761530321208706,16.46083665174262,1.9187047824141867
0bb429a5-d890-4229-965c-0a19c481f859,England,Pass,John Stones,0,0,78.83715763992444,43.582083853255234,29.948004813067886,0.0
0bb6d6a3-5fba-486b-ad88-1d24ff03cb81,England,Ball Receipt*,Kyle Walker,0,0,18.842410497546368,44.76825296725033,36.91124739921244,0.0
0bd48b9b-8475-4153-9db3-41bc94b8dcd1,England,Carry,Jude Bellingham,0,1,37.5615229433636,58.59076827569965,27.067568806395148,0.0
0bd4b21c-142c-4051-8c89-e5c097aa86fa,England,Pass,Declan Rice,1,1,43.42531803791972,48.53025067221832,28.939030953017916,0.0
0bfa7ea6-6791-4e3f-a82a-aee9f3049c54,England,Pass,Kyle Walker,1,0,55.11967112276431,57.50760415562216,27.045554716785393,0.0
0bfbcdd5-f2b9-4c76-b2ec-39339459d4e3,Spain,Carry,Mikel Oyarzabal Ugarte,1,0,92.5030716302836,22.614421667958947,20.924540678467725,0.0
0c0e6467-4ce7-4a32-9de2-da2ed79db032,Spain,Pass,Rodrigo Hernández Cascante,3,0,93.93037906836568,34.64727907721584,17.527582712313613,0.0
0c1d77fc-19fe-48d4-909c-280b6fbf2458,Spain,Duel,Fabián Ruiz Peña,1,0,11.007794452832123,34.79500641315602,23.452510169865104,0.0
0c420a14-0d50-4f60-9321-4d7afe066284,England,Pass,John Stones,0,1,36.22879117246915,63.74052134059927,30.19475779326907,0.0
0c616deb-c26a-4a5f-a759-5f4573aa41d5,Spain,Pass,Fabián Ruiz Peña,2,1,57.94541891245484,21.134808282211132,24.337873898252102,0.0
0c79b207-646d-4434-a9df-6ee42b6c8dd1,Spain,Ball Receipt*,Robin Aime Robert Le Normand,0,0,49.493315003213915,63.8587840083654,26.850244193418927,3.9269245080493933
0ca34537-a287-4c2a-b23c-43a7dee3009f,Spain,Ball Receipt*,Robin Aime Robert Le Normand,1,2,24.50570175631391,21.57854521994384,17.85142202947216,1.5970233702767433
0cc5e793-b6c5-4df7-b7ba-a7419b123183,Spain,Pressure,Lamine Yamal Nasraoui Ebana,3,2,88.5203616686209,36.15505124387282,12.344150454463689,0.0
0cdd319d-772e-4689-88a1-dc10d37d0d23,Spain,Pass,Álvaro Borja Morata Martín,1,0,62.31319250551248,44.42103198066709,10.400955791015386,0.0
0d09a244-0137-4ab4-aa7e-ccee8529cfb1,England,Ball Receipt*,Jude Bellingham,0,1,16.783023456102388,30.827326193295676,25.898161676487273,0.0
0d1eb513-423b-4b81-8d77-ab370891cd46,Spain,Carry,Martín Zubimendi Ibáñez,0,0,88.81875311488685,38.23031812245741,17.827062006413154,0.0
0d2cb6a7-0ac3-4607-8f8e-a32bbd7fac85,Spain,Carry,Aymeric Laporte,0,1,50.74141053903559,43.06579893264012,25.888246721506423,0.0
0d33a9e6-6dde-41fd-9efa-b192cbb919d4,Spain,Ball Receipt*,Robin Aime Robert Le Normand,0,1,64.56399705516615,50.369720167777906,28.82060337906254,1.8841892509646512
0d579761-03a6-4355-9e60-f0c8e116f333,Spain,Pass,Lamine Yamal Nasraoui Ebana,2,3,89.73427111541477,35.46127024245463,15.525287748254604,0.0
0d590612-4f3d-4ab6-b4dc-34eab09d0b5b,England,Foul Won,Kyle Walker,1,0,3.239817033524503,36.89481690068387,14.304097859576625,0.0
0d6e1ca4-1f55-4c01-bd8e-eab6e8a65b38,England,Carry,Bukayo Saka,0,1,23.355673933940583,40.879556151327826,33.04597602387616,0.0
0d766bed-7a5a-4cad-86c7-68dda4cdfffb,Spain,Ball Receipt*,Daniel Carvajal Ramos,0,1,75.26817998398643,48.40816210749052,21.212450571524112,4.136508339514184
0d952f8e-5485-4efb-92d6-3236e9bd93a2,England,Ball Receipt*,Declan Rice,0,0,64.96301833521899,47.31875394402241,24.596029382802868,2.604019521718843
0d99ba31-5ca7-4fa6-914c-52632e8dc137,Spain,Ball Receipt*,Marc Cucurella Saseta,0,0,42.29754715664344,61.80964492490561,17.00173107909685,1.2933453276521962
0da3ed79-510d-4207-a3ce-c3922df03b8f,Spain,Carry,Fabián Ruiz Peña,0,0,40.828584166896015,51.59109992458107,26.24522745512711,0.0
0da5b48c-3638-4c05-a931-8484af525735,England,Pass,Bukayo Saka,1,1,90.72919818543146,45.06516643375785,33.05959387535839,0.0
0dbe8f08-ce90-4e0e-a83a-2dd884862223,Spain,Carry,Marc Cucurella Saseta,0,1,58.5262853378013,57.36187081015348,29.237517079121243,0.0
0dbea974-e636-41d9-9a0f-dc3d0aa809c4,Spain,Carry,Aymeric Laporte,0,1,58.75805267277947,47.22714742605803,28.198594195978885,0.0
0dfa8234-fbe2-44a6-b809-24fab7546173,Spain,Ball Receipt*,Aymeric Laporte,0,2,40.68757342755438,35.90537699866596,24.77032799770864,3.144834217296821
0e0f551a-0659-460b-980f-11b613c1c70c,England,Ball Receipt*,John Stones,0,1,28.438490629707776,48.20003493887589,34.70348775342593,9.014974521352098
0e1998e6-8fd3-4d97-b783-f9e5098505c6,England,Duel,Phil Foden,1,1,70.62473205082892,32.06370472828626,19.71049390591304,0.0
0e2a5fdd-1287-45e4-9d11-a39b6dc385ef,Spain,Pass,Robin Aime Robert Le Normand,0,0,25.13684316262967,60.004789975655065,20.161119201379133,0.0
0e2c9dd8-cc5d-4229-a5b6-403a9d52d5b0,Spain,Ball Receipt*,Daniel Carvajal Ramos,1,0,64.36960227022259,57.566023006913596,20.938591664127472,6.530762580814305
0e488e57-e1c9-4d06-8052-b7ba2658c362,Spain,Pressure,Mikel Oyarzabal Ugarte,0,0,27.87831270287407,38.04642625060655,31.94152758333196,0.0
0e8b8030-06f3-43dd-9072-83970210cd02,Spain,Pass,Daniel Carvajal Ramos,0,1,63.3253732531471,49.607030111895526,27.22752533040359,0.0
0ec6d3c0-46ff-4cda-87e2-d284a577e4a9,Spain,Ball Receipt*,Daniel Olmo Carvajal,1,0,69.17353526873049,32.72563839516116,24.17911424964283,1.1495319637530943
0ef012df-0de4-44b0-9e16-f15cdb3f03fb,Spain,Dribble,Daniel Olmo Carvajal,4,0,2.553831769116752,33.10142446992808,10.059389881522327,0.0
0f1711dd-6461-4166-88fe-003731fccf49,England,Dispossessed,Phil Foden,3,0,46.22262012227988,38.56946589861424,26.63931444912683,0.0
0f17d022-376b-4d38-a85a-5f4589429541,Spain,Ball Receipt*,Robin Aime Robert Le Normand,0,0,19.054616949034802,57.886815909214675,26.98495070964482,6.2632857807361715
0f2e49dc-10f0-49a9-b403-5ea94ed5ff1d,England,Ball Receipt*,Bukayo Saka,1,4,23.975182453549507,32.99573342881045,21.818479150096532,0.0
0f3ccb08-5db6-44b4-9791-bfde50800465,Spain,Pressure,Lamine Yamal Nasraoui Ebana,1,1,98.15423760271703,33.95017448889015,16.423490939234643,0.0
0f4ebf85-63f0-4271-b243-5f6dc9a1026c,Spain,50/50,Robin Aime Robert Le Normand,1,1,76.458052209039,34.47019448367178,23.02531304557751,0.0
0f625f51-f1a0-4e9f-9ec2-087cbba4d4ff,Spain,Carry,Robin Aime Robert Le Normand,0,0,37.608408238267444,55.92319351567126,35.65655442988403,0.0
0f6a0617-de3d-4ef7-8c20-f08d78db37d4,Spain,Pass,Martín Zubimendi Ibáñez,1,0,90.00276149384474,39.26748491455908,19.420844664803894,0.0
0f8adf1d-afba-4ad0-b745-b3470c0111c1,England,Carry,John Stones,1,0,31.404620843908727,62.7865156327686,34.34392225842982,0.0
0fadfe1e-77f3-4c14-9579-01f9d12e8a8e,England,Clearance,John Stones,1,1,2.9717918553099496,28.319296262613364,15.94577062327526,0.0
0fba2b50-7eb7-428c-a481-a15ec2a40358,England,Carry,Declan Rice,0,0,33.84753774020074,57.56517404730833,24.87608829548532,0.0
0fc6d37c-31dc-4e8c-8329-abb4bb2eb73a,Spain,Ball Receipt*,Fabián Ruiz Peña,0,0,41.7796251151167,57.88116906610652,32.9399267246524,7.354108521956615
0fd3395a-ee80-44ca-8b7b-0b7f37f0c9c9,England,Ball Receipt*,Declan Rice,2,1,20.667885665459565,57.956359019495835,34.31798138086234,2.6533309691121945
0ff51a71-3df6-4de5-858e-5f11aacd1ecf,Spain,Pass,Fabián Ruiz Peña,1,0,36.456971459383304,42.544547051896224,25.258150188592616,0.0
101e73ba-3f42-4757-9aff-14276766e11b,Spain,Pressure,Nicholas Williams Arthuer,1,2,69.1105876410112,19.83303362832562,18.23530246043076,0.0
1025b0c4-5978-4a99-a758-40aedaf1c079,England,Pass,Kyle Walker,0,1,96.88970150427683,21.284677731997927,12.56424095008481,0.0
106b8b25-43ca-4ad6-b8b4-729177538f30,England,Ball Receipt*,Kyle Walker,0,1,78.78450998574154,47.72069420577225,18.465032611165363,0.0
1095f9d4-1b00-4a4e-9d53-d345cbfa5bd3,Spain,Carry,Robin Aime Robert Le Normand,0,0,47.94647590163999,32.66050236029567,15.499698373649657,0.0
109c7d0b-c10f-4bc4-bd67-494dd6303e4c,Spain,Ball Receipt*,Robin Aime Robert Le Normand,0,1,55.97817740143975,61.998246036476,25.75041389460482,1.2875742216928299
10a170a5-ff77-46b9-bfd6-6d85e51d6dbc,Spain,Carry,Daniel Carvajal Ramos,0,0,64.22223454463963,47.93493557638275,28.492769275260894,0.0
10bd75bb-381f-480f-8f1d-100d88dbdef3,England,Carry,Phil Foden,2,1,31.29597702049108,37.79109928619536,27.555864979595995,0.0
10c5ae2e-f5cc-4724-a18e-b5b3826ad1e8,Spain,Carry,Robin Aime Robert Le Normand,0,0,19.38525342799452,61.270446314740205,29.4285540710085,0.0
10c7a567-147e-4721-bdc6-c34814722d38,England,Ball Receipt*,John Stones,0,0,49.96096777108432,60.22397142056807,27.342903171796777,0.4238399253025326
10e57875-a799-49be-864a-e4c007757b0e,England,Duel,John Stones,1,1,50.886418681831195,34.30499870599303,22.53718936862443,0.0
10f6d0d1-2b11-42db-9768-bb89c129fe89,England,Pass,Luke Shaw,2,0,84.96914016956215,13.853364344541422,11.76181723032836,0.0
110e1205-0ba0-4736-8d93-895ca8f1b563,Spain,Ball Receipt*,Lamine Yamal Nasraoui Ebana,1,0,70.93169377379333,36.1181618585544,12.834874371969658,3.2473318936630835
1123fa09-4824-414e-b81b-d3b19ebac4ed,Spain,Carry,Aymeric Laporte,0,0,21.62172741009126,57.67835594581379,28.568314133901023,0.0
112a44af-ed04-485b-b5d0-b55250ddd8ef,England,Carry,John Stones,0,0,21.41840005861913,65.55565194313291,38.5288622171033,0.0
112e082a-d50d-43e5-b45a-9e0901605a2a,Spain,Ball Receipt*,Daniel Olmo Carvajal,3,0,88.45584119573921,28.747878969505972,5.12911084593037,5.127415307169013
115288fc-b9c7-4fec-8566-4f5df8efcfaf,Spain,Carry,Marc Cucurella Saseta,0,1,81.64148838377893,47.43390119015478,20.756933067305525,0.0
115ec8a0-8627-4a74-bf9a-10097bbdbece,England,Ball Receipt*,Marc Guehi,0,0,31.557469426743253,51.36533453021278,25.21382479633514,0.32457248091078655
1162888d-957f-4c0b-b280-1b801fc8dc8f,Spain,Pass,Daniel Carvajal Ramos,1,0,28.85464977530356,57.06511206698308,24.82663206611088,0.0
118d1e02-0cdd-4360-80c0-6cbd4c448eda,Spain,Ball Receipt*,Fabián Ruiz Peña,0,1,49.86537204987848,65.09818305244903,38.4390628080669,3.4430459461692338
11ad8aea-717d-4eea-ac78-cea34bffbeb0,Spain,Pressure,Lamine Yamal Nasraoui Ebana,1,0,51.02933073028697,47.24807800335462,21.613686224684663,0.0
11c05875-e801-412d-b586-1a1414c35c51,Spain,Ball Receipt*,Fabián Ruiz Peña,0,0,71.63361200810388,40.679892084958055,13.364021689034011,2.8149129368180756
11c7481c-4526-414f-93c1-d7435bc5bab8,England,Pass,Declan Rice,2,1,44.725087477403065,32.47301004095782,25.368930967649778,0.0
11ed4829-10c7-4ff2-9ee8-e6dacaf6ba5d,Spain,Ball Receipt*,Álvaro Borja Morata Martín,1,2,61.21008541719153,50.65324249886722,21.334250321414565,2.774694441313574
1202b4f3-7851-4cfd-b38c-4996d924de85,England,Goal Keeper,Jordan Pickford,0,1,4.553608420016182,9.951587794818932,13.759070040089064,0.0
12085f8f-6591-43b8-82be-d5306f852229,England,Carry,Jude Bellingham,2,1,29.730492469727867,38.03033472382754,28.450025315516598,0.0
1213e54f-03c5-49d5-aabd-318a854104d0,Spain,Pass,Marc Cucurella Saseta,3,0,73.18781650391595,57.88409451388564,19.666436707832283,0.0
12358eee-d925-4798-bbe1-605c151e1582,England,Ball Receipt*,Marc Guehi,0,0,24.328653515198468,55.86382200862953,41.23154131128289,2.8384747606413163
123fd71b-9dc4-44d2-b70a-93d3b0b77232,England,Ball Receipt*,Cole Palmer,0,0,28.344573806574477,39.4679979372414,3.248782674265861,2.291958840726526
1245be7d-1fe4-4c29-bbc6-118f6176d604,Spain,Ball Receipt*,Marc Cucurella Saseta,0,1,66.03806281272358,57.14574268266092,23.807490544426226,1.2540768258901542
124cdd37-9097-4868-9791-c7925176284c,Spain,Carry,Fabián Ruiz Peña,0,1,65.10495907505478,53.90274275007511,32.713740840304425,0.0
12589d1e-f83e-476d-bd2e-e78f30673033,England,Carry,Cole Palmer,2,1,76.6856594363102,50.506374790428545,20.560970597891686,0.0
126c9ffd-1b77-4164-93b2-f3abfcd8cf44,England,Ball Receipt*,Luke Shaw,0,1,28.9983213227617,58.40571485013636,39.43849796330428,2.582278417076143
127365c0-4b17-4abe-b282-7fecff4ad29e,Spain,Pass,Marc Cucurella Saseta,1,1,79.26546537884732,36.91869117148191,14.508253303518437,0.0
12bbd60d-841b-4951-a1ce-137e6fe60c54,England,Ball Receipt*,Phil Foden,2,1,31.29597702049108,37.79109928619536,27.555864979595995,0.9573624987712949
12ca88b4-f958-492e-903e-9594830ab3b4,Spain,Pressure,Aymeric Laporte,1,2,55.40060790166075,48.19910370501642,35.16160662196853,0.0
12d97331-2b13-4972-8571-440324793f80,Spain,Pass,Robin Aime Robert Le Normand,0,0,38.624501497975324,60.980477983423455,31.360429454032808,0.0
12ef7241-47ff-46c0-9db2-835a6ab2054b,Spain,Ball Receipt*,Aymeric Laporte,0,0,25.796449750214638,54.02975656162629,26.11817746963633,0.0
12fd28e4-7ce9-4939-9927-835fc7ad7e2b,England,Pass,Jude Bellingham,3,0,91.18183138349944,27.606658256015063,15.42007598594528,0.0
13778cd7-e2b0-498c-a222-627417f53a78,Spain,Carry,Daniel Carvajal Ramos,0,0,73.8748177492855,55.411677701670456,23.620483579906363,0.0
13d8d431-c7d5-4d81-aeb8-98a9d110d27b,Spain,Foul Won,Marc Cucurella Saseta,1,0,5.508649453506242,50.51621871634933,21.277361221550482,0.0
13ec1ded-08d3-4686-bcaa-3981088139b7,England,Carry,John Stones,0,1,63.77016716896901,57.710615043865495,26.080950052657077,0.0
13f95691-80cd-4018-a49c-6275e1810c45,England,Pass,Phil Foden,1,0,8.132156631253553,52.35761662316715,37.80366449436503,0.0
140810d7-c2f2-455d-8e56-06c051331cf7,England,Carry,Cole Palmer,1,0,42.13162941775081,37.18449208982854,30.34329213165193,0.0
140978ce-781a-4d6e-911b-c74ccf1873eb,England,Pressure,Jude Bellingham,3,1,88.04004757451224,13.672161231115737,11.605108021507919,0.0
142d6ea4-009a-4590-a6e8-01a562a901bd,England,Carry,Cole Palmer,0,1,69.71920890286403,57.72388909407282,30.51397611219156,0.0
14329682-f4a8-4456-b375-d58cbae57b42,Spain,Pass,Unai Simón Mendibil,1,2,11.63789744776599,59.67094249712907,45.745673474022574,0.0
144715fa-db3e-43a7-89b3-f298152e4f30,Spain,Pressure,Daniel Olmo Carvajal,0,2,39.59332249043496,47.55118576180307,31.10597330506491,0.0
1448956d-0c4b-4463-b1ac-e605fa954fb3,England,Ball Recovery,Jude Bellingham,0,0,59.66799378759309,30.086934319370577,24.020888688663156,0.0
147b4215-0be8-48a5-838b-28e0804d3f56,England,Pass,John Stones,1,0,9.511058618946631,33.70169009570543,37.08668658798356,0.0
147f7625-8280-4f63-a1c3-7970d596b644,England,Pass,Cole Palmer,1,1,68.94328963510715,41.770856493771625,25.36444359708276,0.0
14b833be-85cf-4d48-81b0-4d5a23fa3604,Spain,Pass,Nicholas Williams Arthuer,3,0,42.47039317168786,40.259535080169925,22.932620056256606,0.0
14d5199b-1113-4baf-a531-d447603e61ea,Spain,Ball Receipt*,Marc Cucurella Saseta,0,0,48.67388620104564,38.331918898695896,17.625849016537007,1.9298898124295785
150006ce-50ae-4ee5-90bf-339adf373a9a,England,Carry,Declan Rice,1,4,23.931947544038103,38.607799411711355,16.945827917212274,0.0
1519b321-44fb-4967-94c1-ce7fc0c05f71,Spain,Carry,Marc Cucurella Saseta,1,1,38.96245208211513,47.80322026873248,29.771604116009957,0.0
152820f0-6ca9-4df3-943b-a67d568ff472,England,Pass,Kobbie Mainoo,0,3,55.287414156174066,45.64338531064285,12.04039108818556,0.0
153413f3-7e2e-48c8-9e21-4538d3cde443,England,Pass,Luke Shaw,1,0,51.12195417705072,38.40419908569253,20.498135848801347,0.0
15396892-2fd3-47df-aa0f-1e47f46d79a8,Spain,Pass,Lamine Yamal Nasraoui Ebana,2,0,96.68839961573714,19.78039117196857,13.806852891760995,0.0
155ac150-f33f-4c67-9d6b-9868e0718a6d,Spain,Ball Receipt*,Martín Zubimendi Ibáñez,0,1,52.225023815420926,53.68181801146853,21.396946721138132,1.389017950597769
155e3316-1fe3-427b-b4f1-1be37eeb5d44,Spain,Carry,Nicholas Williams Arthuer,1,1,47.2777414948205,28.378183523012662,19.15447161127495,0.0
1589e8df-5d78-4908-b300-5911eca7eac1,England,Ball Receipt*,Kyle Walker,0,1,98.1703575655423,24.312754061522458,10.802560181959748,7.695962737158805
158f21fb-4b66-4c96-9078-52a095e83d70,England,Pressure,Jude Bellingham,2,0,14.6326940554679,23.117900999388723,22.30707279314923,0.0
15a12b11-00ad-4406-afc8-51eff72955f5,England,Ball Receipt*,Jude Bellingham,2,0,78.4905323171501,46.878471220059204,16.033307195707046,0.0
15c38d45-1401-4183-adca-8b4aa97802ce,Spain,Pass,Aymeric Laporte,0,0,47.02758569391797,61.67417968880106,27.675933210304862,0.0
15fbf346-91ac-4d38-a403-67624c272f98,Spain,Ball Receipt*,Daniel Olmo Carvajal,1,0,54.36187812025549,33.825444877172096,6.940895447538277,3.0829176850355604
1608f807-a897-4a0e-a20b-5d0cb029cb3e,Spain,Ball Receipt*,Daniel Olmo Carvajal,0,3,16.497613286922782,40.7935580350674,20.077754348288934,0.0
160b3db9-713e-44e4-ac92-470a7f852271,Spain,Pass,Nicholas Williams Arthuer,2,1,78.47022765241016,43.044457009156055,21.46702607128821,0.0
161c9438-1318-4073-b85f-84295320aea2,Spain,Pass,Aymeric Laporte,0,1,35.44464427793121,62.75505424951077,32.05237742132305,0.0
162156bd-f01b-4a6e-a5bf-153678de1509,Spain,Pass,Marc Cucurella Saseta,1,1,50.10469777617785,52.24656574220108,27.442517284546692,0.0
166eb4c8-d6f5-4c14-a8d6-c132cf2f19a4,Spain,Pass,Robin Aime Robert Le Normand,1,0,18.651147211207622,30.44693125728198,33.56261759953995,0.0
168c5ba0-188d-49e1-a35a-d6779ee1defb,Spain,Pass,Nicholas Williams Arthuer,0,0,38.727744216162414,46.16251975431074,27.285994272270752,0.0
168fe7ac-bde5-41b9-ad01-683ad57af8a0,England,Pass,Kyle Walker,1,0,6.216875423167972,43.26135791737343,28.350403385671235,0.0
16c2425e-7b3f-4e03-8348-03c8b7559d78,Spain,Ball Recovery,Fabián Ruiz Peña,3,3,16.913719989938674,11.488304082237315,6.663624474120018,0.0
16d21e41-1628-4d75-b8a9-e5b77c25bd0c,Spain,Carry,Robin Aime Robert Le Normand,0,0,31.34681715332485,61.334522022672,34.617880064820405,0.0
16def484-0b4a-495d-ba81-6ebe8db3deb2,Spain,Pass,Fabián Ruiz Peña,3,3,17.848543449621967,12.513876252289808,5.959190602523816,0.0
1702da89-4ad6-424c-a1db-40679a002cdc,Spain,Carry,Unai Simón Mendibil,0,1,44.803223107330915,33.18564802969515,30.656595086270652,0.0
1741d4b0-aeb6-4621-8e19-01083b9e9b6d,Spain,Carry,Fabián Ruiz Peña,0,0,40.09284649737235,58.69332564973294,35.146900477150645,0.0
1763e770-f7d0-4f67-8d11-ff672d1abb66,England,Duel,Jude Bellingham,2,0,65.07255431767173,30.543089029082235,25.461081987060197,0.0
179e99eb-3cae-4103-b382-443b6b86f542,England,Carry,Kobbie Mainoo,2,1,19.267445974258973,53.969404536944715,26.921273308685358,0.0
17e6494b-4b20-4894-a41e-7321a3e90ac8,Spain,Pass,Daniel Carvajal Ramos,1,0,42.68668460842783,55.630573390494746,42.79351980714407,0.0
17e92ebd-2e98-43a6-84e1-bd85417d370c,England,Pressure,Kobbie Mainoo,1,1,73.37916393951856,33.94094593666702,25.97959719493743,0.0
17f618ba-c79e-4b77-9819-18d201192341,Spain,Pass,Robin Aime Robert Le Normand,0,1,72.34033514436398,51.09847596911514,20.456692206521158,0.0
180432ce-b37b-43c8-afdb-960bd5d96ea3,England,Carry,Bukayo Saka,0,1,68.1704938510095,54.253659382704726,22.624304627727902,0.0
181bdf5e-e93d-4209-8105-cf4ab3fb05f4,Spain,Pass,Daniel Carvajal Ramos,0,1,62.44085357425731,40.16868009837158,22.16063653963141,0.0
187b5730-bd69-49c6-9a69-2559250eb339,Spain,Pass,Aymeric Laporte,0,1,63.2824551362674,57.6297599716371,26.74132345503949,0.0
18984804-bd75-474b-a5e8-6a69508f660a,Spain,Clearance,Marc Cucurella Saseta,1,1,17.4341985062193,33.10984140061306,21.668032724362437,0.0
18af27e1-f7ad-49f5-bb72-19aacd70b72a,England,Pass,Marc Guehi,0,1,28.77359696692175,31.947417679602438,22.11041124742278,0.0
18e6667e-fad1-4ff3-bdfb-768383dca33e,Spain,Pass,Daniel Olmo Carvajal,1,1,75.00603462211144,53.17253776900115,13.698440510064431,0.0
190dd425-d2f4-4dcb-a880-23f8ed245eb6,Spain,Ball Receipt*,Martín Zubimendi Ibáñez,0,2,49.92454068144205,60.86718840156029,28.961377439915893,2.47263439078781
192f27e6-7af3-4031-94b1-f931b09ac0fc,Spain,Ball Receipt*,Unai Simón Mendibil,0,1,20.390946942454086,66.59309167264226,29.585925343323314,0.0
193b0972-b9f3-4340-b141-ecd10739027b,Spain,Carry,Lamine Yamal Nasraoui Ebana,1,0,70.93169377379333,36.1181618585544,12.834874371969658,0.0
1955c4b8-f7a7-410a-9fc8-05c8060588af,Spain,Pass,Nicholas Williams Arthuer,0,0,68.11782363414952,55.89900183711566,21.695301335337696,0.0
19567550-f236-4554-bbf5-cb46369f0923,Spain,Ball Receipt*,Martín Zubimendi Ibáñez,1,2,48.98317826567359,36.53767561191094,30.18010524871353,0.0
19793b5c-86de-4d43-bc5d-2e06165d800d,Spain,Pass,Robin Aime Robert Le Normand,1,0,32.11942457839331,61.21903945361234,31.859069677591087,0.0
198437b1-404c-4e1e-ae7e-d2a71d020662,Spain,Pass,Daniel Carvajal Ramos,1,0,77.48819691244186,45.37626539427902,22.12580359547696,0.0
198605dc-d9c4-411b-bbe8-9fb8c9fce152,Spain,Carry,Álvaro Borja Morata Martín,2,0,70.22409160431476,42.19359483220567,13.187457651596855,0.0
19b04970-93d9-4e36-8efd-815923fe0664,Spain,Carry,Robin Aime Robert Le Normand,0,0,34.0273852894344,48.79332219462794,33.233439996654795,0.0
19d6f605-850b-4b19-b5f1-10bbfbcd6dd0,England,Ball Receipt*,Phil Foden,0,2,54.82385663632487,63.21990530621718,24.25963925699318,0.0
19d9755e-0756-4832-b0f4-8201ee344f1b,Spain,Pressure,Álvaro Borja Morata Martín,0,1,57.221528950006494,41.73202980971346,28.050307959659534,0.0
19db031e-dffe-47c2-8ecc-8d61987708cc,Spain,Carry,Lamine Yamal Nasraoui Ebana,0,0,57.40188707055076,61.245278624399,20.220357549018516,0.0
19ef575a-bacb-42b2-b260-d01a04c92954,England,Carry,Declan Rice,0,0,64.96301833521899,47.31875394402241,24.596029382802868,0.0
19f89ede-03aa-4b57-a493-01ed2168b3fe,Spain,Carry,Fabián Ruiz Peña,1,0,74.14658175923705,39.8429250197455,17.592331148269665,0.0
19fa6ec6-3c56-43c6-a689-0870d77d2a53,England,Carry,Luke Shaw,1,2,68.30514155668642,58.80998912690822,12.803561670482717,0.0
1a08f59d-0dae-4c1a-9c23-d596ad74512f,Spain,Pass,Fabián Ruiz Peña,2,0,79.07051066976287,53.80012266073023,17.02517585211483,0.0
1a120bd5-6198-4060-8754-7f3ca6e37412,Spain,Pass,Aymeric Laporte,0,2,41.81046258790499,53.97730241465097,31.856785142249027,0.0
1a3c3875-06c6-4772-b28e-1a217c1391a8,England,Pressure,Ollie Watkins,1,0,77.79730980264824,36.59265849334819,20.30790761200617,0.0
1a3d5f94-6a8b-4761-b7b8-f09f51c44414,Spain,Carry,Fabián Ruiz Peña,0,1,55.887248441195524,61.99500630819373,25.201638360394544,0.0
1a403f92-2ada-4ce7-9d1b-7437a48ab1f4,Spain,Pass,Nicholas Williams Arthuer,4,0,81.74177410662607,28.673750632704284,5.214089989720138,0.0
1a42acf5-40e6-4593-bc8c-88927cbdf830,Spain,Carry,Nicholas Williams Arthuer,1,0,60.80761323089101,50.4273357394096,21.95669022704093,0.0
1a44ddf1-957d-45d5-98a4-ed914116308c,England,Pressure,Phil Foden,1,1,6.54861875884155,25.768783382430062,12.206319527012552,0.0
1a668778-3913-4d4e-a00e-64ace15951db,England,Pass,Jude Bellingham,2,0,55.943261851277754,45.84567936367553,6.229220954707742,0.0
1a75fd1d-d109-42e4-b14c-d311b1936bf9,Spain,Ball Receipt*,Unai Simón Mendibil,0,0,13.250871124981302,49.81637604460951,37.332865348121324,8.849338231552087
1a7f25b2-4b69-41fe-9a89-88e1d0ff01e3,England,Pass,Kobbie Mainoo,2,0,16.45207701693409,32.24258609484402,32.82864254640755,0.0
1a833b76-78bd-4850-bcf9-03507f8b02ec,England,Carry,Jordan Pickford,0,1,31.64037954865137,65.08325467138548,41.86979942197128,0.0
1ab49d1b-7462-4658-93f6-c197b3d6022e,England,Duel,Jude Bellingham,1,2,24.50570175631391,21.57854521994384,17.85142202947216,0.0
1ad5969f-a844-425d-bd6a-d7407098c3cb,Spain,Ball Receipt*,Álvaro Borja Morata Martín,1,1,57.30385604064025,42.98583499275242,22.506465315846594,1.954355203892294
1ae0cc80-f9a4-43da-93f3-008144dd2819,Spain,Ball Receipt*,Nicholas Williams Arthuer,1,1,49.66789467213219,40.62934029732707,28.67234485499678,0.0
1afc72b1-080a-428c-b080-8a38d226eb45,Spain,Carry,Robin Aime Robert Le Normand,0,0,49.493315003213915,63.8587840083654,26.850244193418927,0.0
1b01a97f-8958-40ac-8b5b-36786a2a42eb,Spain,Pass,Nicholas Williams Arthuer,2,0,76.33564734746867,52.52069182592922,20.701717139023046,0.0
1b1ac6a0-5679-4a6f-9018-545dc9534150,England,Pressure,Jude Bellingham,1,1,6.958957263528445,19.244720484373925,13.232857309465322,0.0
1b5bc116-ddb9-4d0a-832c-b1cef08bdf71,Spain,Carry,Aymeric Laporte,0,1,47.626366602758736,62.645631429510956,30.59100470289757,0.0
1b9440db-9c27-4f8f-9eef-027af205807b,England,Pressure,Jude Bellingham,1,1,52.79762968893145,46.07669019411572,28.90990309075715,0.0
1bb982ce-c344-4726-8cdf-1fd2d18fcfa6,England,Duel,Bukayo Saka,1,0,27.326250082350303,21.542664188811507,15.443892709404805,0.0
1bc76964-e0ef-4278-97c5-67ae4c3b9bd8,Spain,Pass,Robin Aime Robert Le Normand,1,0,15.666197544626089,65.10070919452244,47.954762793140446,0.0
1bca6649-67c4-4354-9b7f-c60648937967,Spain,Pass,Robin Aime Robert Le Normand,1,0,67.67037457444523,54.308920846353686,20.303765926283983,0.0
1bd25bea-b87a-4ceb-92b0-004382c6600e,Spain,Carry,Nicholas Williams Arthuer,3,0,79.83895180344908,27.669540292274217,5.81165098438214,0.0
1bd84f97-6c92-4264-80c3-1f96445cd8f5,Spain,Ball Receipt*,Daniel Olmo Carvajal,0,2,50.50636556555728,61.22971267875144,26.83676409509559,2.0397121875469453
1be20c5f-5ba9-4306-898c-4d57738d57fa,Spain,Pass,Aymeric Laporte,0,0,27.870400265477667,58.10002334130437,22.434003697434658,0.0
1c040c58-d6ed-49b1-97e5-0fbd15c7af5f,England,Carry,Jude Bellingham,0,2,15.075706251987626,37.02236886585934,23.879737104758483,0.0
1c0d3f55-1d1d-47a0-a9d0-cf5e20a38e38,England,Pressure,Kobbie Mainoo,1,0,28.150674896657975,36.815248588120006,21.32573508443039,0.0
1c130662-b3de-4ba7-902f-f328db9083f1,Spain,Carry,Daniel Olmo Carvajal,2,0,80.87406100721859,27.38502845016625,15.579300070012629,0.0
1c340a3d-54e2-487c-8508-50e364753061,Spain,Pressure,Álvaro Borja Morata Martín,2,0,51.92569872457094,57.39300249541431,29.71536752999311,0.0
1c44701f-2b15-464c-960f-313ede65d9a1,England,Duel,Luke Shaw,1,0,18.923716929234843,40.72328800772996,22.51188646167251,0.0
1c4b178f-afb4-4f42-adb0-9d7b752bab77,England,Carry,Luke Shaw,0,0,21.692500791144727,56.677484912887174,29.87959719994669,0.0
1c847728-6bb7-4dbb-a4b0-bcc5d9fbee79,Spain,Ball Receipt*,Martín Zubimendi Ibáñez,1,0,36.203315842658796,63.80037646100655,31.43692184442975,1.8682762379519762
1c9cf607-e53b-4cac-9d34-fb189a4268ad,Spain,Clearance,Rodrigo Hernández Cascante,2,3,18.868940152596853,14.811390434276484,10.468389002644692,0.0
1ca90b9c-52fb-419b-9c14-a9c04efc1b2d,Spain,Ball Receipt*,Mikel Oyarzabal Ugarte,1,0,1.9330806809000622,25.276759306098615,13.027954758249415,0.0
1cafe9e8-a453-4e68-a7ca-9a47b2302300,England,Carry,Declan Rice,0,0,84.68054432953413,35.6100422345126,15.328629061037603,0.0
1cb0836c-6bf4-4a69-b847-23da4ced817b,Spain,Pass,Daniel Carvajal Ramos,1,0,58.46441466520124,51.64832317989803,28.718599916222903,0.0
1cc93054-5578-432b-a351-11f68b175e65,England,Carry,Kobbie Mainoo,1,0,64.66749831699995,60.1654573800504,21.784682650974737,0.0
1cde3721-ab83-4920-91ca-c738d8b07cf6,Spain,Ball Receipt*,Nicholas Williams Arthuer,0,1,25.91741606693185,47.51537607336491,31.232059541744594,0.0
1ce0ce74-6d55-482e-8c96-afdaf82ed4bd,Spain,Pass,Nicholas Williams Arthuer,1,0,91.89430583509956,29.925608011146167,18.80849524205833,0.0
1d169030-7b0c-4bf5-a36f-18c2feefd537,England,Pass,Jordan Pickford,1,1,20.61867648176625,66.43275494273384,36.24290738420365,0.0
1d1ab03e-389e-4851-b074-1e22357ec4d7,Spain,Pass,Daniel Carvajal Ramos,0,0,50.993321982799635,59.85928861507122,32.751912134194704,0.0
1d5e7568-5fa8-41ff-b284-6ff1fead4ac2,Spain,Pass,Fabián Ruiz Peña,1,0,24.482046549721705,55.96190121303055,39.60069235877765,0.0
1d6f0c79-f6de-458b-9169-1271da0835a5,Spain,Carry,Martín Zubimendi Ibáñez,0,1,40.039599442211234,62.10104627894957,24.086514245655366,0.0
1d792dfb-77c6-4e1a-b2ae-ee928f5366bd,Spain,Ball Receipt*,Nicholas Williams Arthuer,0,0,15.262345186855693,33.09122795325236,28.469478193899793,2.2027897921064983
1d90eeb0-ae08-4f22-8fe3-2976dfea98fb,England,Interception,Jude Bellingham,2,1,26.43547029067408,36.70075258663472,27.287521521116734,0.0
1d98dd50-21e5-43bd-a795-978fbc16a015,England,Interception,Kyle Walker,1,0,9.78199159777274,33.27330943954623,26.482005516852663,0.0
1db99880-709c-453a-8eaa-f97a4f27e6e5,England,Pass,John Stones,1,1,49.66789467213219,40.62934029732707,28.67234485499678,0.0
1dbd8335-4a83-4e7b-b941-fffb4248a33e,England,Carry,Bukayo Saka,0,0,63.207255330688156,34.72322218680834,15.930126016089691,0.0
1de2b641-0194-422c-96ce-5eccb58160ff,England,Ball Receipt*,Kobbie Mainoo,1,2,77.22722274682577,45.30659617021311,31.663971847080987,2.046139782188888
1e1d7703-5df2-4757-9341-09c7391a774a,Spain,Pressure,Fabián Ruiz Peña,0,0,91.63112335568803,24.80309759084454,15.127646253004311,0.0
1e376dd0-2590-4b85-bf2f-0e81dd5c1e93,Spain,Ball Receipt*,Unai Simón Mendibil,0,0,38.06192209979429,38.98944875845531,38.632545728649866,0.0
1e3831c9-5bd3-498f-9627-b3c402535762,England,Pressure,Phil Foden,1,0,12.589471496743975,23.463540359059493,28.360427271216015,0.0
1e5f5bf9-fb08-4055-af99-f3590b8b10d5,Spain,Ball Receipt*,Nicholas Williams Arthuer,1,0,9.431376016831486,12.880438829128865,18.56458758232861,0.0
1e6a522d-085a-4d37-aaa4-f61e000302da,Spain,Pass,Daniel Carvajal Ramos,0,1,48.39556415446715,46.95384296708998,21.12017812446184,0.0
1e7358ca-31fa-4c37-9dfc-8f2253418e95,Spain,Carry,Daniel Carvajal Ramos,0,0,70.0981731461624,50.745604972338,29.56635247010769,0.0
1ede1240-1696-4192-827e-89fd4fa9039d,England,Pressure,Phil Foden,1,3,49.7824638828335,43.16282890124375,24.51429938149743,0.0
1f04197c-9179-4bbc-9fc1-7bbb3c650688,Spain,Ball Recovery,Unai Simón Mendibil,0,1,18.83769825983737,34.05987072850024,31.689189781946855,0.0
1f05e45c-abe1-4f04-a9b1-cf298f799b0b,Spain,Block,Nicholas Williams Arthuer,1,4,23.975182453549507,32.99573342881045,21.818479150096532,0.0
1f0a5f27-3f06-47b9-94b9-079d40a52ed7,Spain,Pass,Robin Aime Robert Le Normand,0,1,46.610062959618205,56.96783475603787,29.452977691875642,0.0
1f351e1f-1a8e-4dbf-b761-64e42cd004f3,England,Pass,Jordan Pickford,0,1,19.122578837624296,62.40823528004414,66.20316135950559,0.0
1f362cd3-8781-44c6-86ec-efd879353b13,Spain,Carry,Daniel Olmo Carvajal,3,1,86.05880443624996,33.63176052031013,10.631639711687578,0.0
1f3b4a13-7e8a-4238-9e21-00930859a570,Spain,Ball Receipt*,Rodrigo Hernández Cascante,1,0,62.85743872264815,47.130670368343424,31.884450979052176,2.154533255698505
1f626d46-6244-40d7-9a83-0a9593380283,Spain,Ball Receipt*,Daniel Olmo Carvajal,0,0,33.82266302113051,54.21567138671858,37.01617648421272,0.0
1f900d7c-eb9a-4130-8368-7ec4c4fd98aa,Spain,Pass,Daniel Olmo Carvajal,1,1,70.23398375816812,51.146769728650696,20.2714611229515,0.0
1f940c42-9a9e-45f3-b55b-e272ea442e0a,England,Ball Receipt*,Bukayo Saka,1,0,27.326250082350303,21.542664188811507,15.443892709404805,0.0
1f985af1-2740-47c2-8242-3ea0e46edfc2,Spain,Ball Receipt*,Unai Simón Mendibil,0,0,23.2405486359979,66.10974944959518,40.01361674786287,6.487909308889957
1face01d-6454-47e6-b490-d325933bf28a,England,Pass,Declan Rice,1,2,57.45100500836152,52.73820516290512,27.398892454820217,0.0
1fb2a4e8-2e3b-4ef3-bd9e-884c20943a5a,England,Pressure,Jude Bellingham,2,1,40.979014578479905,46.58222872031508,26.78038748528474,0.0
1fb9a4ed-0ce0-4e39-83c3-0e21ada4b246,Spain,Block,Fabián Ruiz Peña,2,1,59.46035901375884,59.54731028473389,19.53187751129117,0.0
1fc6ad05-895d-4a3b-ae7d-e6549d4e76e6,Spain,Ball Receipt*,Aymeric Laporte,0,0,43.28667596245616,64.0109977991723,30.185578782909555,1.766757223949058
1fcdec9e-7927-460d-b668-8452c424fb6b,England,Pressure,Declan Rice,2,2,41.440433678173974,37.68147069646555,30.913569441194316,0.0
1fe47615-62fa-492c-88da-bf4fc11c5c11,Spain,Pass,Aymeric Laporte,1,0,49.95305573890408,61.70794547597584,26.53332725694355,0.0
1fe6da96-f511-4983-9523-25ba71cb04e8,Spain,Pass,Daniel Olmo Carvajal,3,3,21.860327675190582,48.40096119225355,40.98866481388397,0.0
2033ddf5-c124-48a2-b707-1f67c7aff4ff,England,Pressure,Kyle Walker,1,1,46.44674146336449,34.23917560800733,10.332279057450982,0.0
2042927e-8633-4c53-b7bf-8795ae926757,England,Pass,Marc Guehi,1,3,44.17211586547614,28.103448585791433,24.367603191732627,0.0
20854765-9d22-4d02-9f08-3027ff3e509a,England,Ball Receipt*,Luke Shaw,1,0,87.33361359006786,41.58377151329629,9.629959244852579,3.030864684178364
209991a5-81f6-4f61-8159-35ab470527dc,Spain,Carry,Daniel Carvajal Ramos,2,1,66.16644661313524,52.0910762166006,18.469645767850338,0.0
209c5c74-020b-454b-8e15-ca5cf7fe8e9f,Spain,Pass,Daniel Carvajal Ramos,0,2,42.42732023456265,58.4328623522515,36.93997774051032,0.0
20ad04dc-95aa-4976-9fdb-977883cb0fc2,Spain,Ball Receipt*,Unai Simón Mendibil,0,0,20.19891933220777,45.11148929844005,39.93237383654973,0.0
20b6967b-d5d4-4ade-a571-ef631f0fe2a6,England,Pressure,Ollie Watkins,0,1,73.5950496345002,46.60567060501667,31.765090598338134,0.0
20c4c298-7448-4c20-bd8c-5f2e55b45486,England,Ball Receipt*,Cole Palmer,0,0,75.75746307128301,49.982558027914976,32.00952644606698,0.5618505187742012
20f562a0-7f7c-4ad1-92d9-9ff0f26e6ada,Spain,Pressure,Fabián Ruiz Peña,2,2,85.42917901547558,47.06856493935004,18.7341164010199,0.0
21090cf9-1242-4273-b9c8-c074c12867df,England,Ball Receipt*,Jordan Pickford,0,0,32.11796692579277,52.88177716034123,40.697873313489055,5.544245838906076
2110835a-8417-4971-9094-059c22d439a4,Spain,Pass,Fabián Ruiz Peña,0,2,60.1769498861932,47.77067965275531,27.40378071425131,0.0
211e52ca-3fc9-4034-9558-d99da498d6e6,England,Pressure,Kobbie Mainoo,1,1,8.853791255164493,35.5096542816335,28.94583938253699,0.0
2129dbc2-4553-4f53-b75c-146b74ceed86,England,Carry,Bukayo Saka,0,0,55.99729570567742,59.09504796617933,21.65727478953648,0.0
2130731a-80ef-4c87-8aeb-7fd17655b36b,Spain,Ball Receipt*,Lamine Yamal Nasraoui Ebana,0,0,62.032200783376474,58.57327292592295,22.579396629868977,1.6269464015756068
2146d4b8-85d3-4b0e-aa2c-347af12ce4b8,England,Carry,Jordan Pickford,0,2,30.0030246944274,63.82706928685353,46.91484941782028,0.0
2165b22f-cbac-41bd-aa51-31d805516c5d,England,Pass,Jude Bellingham,1,0,22.001905571940565,51.542693677653375,32.752831516384575,0.0
217843dc-4c34-4821-b48f-5501e3995e39,England,Miscontrol,Ollie Watkins,2,1,81.10001512781696,46.16458684990394,15.409242063572227,0.0
217a77cf-b9d2-4bdd-b69b-84d67803d891,Spain,Pass,Fabián Ruiz Peña,1,0,67.68531703403109,62.84082831428374,21.48429719726021,0.0
218806e6-5517-4a54-8df9-4e36de800934,Spain,Duel,Álvaro Borja Morata Martín,2,0,58.72317090246157,19.705779662259893,17.87210967395745,0.0
2189c475-5212-46c6-b4b7-fdc30cb3b227,England,Pass,Cole Palmer,1,0,71.8203173917001,40.65120822557923,16.73790385327335,0.0
21a223ce-c337-41b0-b60b-286661ba82a8,Spain,Pass,Unai Simón Mendibil,0,2,41.827274129220285,44.608258646301515,39.407205554437695,0.0
21a51999-1394-42a6-b465-1edf28a31171,Spain,Ball Receipt*,Lamine Yamal Nasraoui Ebana,1,1,53.99131387401885,54.28596779284813,26.40153713879611,8.103799551670429
21aedc6e-84b4-40b1-b283-03f4235a8add,England,Pressure,Jude Bellingham,2,1,30.560768884212905,35.69369129744613,29.106216352392202,0.0
2212f35c-a26b-409c-b4bf-abd5089e2b11,England,Pass,Marc Guehi,1,0,29.707386936554173,23.25828092060391,27.05263876062902,0.0
22162213-633f-4d23-b52b-d38014a88573,Spain,Ball Receipt*,Aymeric Laporte,0,1,67.2006025623126,60.86729627363854,31.52949686502216,1.718018058558142
2227d5b8-65c2-4295-9eae-c9f88593f81d,Spain,Ball Receipt*,Marc Cucurella Saseta,0,1,52.84760081872933,58.74167337874527,30.090915382898874,5.516396708616298
2228489b-41e4-4461-b3e8-824db8731553,Spain,Foul Committed,Mikel Merino Zazón,1,1,36.184531887063976,27.145263164833498,35.57699018929487,0.0
223e06d8-9001-49ed-a17f-29db799b0ce8,Spain,Ball Receipt*,Robin Aime Robert Le Normand,0,1,67.02942691348119,47.30814258694869,25.45987094189426,1.1144117278987522
2245a879-a86f-409e-93a4-62b716c09bd6,England,Ball Receipt*,Luke Shaw,0,0,71.09037788496707,44.11554113865716,19.487587616174537,0.9371406583995711
227bb362-03f9-4687-a980-b91b340586b7,Spain,Pass,Robin Aime Robert Le Normand,0,0,62.947876718706986,45.26743182518272,32.054205436456584,0.0
22856d59-4ef2-4c62-9f55-894a083023e5,Spain,Pass,Aymeric Laporte,1,2,45.39311896494909,64.79651312903003,26.897926538334993,0.0
2299db2b-8509-4b79-a611-5550da950a8b,Spain,Ball Receipt*,Aymeric Laporte,0,1,32.62406978177061,66.18679073774597,34.21936201224414,0.0
22ac6dd1-f01d-464a-8223-435ae711fb16,England,Ball Receipt*,Marc Guehi,0,1,16.925558198717265,62.608654705329236,43.87225881574294,3.870786822498365
22e60084-2279-4a2e-909a-ae6d1e9ad612,Spain,Pass,Daniel Olmo Carvajal,1,3,81.93595689752858,38.06718761986659,29.11795236416804,0.0
230216ff-f89a-4e8d-b868-3c58e5406076,England,Pass,Kobbie Mainoo,2,0,7.175645888300864,29.504718217438562,18.253099951973244,0.0
231ae08f-3903-4175-87b6-15458f1b18b5,Spain,Carry,Daniel Carvajal Ramos,0,0,42.468943875984195,70.22634829382757,31.698915514339298,0.0
2325945f-a054-48cc-bfd6-82ed11b7970e,England,Block,Jude Bellingham,0,3,16.497613286922782,40.7935580350674,20.077754348288934,0.0
232f5f38-b0da-4a5b-9821-90af1581b6bb,England,Ball Receipt*,Jordan Pickford,0,1,34.860729672797,47.33597070885888,41.79782040729283,6.8326982049509475
23695703-41d8-44b0-8a20-0b819d74a04c,Spain,Ball Receipt*,Lamine Yamal Nasraoui Ebana,0,0,77.24797615051423,36.60182975733239,13.959104560013959,0.0
237201b8-aef8-4823-b282-e82875795c07,England,Pass,Jordan Pickford,0,2,44.4932488165843,29.172188288681095,40.2882273090501,0.0
237b04b8-4054-4f96-9e38-55e2bba0743e,Spain,Carry,Robin Aime Robert Le Normand,0,1,55.97817740143975,61.998246036476,25.75041389460482,0.0
238f44cb-0f18-4217-85b5-8cc6345278fe,Spain,Pass,Unai Simón Mendibil,0,0,19.984480722162395,63.48718838971774,59.15156111883682,0.0
23b3606a-a550-4027-b3da-892db29e4d75,England,Carry,Jude Bellingham,0,1,57.23765363668653,64.74961081946356,20.940516573204505,0.0
23ceccc0-32be-4a73-969f-c0fad3202cc6,England,Carry,Kyle Walker,0,0,8.635045039469844,52.86173088894846,22.67592527713941,0.0
23d149df-f4d7-4724-aa81-55e7927c8dd5,Spain,Ball Receipt*,Rodrigo Hernández Cascante,0,1,67.20615425356954,48.86177767684013,25.096065796844336,1.5831939527573817
23d18e6a-da4d-4b87-a024-ff855d45aab7,England,Pass,Declan Rice,1,1,7.34916694007907,40.889906977016295,24.39177900138397,0.0
23e623f3-326e-4a97-87e6-84df18fcdfb6,England,Dispossessed,Kobbie Mainoo,5,0,20.17683205892393,50.67345889810353,18.727925012872586,0.0
243cca9a-c2ca-47aa-9328-66569b02175b,England,Pass,Bukayo Saka,2,1,89.54808388081848,28.501002230016923,16.211475653990977,0.0
2491642d-15c2-4c0d-9661-17d0d5394239,Spain,Pass,Daniel Olmo Carvajal,3,1,49.60711876105778,43.55830515323309,27.520605610456826,0.0
24b56be9-113d-4bd7-8f8d-5b486f64dc05,Spain,Dribble,Fabián Ruiz Peña,1,2,14.323877854663559,32.95503856895494,27.618174955071314,0.0
24bd6c69-be52-4039-919d-f94faec93853,England,Ball Recovery,Cole Palmer,1,1,41.17217964358523,33.44571232183063,25.280834977931484,0.0
24d82613-1a9b-4646-8b7a-0079467b8d69,England,Clearance,Marc Guehi,1,3,2.4491022816914803,37.2217922398986,18.413943993789367,0.0
24db4417-89ad-406f-b727-1b9d64f298a2,England,Carry,Marc Guehi,0,0,47.903807822154874,40.946282038443165,28.917651636794,0.0
250eaeaf-a0e3-4fd8-a240-3002837b7b1f,England,Ball Receipt*,Kyle Walker,0,1,65.0191418555264,49.02839195695024,24.620623577979945,1.6129697928415885
252702d1-92e5-43dd-ba60-1405c32c9d51,England,Pass,Bukayo Saka,0,2,80.79020985365017,49.923828702527416,21.64878734747431,0.0
2551a0a2-b195-4435-a43b-4434cf5682c2,Spain,Pass,Fabián Ruiz Peña,1,0,50.55592086871322,44.69084264823068,24.38754239088476,0.0
25606e94-5d6d-4f07-b2a5-a95d1542034e,Spain,Pass,Nicholas Williams Arthuer,0,1,95.66976909998463,44.90969521246445,16.854443228904977,0.0
25749068-3096-4ab6-a045-6d483032c52b,England,Pass,Luke Shaw,1,0,21.063595343078443,61.71734291588446,33.887349772976116,0.0
258c8db8-2e61-4dd6-af74-9c0ff85bd44c,Spain,Miscontrol,Daniel Olmo Carvajal,0,3,37.854470969529324,62.09994563560581,33.78412526073576,0.0
2590cf04-e70f-4e81-9446-7229fc26775c,Spain,Pressure,Álvaro Borja Morata Martín,2,0,39.49106201544884,40.706831354321835,20.653621332329074,0.0
25e046f8-7091-4042-8406-2f7099ade1e4,Spain,Carry,Daniel Carvajal Ramos,0,0,32.530999113218876,56.43513498472591,34.0640677385458,0.0
25fe3280-e801-44e1-9999-7e8e5ff674a6,Spain,Carry,Rodrigo Hernández Cascante,0,3,26.159465342661942,31.207517140152127,22.28223031922581,0.0
2619bf6a-e71a-4bf3-8702-fa4080dac20a,Spain,Dribbled Past,Fabián Ruiz Peña,1,0,2.3521789516293476,24.588335758949672,13.751449768694426,0.0
26300399-6b28-4c70-89b1-6d8c6bf3686a,Spain,Pressure,Fabián Ruiz Peña,1,0,61.320413115940084,30.009293666849526,32.76668946147701,0.0
264a2273-b839-49ff-9adb-17be710cdbf0,Spain,Pass,Fabián Ruiz Peña,0,0,81.75829680948482,29.238448654820896,8.571010926204996,0.0
264bfc53-81bc-4f0d-bb60-ba153a2851e4,Spain,Pass,Aymeric Laporte,0,1,43.38781967298665,61.966922665595,30.58062103454734,0.0
265571a3-06bb-47da-a651-20aa5b76e787,England,Ball Receipt*,Harry Kane,3,0,7.718133351667325,22.122301167313886,20.734305834618183,0.0
26d9d3f0-0dac-4b56-afcc-da32f235b14c,Spain,Block,Daniel Olmo Carvajal,2,3,52.4248622201461,47.84846283428733,26.44393598433347,0.0
26f82616-8523-4c71-8632-3f4debd0c0e1,England,Ball Receipt*,Cole Palmer,1,0,42.13162941775081,37.18449208982854,30.34329213165193,1.7812687727913352
271c40a5-a81b-406e-ac20-a2c7e5a8cf79,England,Pressure,Harry Kane,0,0,66.56187559175171,24.39685546219211,33.14006933024524,0.0
273de22f-8565-44d9-b370-17bd4a7b6ab2,England,Carry,Declan Rice,0,0,47.39412894282315,59.81004473825393,29.274317760888138,0.0
27487ddd-ee4a-4aff-a760-120e1c41380e,England,Pass,Harry Kane,2,1,66.50741723429717,58.089546028731455,21.20880425784894,0.0
2766b122-513d-4537-92aa-4a415bdfbc23,England,Pass,Declan Rice,1,1,56.192819820852336,29.09655538219402,26.165529770817294,0.0
2768720f-c3a0-4ed7-866b-cb9d9a33a333,Spain,Carry,Álvaro Borja Morata Martín,2,0,48.036441006679766,62.52921362050844,27.162778372694962,0.0
276f2f5f-c605-4f6b-8e84-56953c0f0dfd,Spain,Pass,Martín Zubimendi Ibáñez,1,3,23.420112262009805,41.34852754103364,22.931526653447794,0.0
2779884e-cde2-4434-95da-a95e422e1f00,Spain,Pass,Robin Aime Robert Le Normand,0,1,60.33374839319182,64.98390559322645,28.151843406921067,0.0
27e44474-b02f-46a9-af59-a749104be57f,Spain,Carry,Rodrigo Hernández Cascante,0,2,51.0087498771195,47.778780390092194,20.597349598806975,0.0
27ee25f1-c65b-4dd2-b16f-32354f2300d6,England,Ball Receipt*,Jude Bellingham,2,1,66.16644661313524,52.0910762166006,18.469645767850338,0.0
27f0335e-b1ed-409b-b4f0-75e4f1df6d44,England,Ball Receipt*,Kyle Walker,0,0,57.007502170036446,44.917244387234426,22.962854815455024,0.0
282187fa-c13a-41c1-b186-ce105019deb2,England,Pass,Kobbie Mainoo,0,2,55.99733011986096,51.73947211012198,17.932551956386064,0.0
284295cd-7461-4b60-92ce-d2134915281b,England,Pass,Marc Guehi,0,0,38.0257769622451,64.54881897867062,39.5999751931533,0.0
2856aa4f-a825-482e-9d2a-fbe7c4e43c39,Spain,Ball Receipt*,Daniel Carvajal Ramos,1,1,43.106335004204745,38.19003413478518,31.476280140297998,0.0
2869c4e7-85d0-4cfa-83bf-9b3aef5c101f,Spain,Carry,Martín Zubimendi Ibáñez,0,2,26.78070743414157,42.654475070436746,23.804627020635287,0.0
286a3e89-a20a-46ff-b5a5-c2dc013857aa,England,Ball Receipt*,John Stones,0,0,33.803063034560886,44.02108362432468,36.17149788840703,3.328263555064418
288b7ce2-7f15-4f02-989a-79185c171a56,England,Carry,Marc Guehi,1,0,55.261204571379665,44.170179647731146,25.958198437932268,0.0
2893ec18-89ab-48fe-86d1-15df416700e0,Spain,Carry,Robin Aime Robert Le Normand,0,0,54.161921696947296,40.660569502795404,26.391507987934343,0.0
28b7c7bc-a7e0-45e2-aa9e-29bf8c404558,Spain,Pass,Unai Simón Mendibil,0,0,32.9906480635528,46.60868258839348,38.97262626884681,0.0
28d1d1b6-1bea-4c43-aa0a-71ac15b4b676,England,Pass,Marc Guehi,1,0,50.13203874674753,42.42389315933826,36.26865357468247,0.0
28d1d627-eba1-402f-9b32-3c28a807882a,Spain,Pass,Robin Aime Robert Le Normand,0,1,53.501912872516,59.33444492137501,27.031281570506238,0.0
2917a35e-2b6a-4056-bc07-17fe6ae0fd1a,England,Ball Receipt*,Phil Foden,1,0,86.54244029146187,43.29876762231266,10.708684809877877,6.271367410185933
2927d5ca-c7c1-4296-81a6-41e7f28cbfbd,Spain,Shot,Álvaro Borja Morata Martín,3,0,90.04540663641193,12.249677755010513,17.566045975237774,0.0
293b717c-2465-4ff7-9e57-13983df6335d,Spain,Pressure,Mikel Oyarzabal Ugarte,0,0,54.7988503408275,37.886129295039105,34.97544508089019,0.0
29402876-b06f-4c8c-9b19-61cfbe49007d,Spain,Carry,Lamine Yamal Nasraoui Ebana,0,1,71.23621659200788,51.26832446048442,24.07056629820899,0.0
2941e61d-e125-4f00-8a96-f46cd720ee0e,Spain,Duel,Daniel Carvajal Ramos,3,0,87.47685134392378,14.838001236031914,13.375452597083294,0.0
294368a6-322c-4460-983b-7ded7aff862d,England,Pass,Harry Kane,2,2,10.783333203717381,23.04532121798904,25.578077231831447,0.0
2961528c-3bf9-439e-87db-8c9c58e1efb6,Spain,Carry,Unai Simón Mendibil,0,0,23.2405486359979,66.10974944959518,40.01361674786287,0.0
29978780-26b2-439e-9ba7-742276fc8d01,Spain,Foul Won,Martín Zubimendi Ibáñez,1,0,37.02923700830922,48.19726787426901,17.51888430267327,0.0
2998ab1b-f07e-4789-a7ba-c4b36128c9cc,Spain,Ball Receipt*,Robin Aime Robert Le Normand,0,0,15.436138346660305,58.80154796238282,38.203965689090744,1.1560437035923112
299e8807-5937-47c7-8b84-5f94492b76e9,Spain,Carry,Daniel Carvajal Ramos,0,1,94.5136099463182,37.094662414118176,13.180402214278326,0.0
29a5239e-5142-4cbc-9189-9f1e760365ca,Spain,Pass,Robin Aime Robert Le Normand,1,1,26.522701074189523,44.670862049750205,30.787432251505926,0.0
29bb488c-324d-4b9d-aef3-1344ea880545,England,Carry,Marc Guehi,0,2,79.83460573640039,37.335055053069084,21.276756306868293,0.0
29cfd49e-0efa-4bf1-858f-d7d05a555507,England,Pressure,John Stones,1,2,7.1485206802598205,22.284775103482833,24.750675625866624,0.0
2a16d2f6-9f13-43ea-a051-aaafec2a977c,England,Ball Recovery,Bukayo Saka,2,0,64.01319994846455,34.120031066058615,21.98051671776093,0.0
2a48af4b-f449-4e6d-a607-4dcf80268452,Spain,Ball Receipt*,Daniel Carvajal Ramos,0,0,14.461343715536888,62.80346551210947,43.38173761615423,3.491170762846105
2a604bf4-80c3-49c0-a09f-1e94cb4a6873,Spain,Ball Receipt*,Unai Simón Mendibil,0,1,27.886200620565976,63.03674112925834,46.186733415631906,10.241543118687076
2a88c432-36e1-47c9-9c82-caceee1d6738,Spain,Pass,Aymeric Laporte,0,3,65.66513942802824,58.051194758211466,21.364497488632225,0.0
2aa29732-14d6-4fc0-af86-76f5224b97a9,Spain,Ball Receipt*,Fabián Ruiz Peña,0,1,70.72315540892862,56.215529964884006,27.722541110794456,7.389388590271585
2aa7899b-9860-4788-8b60-415a5860d3c3,Spain,Ball Receipt*,Lamine Yamal Nasraoui Ebana,0,0,57.96150822149916,48.963630439082074,28.952409132444426,3.6665378450335946
2adeca3b-5b51-48e1-89d5-15908afbefa3,England,Carry,Jude Bellingham,2,0,20.2304888363323,63.17921930226792,33.69788346534935,0.0
2ae3a4fb-d699-4cf3-a00a-1d1e09b41baa,Spain,Ball Receipt*,Fabián Ruiz Peña,0,0,36.335469397816496,64.35489390773895,31.208474022978532,1.821929390415347
2b130ad3-98f6-442a-b7d7-6d9095035785,Spain,Carry,Nicholas Williams Arthuer,0,0,66.26310001544043,60.43127215193813,19.13076000726828,0.0
2b37a07b-39f8-4c0a-a0a5-d79bb7a23d8d,Spain,Duel,Mikel Oyarzabal Ugarte,1,0,58.99209735728471,37.30446927396762,19.610690197386216,0.0
2b4b2e7e-229a-41b6-91cc-c4e3de546443,Spain,Miscontrol,Daniel Olmo Carvajal,1,0,25.615664276930183,49.68026064149534,29.51022464450771,0.0
2b56f4f6-ba40-43c1-b08b-729e47adc9da,Spain,Pass,Daniel Carvajal Ramos,1,1,32.897318558262945,23.149181273249173,23.95516276246389,0.0
2b5e7982-cff5-4b0f-97a0-99f1b7054c85,Spain,Ball Receipt*,Nicholas Williams Arthuer,1,1,82.46710619286057,32.20285790716506,17.534465229881583,3.6707410160376392
2b632a5b-dfb6-43c7-b125-8a6853513b92,Spain,Carry,Rodrigo Hernández Cascante,0,0,61.27861847038085,44.814336599531735,30.09499171420386,0.0
2b71799b-3002-434f-a8fd-76889ddeb51c,Spain,Pressure,Marc Cucurella Saseta,1,0,73.02324509972755,37.61425369134176,22.388334683530147,0.0
2b7bd07e-7f38-43c3-843f-4e44cd7003e6,Spain,Miscontrol,Mikel Oyarzabal Ugarte,1,0,92.93646457775462,24.544163008999977,19.55420489427186,0.0
2b882216-6ae1-43a9-aaee-505902940878,England,Ball Receipt*,Jude Bellingham,1,0,61.1861534812222,39.20584662405236,10.283668706382663,8.482899849950279
2b998f2b-0f7d-47b9-bfd7-0ec8c5fa68af,Spain,Carry,Daniel Carvajal Ramos,0,0,71.0136523685595,43.47801210352668,34.37931731561443,0.0
2b9b73c4-9a60-4f12-8b16-e3f9e894f190,England,Duel,Cole Palmer,1,0,63.01163941232035,37.637050861380615,23.53484002698321,0.0
2baa2447-17e4-42c5-b9bc-7165a9e70a53,England,Ball Receipt*,Kyle Walker,0,2,72.7581756527751,48.38983282987587,27.55478982609301,0.0
2bbd3dda-6813-4818-a6f6-1af27290597a,England,Pass,Jude Bellingham,3,0,81.1421576654301,49.300111305747194,16.627557396824628,0.0
2bc1aeb2-7935-4c3e-b48f-08230561d6fe,Spain,Ball Receipt*,Fabián Ruiz Peña,2,1,48.129583758903856,53.58929090768491,24.867708766867807,0.0
2bd4e130-518b-4abd-b31f-9555e2f50e32,England,Pass,Bukayo Saka,2,0,87.13522360708687,28.921518007683154,18.334567422253897,0.0
2bdd379c-724c-46c7-980f-32b967b99acf,England,Pass,Declan Rice,1,0,54.4992299092571,55.56830051153346,22.052191055431905,0.0
2be59f95-6739-446c-b74a-545341b44203,England,Carry,Declan Rice,1,0,67.62879030201604,25.342619223176335,24.810013412614225,0.0
2c53ff54-d70e-4497-8df2-2e0f765e0eff,England,Block,Declan Rice,3,1,2.893415861146287,28.150462507060556,14.609122425846747,0.0
2c5e5627-6f7d-48de-853d-34f727121cb5,Spain,Pass,Rodrigo Hernández Cascante,1,1,78.264038878899,50.667211899303275,19.827496014569128,0.0
2c690c2a-c0da-4924-930e-fe8e0920690c,England,Pass,Declan Rice,2,0,20.83053584309031,51.158989339309635,26.745794412172494,0.0
2c7505f3-3677-4727-9c80-f6c213af507e,England,Ball Receipt*,Jude Bellingham,1,1,34.46243965718444,42.20437871347933,22.78924827682823,5.771510085808433
2c9bd7a9-0fd2-4c80-a643-8c9a20d932da,England,Ball Recovery,Jude Bellingham,0,0,6.591347257759796,31.829455295725406,21.63207356132179,0.0
2ca25d29-5d4f-42ad-a1c8-e76dec8016ce,England,Ball Receipt*,Jude Bellingham,3,0,76.67397650155827,41.274202618964715,21.98554483698776,1.6378299538482513
2ca27152-3690-45b4-a47c-109dde662b90,Spain,Carry,Lamine Yamal Nasraoui Ebana,0,1,61.94651405926432,48.66059389627811,20.293320045754115,0.0
2cb51c07-9eb4-4ec8-a441-16bdf3b1201b,Spain,Ball Receipt*,Aymeric Laporte,0,0,66.98544917381145,56.964723927786764,26.661053832264898,2.252702109331696
2ccb0034-7c38-4392-97b0-6136f0d01905,England,Block,John Stones,1,0,2.9397241023486744,17.769541823626934,19.274903453657412,0.0
2ce8062c-80c7-44c4-b74e-7a7102464a14,England,Pass,Kyle Walker,1,0,45.27021144183878,36.60860561729924,21.931061248291314,0.0
2cebbad7-a871-4299-8050-13f236992f79,Spain,Ball Receipt*,Marc Cucurella Saseta,0,1,58.5262853378013,57.36187081015348,29.237517079121243,2.925870147137325
2cff6a47-78bc-4e68-89cf-45f930c3aa37,England,Ball Receipt*,Jude Bellingham,1,1,58.903554636288646,54.01597419274332,24.12106288025765,2.069978422460489
2d06b6d7-193e-4247-b097-501073c52907,Spain,Pressure,Nicholas Williams Arthuer,1,0,5.92993980297289,35.01269126431844,16.797101402836553,0.0
2d230e74-b0fd-401c-99ca-40ec1dc04537,Spain,Carry,Fabián Ruiz Peña,0,1,47.81650406401504,67.72795016509446,24.205067465348737,0.0
2d3b95ec-0e4d-45d8-822c-05252f8d3863,Spain,Carry,Robin Aime Robert Le Normand,2,0,13.836945431157014,29.985319747580878,26.790151852514413,0.0
2d51b6c0-dda8-48a9-859f-4b4a691c0b70,Spain,Ball Receipt*,Robin Aime Robert Le Normand,0,0,48.61385551767697,57.79785221220855,26.418755855937732,1.6552901383251508
2d668d42-3652-4186-a315-5f2ca761a72e,England,Ball Receipt*,Phil Foden,1,2,33.401520551099644,18.71067938424087,19.167552469540638,0.0
2d6d0fd1-0e56-422e-aed0-2526c9a30055,Spain,Carry,Aymeric Laporte,0,1,57.36800844861136,66.49623737994,26.416096859018978,0.0
2d6f6d97-53d3-40a1-9623-9db41554ddce,Spain,Ball Receipt*,Nicholas Williams Arthuer,0,0,67.16050744137385,51.811972361475895,13.857917423482744,0.0
2d73e09e-ef01-4790-abcc-9a029c6d5083,England,Ball Receipt*,Ollie Watkins,0,1,44.803223107330915,33.18564802969515,30.656595086270652,0.0
2d80e7c3-c056-4efb-aae1-f804fc446214,England,Carry,Jordan Pickford,0,0,16.56731082800096,38.04095127161961,34.14855346177109,0.0
2da9cd48-d712-4e92-a658-bf6acf63a74b,Spain,Ball Receipt*,Fabián Ruiz Peña,2,1,57.94541891245484,21.134808282211132,24.337873898252102,1.0995528501311498
2dbe8472-7511-4979-ac1f-eda43b4e6a42,England,Pass,Jude Bellingham,3,0,80.56188973208614,44.535392456871215,19.106075457507306,0.0
2dc0d9df-03b4-4fc4-b55d-dce7ddaaed23,Spain,Pass,Aymeric Laporte,0,0,29.911719949460277,56.35990116102779,34.788441298278165,0.0
2dc22d4c-7a5f-4873-800d-febf5026febe,Spain,Ball Receipt*,Martín Zubimendi Ibáñez,0,1,67.06810265243809,58.53532802361507,24.16733769488416,4.412194539120914
2dd6a149-ce6e-4ce4-888d-4ded31e02efa,England,Carry,Jordan Pickford,0,1,26.027133212809506,64.54591919666535,37.73145492895513,0.0
2ddf5dfe-8196-40aa-a99d-71fd58623441,England,Carry,Declan Rice,0,1,78.91719893770525,47.98491472141452,27.471766148531106,0.0
2df1d812-cfbf-4168-a44f-7cf4ef9ff774,England,Pressure,Declan Rice,2,2,32.07110254854907,46.67918066869973,16.86548326391812,0.0
2e07ea16-f77a-4acc-b56e-dda315d9b9f2,Spain,Pass,Nicholas Williams Arthuer,1,0,60.37509206551791,58.8304673088287,19.057498699954966,0.0
2e0927e0-6078-4c69-ab7a-da54085f205e,England,Pass,Declan Rice,1,2,38.51949321506788,59.88008326985567,27.155027425395676,0.0
2e0fce90-9777-45e6-85b2-75e2d5df8f14,Spain,Pass,Robin Aime Robert Le Normand,1,1,29.40903773635407,34.420584132697684,21.809942396218563,0.0
2e1f0f97-bc63-4373-8df4-5c63e24a55a7,England,Carry,Bukayo Saka,0,3,35.917495889889345,39.942098576517594,25.52117232938135,0.0
2e1ff646-de0d-48c3-b451-15475c819692,Spain,Pressure,Daniel Olmo Carvajal,2,0,35.77539264376619,30.478770078977572,28.549089294096422,0.0
2e42d06e-6907-45b0-8ab5-d65847fdabed,Spain,Ball Receipt*,Fabián Ruiz Peña,0,1,62.47512890475949,43.54741128828004,28.86592656332264,0.0
2e5ffbab-5ac0-4b12-9d1a-368b410e5b9f,Spain,Pass,Nicholas Williams Arthuer,1,1,51.567000586535386,61.9900080066309,35.9673964122229,0.0
2e6d300a-6e16-4aeb-8c8b-51232d43df43,Spain,Pass,Martín Zubimendi Ibáñez,1,0,72.80625551473108,57.183803390526734,24.496656036366023,0.0
2e6db589-e96c-4fd1-abee-7afe15008922,Spain,Pass,Martín Zubimendi Ibáñez,1,0,36.203315842658796,63.80037646100655,31.43692184442975,0.0
2e76e636-677d-434f-9d78-ad668fba06ff,England,Carry,Kyle Walker,0,1,65.0191418555264,49.02839195695024,24.620623577979945,0.0
2e840ee1-0128-4298-928c-770da4855250,Spain,Duel,Fabián Ruiz Peña,1,3,22.343684767500644,34.925287032733316,23.519141172310825,0.0
2eb1c9b4-3a8e-4467-aa4a-60b7a2319c56,Spain,Carry,Robin Aime Robert Le Normand,0,1,51.637336947848574,56.71270799350393,25.044234523694485,0.0
2ebbd7cb-75c8-4b04-86e6-b6d82ab22397,England,Ball Receipt*,Marc Guehi,0,2,79.83460573640039,37.335055053069084,21.276756306868293,2.339318926671127
2ec06c9a-655d-4845-b499-8af412ed7edb,England,Ball Receipt*,Luke Shaw,1,2,68.30514155668642,58.80998912690822,12.803561670482717,0.0
2ec239ea-c23f-424e-af2c-657fac3ba219,England,Pass,Jude Bellingham,2,0,78.4905323171501,46.878471220059204,16.033307195707046,0.0
2ec708dd-61ee-4f7b-982f-e1b2e890667f,Spain,Pass,Aymeric Laporte,0,0,46.50690037968454,64.77955435007011,30.42763855227156,0.0
2ee8b8b3-9211-4d88-ab0d-f02a0db6ff3b,Spain,Pressure,Daniel Olmo Carvajal,1,1,52.81950584637107,42.041217515755505,25.449908934740886,0.0
2ef2f047-4348-4949-86e4-06e522c30cdc,Spain,Carry,Lamine Yamal Nasraoui Ebana,0,1,78.44760856486465,41.486209746961826,17.77035455798743,0.0
2f0f8d34-f811-492f-b485-5fa6308756c1,Spain,Ball Receipt*,Lamine Yamal Nasraoui Ebana,0,0,24.610184327005086,39.47431848697003,25.954508687501363,2.115275756494139
2f11254d-c23c-4d3d-a651-4dabaa16ed02,Spain,Ball Receipt*,Nicholas Williams Arthuer,1,0,91.20539082689493,17.433439749523465,4.999237311788105,12.195010473776861
2f19dc31-bc99-4680-98fa-82d43a28a073,England,Ball Recovery,John Stones,1,1,59.64275190123718,33.77684648351508,16.22392752232246,0.0
2f27262c-589c-4037-832b-0272d067661c,Spain,Carry,José Ignacio Fernández Iglesias,0,0,43.670175832071656,49.73920414152753,37.54363105859632,0.0
2f5853b7-7af2-445f-b95d-da562305e87d,Spain,Pass,Marc Cucurella Saseta,1,1,39.58188712802105,51.89417945392694,12.691991898299236,0.0
2f5a6fea-f87d-4656-8c2d-30fbd0d44c7c,Spain,Ball Receipt*,Fabián Ruiz Peña,1,0,71.72117952685603,52.71454313878948,16.250173995869435,3.381574493963331
2f5cc0c2-51c4-4c7d-8a83-71a3daf6ece1,Spain,Duel,Mikel Oyarzabal Ugarte,1,0,1.9330806809000622,25.276759306098615,13.027954758249415,0.0
2f709a7b-123d-4d2b-9dce-3dbace00a701,England,Pass,Phil Foden,2,3,20.65286624320848,19.68113124877837,19.224194149921175,0.0
2f79600b-6fab-43af-bc2f-b02f0cf55cb4,Spain,Dribble,Martín Zubimendi Ibáñez,1,0,40.86401415431505,35.138878978865016,17.291826015927516,0.0
2fd324ef-d06b-4176-90d1-ffdc0503bc96,England,Dribble,Declan Rice,1,2,7.7943902455997724,25.151269120121604,17.591972357608274,0.0
301b6978-a828-4f35-8018-954a0f4b4ed7,Spain,Ball Receipt*,Daniel Carvajal Ramos,0,1,50.459105640733824,55.977632888139524,26.583783529449192,0.0
30332ebb-c378-4ed8-a3ee-4e0daf985c49,England,Clearance,Luke Shaw,1,2,11.336644700945007,30.179246697048757,12.67949438652732,0.0
30403c24-f783-410c-9e68-875372473cc9,Spain,Ball Receipt*,Robin Aime Robert Le Normand,0,1,21.4586764217386,67.18751246016294,46.16722470161272,1.5069106282995899
304752ea-66c6-43cd-9dba-bad420666eee,Spain,Carry,Nicholas Williams Arthuer,2,1,73.7870097727632,56.34046497783172,18.98092777663503,0.0
30618ef7-b139-469f-9bab-1c3674ec437e,Spain,Pass,Nicholas Williams Arthuer,1,2,93.50490669499891,38.60287226143017,22.165489202468144,0.0
3066cb75-5d87-4e07-8465-13ef5712020b,England,Pressure,Bukayo Saka,1,1,48.562776277851675,42.03413584078283,23.806474820356346,0.0
307c3835-8e37-453b-81c2-0613f22d8fef,Spain,Ball Receipt*,Robin Aime Robert Le Normand,0,0,38.32531995500207,54.95747320980114,27.664082299846836,3.898113020040853
30985d67-4ffd-412b-9bd6-e096730d02c2,Spain,Ball Receipt*,Robin Aime Robert Le Normand,0,0,40.99342073021037,61.469004337344394,30.418806725536736,0.0
30ef5bc6-bf14-4cff-a842-a6c5f7a1ff4e,England,Pressure,Harry Kane,0,0,66.0800194180129,22.65685326443631,25.730477296391363,0.0
30f0c5e6-10a2-4b84-b12b-b0b396c1011d,England,Ball Receipt*,John Stones,0,1,67.87256362018317,48.43035559066972,28.438336986952244,9.270377392356442
3114ff08-2d29-402e-8621-a1b4d8327603,Spain,Ball Receipt*,Nicholas Williams Arthuer,1,0,33.7740934372416,32.24964889468942,26.283692096833626,3.863494546706306
313511a6-761f-4f2b-90e1-9fdddb679740,England,Pass,Jordan Pickford,1,2,19.957429620466993,66.14380671989886,37.14996573097385,0.0
3177ebe3-ffad-4c95-b2dc-d8deb14d36f3,Spain,Pass,Robin Aime Robert Le Normand,0,1,76.38795742632266,47.30745116734594,24.10349908358391,0.0
31a71653-9351-45e6-9daf-3c49bf322d4a,England,Carry,Phil Foden,0,2,54.82385663632487,63.21990530621718,24.25963925699318,0.0
31cda3bf-4a1b-4479-acc9-fe1903bde538,England,Carry,Bukayo Saka,0,2,71.05072719167205,53.232433655734404,19.75293210379223,0.0
31d91d84-3966-4416-80b0-232e108fb6b0,England,Carry,Jordan Pickford,0,0,49.440537283717426,60.31362530324816,48.7302576017505,0.0
31ee98e7-0b44-4e48-a99c-039a1bf55459,Spain,Ball Receipt*,Marc Cucurella Saseta,0,0,81.73244269911275,36.66076498643708,15.757747789869496,0.0
320ad63f-01b0-4d40-8ae5-941bfe97e102,Spain,Pass,Marc Cucurella Saseta,2,0,65.78652198187022,64.25584794891408,13.152598071502856,0.0
3222f7b0-64d8-4b63-8310-397139a5a4d9,Spain,Pass,Unai Simón Mendibil,0,1,22.652125569217514,54.24576828576114,53.37859072314037,0.0
325bca15-911d-44ee-a70c-65ecd3ebd9d6,Spain,Pressure,Nicholas Williams Arthuer,2,3,16.902475728623124,23.88371243717039,13.46764954861432,0.0
327c5de0-83f0-4cbc-8027-665b909e32cc,Spain,Pass,Nicholas Williams Arthuer,1,2,32.776486495888946,23.533750395839423,17.03520344850532,0.0
32c3acc6-3796-44d2-93d1-2268bbcc0050,Spain,Shot,Lamine Yamal Nasraoui Ebana,0,0,89.73912226892811,24.12505019214368,2.8061209612524247,0.0
32cca1c9-ac48-49c4-a3ad-4658db3afe2b,England,Pass,Declan Rice,0,2,23.30726302899348,38.3227042782764,20.10654731171873,0.0
32e05d2b-faba-43f5-9023-755b27b2830c,England,Pass,Bukayo Saka,2,0,86.05979352024512,35.45963725431601,22.63698563296901,0.0
33287f69-8a81-4541-92f5-0975a82b029d,England,Ball Receipt*,Declan Rice,0,1,54.8944671291459,39.24759729092466,35.75577427578597,3.3261396586351974
334a11fb-c4d7-40d3-bffc-94ff5fd1b0e3,England,Pass,Marc Guehi,0,1,64.83013855501501,44.243145074342465,25.022029470273292,0.0
3375bd29-4345-420d-94a8-eb21a959a61c,England,Pass,Luke Shaw,1,0,65.59725476902001,47.038301927136146,14.824256723782984,0.0
339fa344-499c-44be-9d22-bc8495ffb033,Spain,Pass,Robin Aime Robert Le Normand,0,0,36.16420625890258,64.16363733200504,36.940068049909705,0.0
33a9618f-d4e0-4ebd-8e4a-95b9266323fb,Spain,Pass,Fabián Ruiz Peña,0,1,31.469965976197127,65.36812163439272,34.52126551425027,0.0
33ce21d1-21ff-4ac3-b2f2-001a6c84f81a,England,Ball Recovery,John Stones,0,0,57.698066946983424,36.64514315284951,31.927976397138483,0.0
33ce5ea5-ff92-4ad1-822d-148087e65261,Spain,Ball Receipt*,Nicholas Williams Arthuer,0,0,78.36744329615854,35.94655728967493,10.412480233753245,0.0
33e68dae-9eec-4853-809f-94e36ac2412f,Spain,Pass,Daniel Carvajal Ramos,0,0,72.20456538855453,50.423187189206956,18.541111256976414,0.0
3402fc73-eeda-42ec-b22f-7dfff7e49f8e,Spain,Pressure,Nicholas Williams Arthuer,1,1,72.20501282260716,37.56315516434018,22.680641667726704,0.0
34120061-db1a-435b-93f0-2399ea9ad975,England,Carry,Kyle Walker,0,1,55.67255150781258,56.74133142012739,28.683329590526913,0.0
341c3444-0feb-4379-9185-66750401ea1b,Spain,Pass,Daniel Carvajal Ramos,0,0,68.02596482887935,46.26384361209589,23.410530689380927,0.0
34254970-ebb6-4061-8321-cc326a0c6ace,Spain,Pass,Fabián Ruiz Peña,0,0,38.194510619440656,61.58954871054023,32.2759150661896,0.0
34436995-a1e0-4e05-a6ae-9677336a1444,England,Pass,Jude Bellingham,2,0,25.003934742036726,62.07486032009126,34.16535294177605,0.0
3449eec8-3ed2-467b-9496-1a2a6c453a0c,England,Clearance,John Stones,1,0,9.431376016831486,12.880438829128865,18.56458758232861,0.0
344ebe1e-a135-419b-b872-0576ff38b49c,Spain,Carry,Daniel Carvajal Ramos,0,0,43.76047209803281,56.72260367384987,28.84161584154288,0.0
3477937e-03f4-43c5-af60-86ff35cdc5f9,England,Ball Receipt*,Kyle Walker,1,0,22.923110755055212,51.477481424393815,26.86133766648556,2.187045798716416
349cc492-5b1d-47d0-a852-3db4517683a9,Spain,Ball Recovery,Álvaro Borja Morata Martín,3,0,90.8683680316756,12.249677755010513,17.566045975237774,0.0
34b8892a-58f3-44c0-ad2b-7cd5ddba7cf8,England,Shield,Jude Bellingham,2,2,2.9307936238763497,28.245675398311715,10.785984634557755,0.0
34bad4af-6d6d-4ade-ac77-f2c6024934be,England,Carry,Cole Palmer,1,0,58.41568995954903,37.57091301208838,21.32721582952559,0.0
34ca50e5-7a74-4fab-852d-1c1569c68c19,England,Pass,Declan Rice,2,2,62.894570403301856,22.563275586512255,17.99984755973254,0.0
34cc0f10-133e-4f26-ad52-816ec020aa13,England,Clearance,Jude Bellingham,2,0,-0.5500086255862556,26.394532840707186,15.14634604469294,0.0
34d7560e-cf03-4811-ac35-576ff0ed4187,England,Ball Recovery,Marc Guehi,6,0,94.65548275226585,21.336861552182878,18.660052308531284,0.0
34d8a2cb-1134-4a9b-aaf4-0469d99979c9,England,Pressure,John Stones,1,1,66.05223274931843,43.22235604147427,26.016516889219957,0.0
34f9bf07-19d6-4371-b604-eb986d4dba94,Spain,Pressure,Fabián Ruiz Peña,0,2,79.19176795495062,29.808282557354904,18.4148395070477,0.0
34fb4299-49d5-4bd2-82be-023a3ebc28e2,England,Pass,Kobbie Mainoo,1,0,47.916153829911764,56.19625608431489,35.10736068552964,0.0
350ae30c-8ec8-44e9-9de3-ccc09eb09f1a,Spain,Ball Receipt*,Martín Zubimendi Ibáñez,0,1,37.432574315610715,65.25774299522703,31.382386999031876,1.9370232610698184
353c2480-0d4e-4c69-9b68-60524ac8b76a,Spain,Ball Receipt*,Daniel Carvajal Ramos,1,1,56.37285283287592,62.66672987756073,25.60902567502968,4.884462731180014
353dace8-50bc-46c8-a6f8-bd26e24eff65,Spain,Pressure,Nicholas Williams Arthuer,1,2,54.70419730174729,32.691745057716105,42.010674030806115,0.0
354d7423-a933-43c6-9335-e98ec7f34863,England,Carry,John Stones,0,1,68.61512335101176,48.51509527194359,26.954377502922632,0.0
357c93c4-0dcf-47c4-8669-356054c54d90,England,Pass,Declan Rice,1,4,20.152087975115688,35.081205981689216,11.397216958182566,0.0
357d9649-677a-423c-b0c2-ce3cb87f6c40,Spain,Ball Receipt*,Robin Aime Robert Le Normand,0,0,70.11738452188095,50.955719057120575,23.129283513434842,1.462429239085048
35b5d666-910f-4f39-b712-72736336cd32,Spain,Ball Receipt*,Daniel Olmo Carvajal,1,0,23.440522143453958,33.11163372552097,34.66098853013757,0.0
35c0a2a4-8e87-41cf-a26f-f85859261d87,Spain,Shot,Mikel Oyarzabal Ugarte,2,0,80.47353854540779,39.51748890167241,14.092902868949018,0.0
35e36299-c57f-4a33-9e43-123ab4a939c4,Spain,Carry,Nicholas Williams Arthuer,1,0,54.468512729444114,46.44651586745805,16.011567015797542,0.0
35e450ef-74e7-4bac-be6e-da8ff74f37bb,Spain,Ball Receipt*,Robin Aime Robert Le Normand,1,3,2.4491022816914803,37.2217922398986,18.413943993789367,0.0
35ec1f28-ae1e-465c-bc22-cd591b210ec1,Spain,Carry,Unai Simón Mendibil,0,1,25.178013823152178,61.99577339859854,47.75355920561825,0.0
3603dd45-8a0a-4724-b6ea-6362cf933493,England,Ball Receipt*,Jordan Pickford,0,2,50.06255263268745,38.47516671848593,32.2778093051972,7.80236159091919
362451fe-32d2-41ed-93f2-589f1d95ee38,Spain,Carry,Aymeric Laporte,0,2,70.7572460014238,29.898493746115218,36.04055483424103,0.0
363cf123-fe81-4fda-a40e-57d0ddc6e0a4,England,Pass,Jude Bellingham,1,0,62.45908713994337,54.47656009932155,23.84052320188318,0.0
36555388-2a50-41a9-9f42-7d65ef2e5db6,England,Carry,Kyle Walker,1,3,43.14476527051125,43.345782504148936,24.59947645005383,0.0
36668607-324f-42ad-9d6b-fa05248f1ea4,Spain,Ball Receipt*,Lamine Yamal Nasraoui Ebana,1,1,65.25610298439149,38.66283344196045,19.910326367843798,4.752408021881306
366fb478-2375-438a-89de-f6722443e55e,England,Ball Recovery,Jude Bellingham,1,1,53.027642551151025,49.65824094880826,23.088591398871287,0.0
36827055-e882-4974-acc2-548cecc84c9e,Spain,Pressure,Álvaro Borja Morata Martín,1,2,27.101170953790984,37.95138318607524,21.44242698040356,0.0
36830cf6-c74f-44b6-9969-b771e43c291a,Spain,Duel,Daniel Carvajal Ramos,2,0,-0.5500086255862556,26.394532840707186,15.14634604469294,0.0
3685a036-2f67-472f-92f5-29a4b24194d7,Spain,Carry,Unai Simón Mendibil,0,2,19.42937759899463,66.31274169534626,33.992525619163175,0.0
368d97bf-8d6d-421c-9c94-87adbe2ab1ef,England,Carry,John Stones,0,1,56.594006532705414,57.67165619172084,22.471404720945475,0.0
36cb53b8-b410-411a-86df-061212128c37,Spain,Pass,Fabián Ruiz Peña,2,0,33.935038899672534,50.70224868878413,30.206659515168273,0.0
36e0a83b-94e0-414d-b7b4-a4ee40a90194,Spain,Ball Receipt*,Fabián Ruiz Peña,1,0,68.66589063764472,39.56275324900732,21.115211484312617,0.0
36e12950-4511-40fc-8a6b-95d3118a9d03,England,Pressure,Bukayo Saka,1,3,2.694677286865868,41.26503735243405,15.93598045164647,0.0
371f87b7-b420-4cf9-a972-eb850f4a8494,England,Pass,Phil Foden,1,1,61.19746320812063,60.1297790734646,21.121373358159197,0.0
375ce781-bdeb-4936-90ce-3aa1cf9ff5ab,England,Block,Jude Bellingham,2,1,6.397266042129407,24.004875558739847,23.061075791238586,0.0
375db4e0-2b16-4fb8-8afa-fc5387ea5b32,Spain,Pass,Daniel Carvajal Ramos,2,0,77.33627650908574,34.565367469226345,14.257606303067117,0.0
377c121a-57a9-4f5b-97f0-32fff2b57557,England,Pressure,Marc Guehi,1,2,29.036728260130538,40.50526958694323,26.635924374128912,0.0
37875d2a-a2c7-4108-9d5c-c7dbe1f53ff5,Spain,Ball Receipt*,Robin Aime Robert Le Normand,0,0,25.80754008039624,57.61162330319464,26.30314146640018,3.0064611133388346
3787ac1c-b077-4960-b717-ce3e7361f8a4,Spain,Shot,Nicholas Williams Arthuer,2,0,89.2446910433147,20.6403826146499,13.561313892458674,0.0
379b81f7-13a7-4a85-8ba2-7bbb30da96ef,England,Foul Committed,John Stones,1,1,37.76994175107629,32.051533898821155,17.362084543659634,0.0
37a217e6-77a1-4999-a227-0912045c0206,Spain,Carry,Lamine Yamal Nasraoui Ebana,0,0,69.38511863706326,49.810860106119186,18.697822261866037,0.0
37a26f82-9f7d-49fd-9db9-ecb89beb247c,England,Foul Won,Bukayo Saka,1,0,51.0986474206213,53.4450235045568,38.08897012396964,0.0
37b00730-a366-4216-997a-044f02146bd7,Spain,Ball Receipt*,Nicholas Williams Arthuer,1,0,92.82572474231054,38.54147857643552,14.281112142162813,0.0
37b44cde-e873-495b-b169-94250c08533d,Spain,Pass,Rodrigo Hernández Cascante,1,1,48.10186845900586,59.64347718073843,29.33988569259758,0.0
37bb9f14-9737-4e59-a510-2a9bf1612d54,England,Carry,Jordan Pickford,0,1,34.860729672797,47.33597070885888,41.79782040729283,0.0
37c0aa07-3a58-4b02-91c0-460739d04460,England,Carry,Jordan Pickford,1,2,4.835200224349937,18.584169727761395,20.882337852519417,0.0
37d9ba3e-e0dd-42d7-a509-cf67d8647fc7,England,Ball Receipt*,Jordan Pickford,0,1,19.172202023740567,65.03337408949423,37.53316812532311,6.477944105261154
37dba1eb-66ba-4fde-a3f2-0bb571817528,England,Shot,Phil Foden,1,0,88.41240466119446,12.56961774773084,12.67104851227176,0.0
37f19982-f435-4616-9bbe-81e176583d9c,England,Pass,Harry Kane,1,1,40.746085399796655,42.506450105502395,15.25167385609677,0.0
380506f7-658a-41e9-a93c-e7278467bfd9,Spain,Ball Receipt*,Nicholas Williams Arthuer,0,1,71.46702962568143,62.423626607299,18.169540170600268,3.523965732971233
384681bb-a588-4905-81c9-5bbb1db9915a,England,Carry,Kyle Walker,0,0,82.13275498267804,48.004454970113215,18.1789774058408,0.0
384bb242-0976-4c03-9c72-1ea0a4600a04,England,Ball Receipt*,Jordan Pickford,0,0,15.67622497816332,58.05428733607793,33.78230890597642,3.2019971474841973
384e29cb-c983-4e4a-8a01-82a87ec4929e,England,Carry,Declan Rice,0,1,48.112337512431324,37.13246684731479,39.53800952800807,0.0
38553123-f805-4db5-b36e-fe92fd075d57,Spain,Ball Recovery,Fabián Ruiz Peña,1,0,13.697597149520409,34.853235391430076,23.942744064844288,0.0
3863e28b-6baf-467e-af26-d8c8de0c74db,Spain,Pressure,Álvaro Borja Morata Martín,1,0,47.82595667192044,37.58975072463438,25.73134309260004,0.0
38871799-1c19-465c-954e-fa34b5bd4c41,England,Clearance,John Stones,2,1,3.550491362181964,28.21032675822231,13.914531710183708,0.0
38873edf-11fd-4191-8130-1ef1d88ea25c,Spain,Ball Recovery,Unai Simón Mendibil,0,1,18.764475260410904,27.058037205597135,31.78256678905816,0.0
388ee8ce-d3dd-4c93-a7f3-d2f246e5b8fb,Spain,Ball Receipt*,Daniel Carvajal Ramos,0,0,42.468943875984195,70.22634829382757,31.698915514339298,1.2011999046912836
38ad5439-cdcc-4573-89a5-d5d572a26054,England,Clearance,Cole Palmer,1,1,7.858182166099366,18.434494989168396,16.946300292167415,0.0
38c2d03c-c6b7-4ce1-9580-d4df7f3cdef3,Spain,Pass,Lamine Yamal Nasraoui Ebana,2,1,62.23067049630177,50.75594530552097,24.08262800644022,0.0
38f8ce82-e644-4944-ac22-3230a0b03956,Spain,Ball Receipt*,Lamine Yamal Nasraoui Ebana,0,1,78.44760856486465,41.486209746961826,17.77035455798743,0.0
390569b3-b755-4644-acdb-cc5feadcedcf,England,Ball Receipt*,Marc Guehi,0,2,66.20382048781931,28.010162012063056,25.87782907066244,3.8071775809016692
39120744-484f-4100-b82f-177a6d5b1282,Spain,Pressure,Fabián Ruiz Peña,1,1,12.000904846026259,35.557073568833395,24.07725753945215,0.0
394664bf-fc81-473c-9a41-f76e9e97f4ad,England,Pass,Jordan Pickford,0,0,44.25790063545436,66.54872487947367,36.36874046414058,0.0
39563617-6877-476e-860d-b813c674cce3,England,Pass,Jude Bellingham,2,0,48.22255726183313,48.87641689643774,19.950125256191143,0.0
39c82a64-dba0-4f89-b3a3-335328ab1822,England,Clearance,John Stones,1,0,6.120684923985713,10.852598150940382,16.960054576974976,0.0
39cfcffc-2fe1-4e49-859c-0661d9fecd94,Spain,Ball Receipt*,Álvaro Borja Morata Martín,2,3,32.135938562179746,43.03231486608598,16.901104782000267,0.0
3a15eaaa-37ba-4ce3-bd5f-bd677e6aa492,England,Pressure,Kyle Walker,1,2,65.74443547961059,25.24192631074959,19.75271058818778,0.0
3a65b5cc-0eb0-4994-a8a7-e50383953266,England,Ball Receipt*,Kyle Walker,0,0,41.640013432583125,37.78648277557418,23.129933207488385,2.6365301702952735
3a667c25-d50b-48b0-9ca9-37d480e08be1,Spain,Pressure,Daniel Olmo Carvajal,0,0,61.85339846782369,37.28177956191712,24.967209724091617,0.0
3a8c8b3b-e1ee-48c6-86a7-b53b088c71b9,Spain,Pass,Robin Aime Robert Le Normand,1,0,28.07541990301617,60.98028457564439,36.86048177519426,0.0
3aae7425-f4e2-4377-8246-c3a87674a1a2,England,Ball Receipt*,Marc Guehi,0,0,10.722971072694403,53.94669275491655,31.330742076068024,1.7485895441098258
3ab2a97a-4a22-4d62-b4fa-1ab4364e494e,England,Pass,John Stones,2,0,54.31709861733404,49.31675913568967,33.50482245577366,0.0
3ae471a1-56c5-4a8e-b4e2-cf7898b5dd33,Spain,Carry,Nicholas Williams Arthuer,1,0,92.61023834306818,46.636509293922956,21.1945698671286,0.0
3ae5717c-b62b-4540-8d4c-e56a78185111,Spain,Ball Receipt*,Aymeric Laporte,0,0,47.07219160011201,53.544807161917966,30.51398953118643,2.4658971328365182
3b00fff2-8fac-44ed-b7cc-d32d0ee28b87,England,Pass,Marc Guehi,0,0,34.16522658372433,62.99734705868198,37.972647044266736,0.0
3b223991-8b87-4876-a69e-f8c6f6a7ffc3,Spain,Ball Receipt*,Nicholas Williams Arthuer,1,2,33.69088649588895,23.533750395839423,17.03520344850532,1.7049264570771467
3b317505-cce1-4917-a695-ca111408e9c6,Spain,Carry,Aymeric Laporte,0,1,55.23258736865731,51.71384227515405,28.69186030886418,0.0
3b47a05a-904a-4f50-999e-be4ad8231104,England,Ball Receipt*,John Stones,0,1,68.61512335101176,48.51509527194359,26.954377502922632,2.6791876508468357
3b588f25-6cd7-4c7e-a878-006be98782de,England,Pass,Phil Foden,2,0,19.935838825620092,47.06407990387587,36.04993044247105,0.0
3b896fd1-c730-44c6-9ea7-b5d4e4cacffd,England,Pass,Kyle Walker,2,1,46.54434996663492,42.54719300572163,27.438901793759968,0.0
3b9ec6d8-cd2a-4c7f-bfda-992c687e5526,Spain,Pass,Daniel Olmo Carvajal,1,1,82.89848117379728,33.15057663792487,18.467205276838413,0.0
3ba144a2-0325-46f3-bb99-a0287e7c3229,England,Pass,Jordan Pickford,0,1,22.936073679339998,64.49536287645812,43.08786591886836,0.0
3bb3152e-92fe-485a-aa50-9e4f19387651,Spain,Foul Won,José Ignacio Fernández Iglesias,3,0,74.03672423910673,27.89632325181232,14.604462620825208,0.0
3bcf865b-eb72-4b3f-ae75-0088e2c98068,England,Pressure,Kyle Walker,1,3,18.624477152605607,38.426944326858724,30.68643048558644,0.0
3bfc551f-d2ae-4a5c-be18-354d7e1f2b35,England,Carry,Declan Rice,0,1,54.8944671291459,39.24759729092466,35.75577427578597,0.0
3c14bf5b-951e-4f21-b3ec-c4f84194aff9,England,Dribble,Declan Rice,2,0,42.84837720761419,37.57575767701954,31.700356890869823,0.0
3c16d894-cc28-4f73-9b68-fb2a4e8f0ccb,Spain,Pass,Rodrigo Hernández Cascante,1,1,61.0377654214912,53.395180051771135,26.178754741521143,0.0
3c74f200-a550-4263-b131-4c1812884c64,England,Duel,Jude Bellingham,1,1,51.978551029638155,44.23131496530798,35.312911588024726,0.0
3c7f6138-6b3d-4fff-bbac-081bf1412b44,Spain,Ball Recovery,Robin Aime Robert Le Normand,0,0,47.94647590163999,32.66050236029567,15.499698373649657,0.0
3c837f6b-c034-4ba7-937f-2b8a55dbd4e4,Spain,Pass,Lamine Yamal Nasraoui Ebana,0,0,67.51443368119419,49.23978476404112,24.277833720614172,0.0
3c962fe2-0ad6-44f9-a629-366e0cab1750,Spain,Pass,Fabián Ruiz Peña,0,0,56.229984434956066,41.256768515536926,20.311652387431636,0.0
3cfb37c1-6d73-4c1b-b82c-eada4564e7ea,Spain,Pressure,Álvaro Borja Morata Martín,1,0,28.232303727621847,28.29271780819905,21.965214670623258,0.0
3d00c9d5-56c4-4ef5-a13c-5d7f153c2b23,Spain,Pass,Nicholas Williams Arthuer,1,0,82.16966378398075,43.75978484018621,15.90235388138543,0.0
3d062345-322e-4572-b508-b6b10b5afa39,England,Carry,Declan Rice,2,0,21.016208653572534,51.0658746620805,26.6248404869439,0.0
3d135b40-0d44-40af-9211-cf04797c2d5c,Spain,Pass,Martín Zubimendi Ibáñez,0,0,67.80306848368019,56.7433004117766,32.143227514836106,0.0
3d26c29e-f91f-4a8d-82d6-0625ddc3ab7b,Spain,Ball Receipt*,Nicholas Williams Arthuer,1,1,32.944331299667724,36.407867596139205,17.100921837019087,7.160983151615009
3d28b25a-830c-4f01-8229-5f3fd915e624,Spain,Carry,Marc Cucurella Saseta,0,1,71.17918604273376,60.596678122963105,24.27300410448362,0.0
3d328dec-f448-40c9-b5cb-40e651b897a5,England,Ball Receipt*,Kyle Walker,0,1,30.646713233060183,57.250163245910635,21.344624187312082,0.0
3d330c9e-3a40-45ad-81e4-7d8fafc73490,Spain,Carry,Aymeric Laporte,0,1,60.42220278943103,66.78373703238748,28.565155744494312,0.0
3d3fcf2d-6eeb-4866-9e9b-cc2f2d464161,England,Clearance,Marc Guehi,1,1,10.992749976789883,24.77768634417404,16.116606424235517,0.0
3d4d7152-896b-41cd-8619-5deb56db98a6,Spain,Carry,Daniel Carvajal Ramos,1,0,60.11251146559083,61.13192956438422,23.257254880341222,0.0
3d6e8daf-7b30-4c17-8ab1-d828ce4f4b67,Spain,Ball Receipt*,Aymeric Laporte,0,1,16.195699726768122,64.82231555233375,46.90872284813719,7.453289798857569
3d8a1b15-dd6f-4bef-a6b6-69b0835573a8,Spain,Ball Receipt*,Robin Aime Robert Le Normand,0,0,35.258706453718126,48.11193202930618,44.0670861179451,7.45628503718835
3d9c029e-6529-4fd0-8e83-7d22cea7c392,Spain,Ball Receipt*,Robin Aime Robert Le Normand,0,0,41.64007831895988,54.07630711399452,42.26602357411264,3.0924723372509653
3db53b36-21d5-43fb-b961-e7ba024e65ca,Spain,Ball Receipt*,Rodrigo Hernández Cascante,0,0,47.05913159021235,57.74522385629915,33.156972126512045,3.2984964098050074
3dc3277b-dc91-4d70-93ad-47d1c27a9193,England,Carry,Kyle Walker,0,1,88.26465709508598,42.10484398263956,14.272528974815309,0.0
3dd6736a-c4fb-4c48-8869-908b1d059e44,Spain,Pressure,Daniel Carvajal Ramos,0,1,30.269112968398606,50.67589852817418,30.384304974872585,0.0
3df9cf47-0697-489b-89d5-d3ece76c307d,Spain,Pass,Daniel Carvajal Ramos,1,0,30.781443008333213,66.66518557045697,29.581234116760356,0.0
3e0d0a6b-ef98-4369-aca5-12b597e3f9bb,Spain,Carry,Nicholas Williams Arthuer,4,2,85.44971050674738,33.14356871917982,9.651825214027015,0.0
3e12c429-6879-40df-bfdf-462173ebd3f4,England,Duel,Jude Bellingham,1,0,6.41498945399162,20.379383905457253,12.900977206521256,0.0
3e1d336a-e546-493d-867e-61c4e92a5fa0,England,Ball Receipt*,John Stones,0,1,42.54818688198881,58.97739394770316,36.92433022411371,6.989473047495954
3e2306ab-4fbf-4a8f-b2e2-809968757e74,Spain,Pass,Rodrigo Hernández Cascante,1,0,44.30176825010225,56.04124378043412,30.567358505841383,0.0
3e620af7-c0aa-493e-88fe-042325955aba,England,Pass,Kyle Walker,0,0,56.85750913633773,43.895264428087266,26.741262563970864,0.0
3e8dbc6b-88aa-42a1-a9ff-1d1bc9c391f2,England,Clearance,Luke Shaw,1,3,16.163782957669056,26.43155659059874,28.947485617597025,0.0
3e8fe225-1321-426b-9aed-799bc1e5d059,Spain,Ball Receipt*,Martín Zubimendi Ibáñez,0,0,88.81875311488685,38.23031812245741,17.827062006413154,6.427239754045326
3e9fc2e9-9128-49ba-a1fb-5578082ae4c4,England,Pass,Bukayo Saka,2,0,23.925403882047647,29.7897822141202,20.79075825877445,0.0
3ea6d589-1c62-4636-ae04-103d6bd230eb,England,Duel,Harry Kane,2,0,22.20344435203143,21.963091074397454,26.513737849411488,0.0
3ebc5317-c58d-4132-a626-e9f66d3f815d,Spain,Ball Receipt*,Rodrigo Hernández Cascante,1,0,78.69120269848418,39.68138352828129,21.30810622521472,10.890192596595044
3ebf2e6c-30de-42f8-87ca-40ae43b8f2fb,England,Pressure,Bukayo Saka,1,1,17.618982787081713,37.20687668624547,32.054634654225666,0.0
3ec37610-0683-4c4a-b1d5-db569c10b90f,Spain,Ball Receipt*,Fabián Ruiz Peña,1,0,74.14658175923705,39.8429250197455,17.592331148269665,3.8899433592908297
3ee36a27-c440-4e90-9715-26e7f960b26d,Spain,Ball Receipt*,Aymeric Laporte,0,1,47.626366602758736,62.645631429510956,30.59100470289757,5.1487113968184905
3f16fb3c-f0fa-44f3-a91d-be4635d01961,Spain,Pass,Robin Aime Robert Le Normand,1,1,37.26504721246252,62.74024014123954,35.20639063052665,0.0
3f172871-9692-4932-bf5b-3d5bd1a81cdf,Spain,Pass,Unai Simón Mendibil,0,1,10.377741650664843,55.82516938247586,29.643266949611284,0.0
3f3fa2d6-9e95-4f43-a3f2-733ae5e294e8,England,Ball Receipt*,Cole Palmer,0,0,69.81900570813656,45.73528199181443,27.952622706541195,4.135096807479262
3f42052f-0d80-42e6-91fa-50109adfbbd1,England,Block,Bukayo Saka,2,0,85.50097977977167,29.018289156757458,15.005123762242432,0.0
3f4da66c-a47a-4ebf-a868-8f6a789edf67,Spain,Carry,Álvaro Borja Morata Martín,2,0,62.61614182265171,60.82945763434681,22.00561328223417,0.0
3f52c006-66ac-4ed2-9762-2cc41e496b57,England,Clearance,Marc Guehi,2,0,-1.0546971039569961,23.879931715311866,15.28536694400986,0.0
3f931b98-f511-4f46-bb77-dcaa2aa4b889,England,Ball Receipt*,Kyle Walker,0,2,17.41961259641429,54.98396272240676,27.312708402207903,2.984560607534284
3fad50b8-1e45-43ca-8d87-16d8426261a7,England,Pass,Luke Shaw,0,0,29.174878243652326,54.60149802934349,32.20704187065853,0.0
3fdb316c-4e7a-4b40-abc0-7abb043f7d2b,Spain,Ball Receipt*,Robin Aime Robert Le Normand,0,0,39.05266050421341,63.935038180526185,34.54278502883672,12.189595572112099
3ffdf8aa-4b0a-49ff-8deb-831269218374,Spain,Carry,Daniel Olmo Carvajal,3,0,92.24732943209864,29.336390087158577,18.059571784199473,0.0
40026cb1-8cc2-459d-bc2b-204a18363b1d,Spain,Pass,Robin Aime Robert Le Normand,0,1,64.76763083714465,52.536924923127565,31.72569293977189,0.0
4003c4bf-c312-4e5f-8b94-41355f26f1fa,England,Shot,Jude Bellingham,2,0,86.23950928985927,38.374626430964085,10.599917646472942,0.0
403101dd-7f06-44ba-aed0-39e8daff4bb9,Spain,Pass,Robin Aime Robert Le Normand,1,2,33.401520551099644,18.71067938424087,19.167552469540638,0.0
40348f7e-e2c7-4f61-ad7a-afcf3a6b68ac,Spain,Block,Álvaro Borja Morata Martín,2,0,50.65755451752854,55.92702507234414,24.383804913654327,0.0
4057545c-0cd1-4198-ac3a-935c018feded,England,Pressure,Jude Bellingham,1,0,34.14980470279383,45.62606491126407,26.754512962391725,0.0
405e4db4-f664-4d33-8ec2-3409ee851ec4,Spain,Pass,Unai Simón Mendibil,1,1,9.422748248380687,37.355183020960055,35.16836663769966,0.0
4065f70e-a223-4802-8df8-218a9f2545ed,Spain,Pressure,Fabián Ruiz Peña,1,1,23.674945085129995,31.790252225648747,18.493552015015265,0.0
407bfd6d-893a-4cff-bf66-03c46e85e27b,England,Carry,Bukayo Saka,0,1,54.70516391989127,52.50288345749723,19.65035353503158,0.0
40b4bbf2-7e91-43de-8444-1799dfef1316,Spain,Duel,Rodrigo Hernández Cascante,2,1,35.872238230807106,31.668473366217658,28.11379138888907,0.0
40f8afe4-29b1-45ff-a8c9-b0ed499bb26b,Spain,Ball Receipt*,Fabián Ruiz Peña,0,0,40.828584166896015,51.59109992458107,26.24522745512711,1.526142517253472
413334a4-2889-4ee4-b50d-e0c52d85756c,England,Carry,Phil Foden,3,0,44.30226177434769,34.9931434387889,27.389195912981553,0.0
41a148cd-bb9e-4413-a302-e914089c7fdd,England,50/50,Phil Foden,1,3,31.583035755726293,40.15632729563875,22.086491572752454,0.0
41ab7188-4a4b-4900-8b96-ad8128ade70e,Spain,Pass,Aymeric Laporte,0,1,70.13330277905779,57.898155559754365,23.116314985118834,0.0
41acd6e1-5fcf-4ed7-ae58-5711fa701179,Spain,Clearance,Marc Cucurella Saseta,1,0,6.807142061872073,28.105002477893635,18.352891971211857,0.0
41efcec4-da5e-4467-a66a-832504cc3bd6,England,Pass,Phil Foden,1,0,10.029311273018553,27.951288072470717,22.782450111251062,0.0
41f41b5a-c0ff-41b0-8bb1-821c108c5c0b,Spain,Pass,Robin Aime Robert Le Normand,1,0,22.83979577813269,35.32583389342305,21.24243864273948,0.0
41ffad16-8683-4a03-8c84-0da02be16c4d,Spain,Ball Receipt*,Álvaro Borja Morata Martín,0,1,46.394072499744574,39.69832561025312,20.796373818513036,3.654520488490036
425737f6-71ca-4200-936a-b41de726fab9,Spain,Carry,Robin Aime Robert Le Normand,0,0,33.236063636681614,67.56316809022313,37.21598492859014,0.0
4263ef7b-e42e-41dd-8713-cda4fa3696e7,Spain,Pressure,Álvaro Borja Morata Martín,0,0,32.28789449849749,32.48526354363559,25.648268971308642,0.0
4266fcac-c357-48e1-8ec5-d670184b63e6,Spain,Pass,Unai Simón Mendibil,0,1,29.45722926362741,62.81040997665252,45.8918916985512,0.0
426bec7d-b091-4329-ade7-7a0fa51fd35e,Spain,Pass,Fabián Ruiz Peña,0,0,63.116642288384305,62.133149617037766,27.50612705224743,0.0
427fc1bb-f80e-4a22-9698-f78cb7a7ebed,Spain,Ball Receipt*,Daniel Carvajal Ramos,0,0,24.991018644120132,50.025957111983985,32.76603021367036,7.010199494285722
428fe651-0af3-4ca3-b71a-391a83682be0,England,Pressure,Marc Guehi,1,1,33.93880585289577,44.713989128602336,18.8933852186256,0.0
4292eadd-d0d2-4e25-86af-d9d2caa45403,Spain,Carry,Robin Aime Robert Le Normand,0,0,25.80754008039624,57.61162330319464,26.30314146640018,0.0
42a9c06e-e6be-41cd-ab1a-1b9e5d4a9dee,England,Carry,Harry Kane,1,3,11.195070275276603,19.354187948852736,18.632211596576067,0.0
42ae0284-cde0-4440-a93e-309e1827cfa8,Spain,Dribble,Lamine Yamal Nasraoui Ebana,2,0,40.135602580822365,36.193705436969,7.612848946895265,0.0
42c1511e-e92a-49fd-9891-447717a46aa5,England,Ball Receipt*,Jordan Pickford,0,0,22.68594979704992,45.68487439687432,38.966595776183986,12.264044796766795
4325a1d3-c1b2-499f-a3a4-e08bbe518464,Spain,Carry,Marc Cucurella Saseta,0,1,37.93523766526087,63.09437235329197,33.044422668719236,0.0
43344dee-7ae2-43f4-8ea1-efd402fc7976,England,Carry,Jordan Pickford,0,1,28.138495432870908,58.199028320367916,43.616557597476294,0.0
434ae5e1-df61-4ed9-9d7e-54bea8145727,Spain,Ball Receipt*,Daniel Carvajal Ramos,1,1,55.71472748932394,50.84829838257363,29.497185926969586,2.4382730920668836
4356ea8f-ba14-455a-a62a-ee9abdc700c5,England,Ball Receipt*,Jude Bellingham,0,2,15.075706251987626,37.02236886585934,23.879737104758483,1.0478263779131163
43704be8-e51a-48ef-8bae-39fd1f9fdd73,England,Interception,Kobbie Mainoo,2,1,10.471545209744127,26.599547755562735,29.556992397859858,0.0
439544d6-8611-4ec7-9e0f-681e8782ca95,England,Pressure,Phil Foden,2,2,15.714543812297684,30.766912734103368,17.922790547039888,0.0
43bf5e41-4cd2-471e-ba2d-bd2cad6b661a,England,Pass,Kobbie Mainoo,1,1,42.90046551608264,57.07356893529834,29.113329596752628,0.0
43c974fa-9402-477a-9d06-c19c976e8019,Spain,Pass,Aymeric Laporte,0,0,63.76879696459585,55.34604302386943,27.83211368484107,0.0
43daa086-f892-4112-b075-ab99df851b09,England,Goal Keeper,Jordan Pickford,0,3,9.246923414923772,10.308031113550575,15.975843468911407,0.0
43df13a0-86c2-4fdc-88b5-a605e84c1a57,England,Pass,Kyle Walker,0,0,30.968313758285205,53.74131044440056,39.161786185159286,0.0
43e1d19c-f103-4d0e-9855-1821b2fca02d,Spain,Ball Receipt*,Lamine Yamal Nasraoui Ebana,0,1,87.50451726467539,44.472179343140944,10.115388647335024,2.4248478434614253
4415731e-d89f-4f69-9498-7146fc2af9a9,Spain,Carry,Fabián Ruiz Peña,0,0,54.88027259069109,61.79922704821625,28.076608187856714,0.0
441bb7a1-ba1e-4591-977b-a933ff76316a,England,Carry,Jude Bellingham,1,1,77.15382612149206,48.166644433486255,19.685536007914585,0.0
44c5cf6c-4f9c-4581-8196-9fd3aaf19ecf,England,Ball Receipt*,Bukayo Saka,2,2,22.720522229490975,24.48160913698601,19.377127369518885,1.71838155873903
44d22254-f2fc-4e48-b19e-dee0cb1d712f,England,Pass,Harry Kane,2,4,20.203981117082375,21.208353054438323,21.7215304723978,0.0
4538dd78-09a2-4710-9f6e-4c8cee20f2d2,Spain,Carry,Daniel Olmo Carvajal,0,1,14.092676283307453,17.846107284425624,12.228645082052227,0.0
453dc113-8380-4ecb-b0c7-2428ec16368e,England,Duel,Luke Shaw,1,1,43.54333272422617,29.28872324904347,19.013632821821574,0.0
457a4fae-30fd-4872-b1ca-d0b4ab4888b4,Spain,Pass,Álvaro Borja Morata Martín,1,0,58.82473449996257,53.82559901654156,18.786130714548467,0.0
45a21d64-ccc8-4007-b9c8-fb3f6992dace,England,Shot,Cole Palmer,0,1,93.29538531958661,25.199313660684908,9.455945749104787,0.0
45a44ff7-f15d-48be-a303-a5529c46f522,Spain,Ball Receipt*,Unai Simón Mendibil,0,2,19.42937759899463,66.31274169534626,33.992525619163175,9.313535436012973
45b7e995-a98e-43f8-9914-2ad5add7d32c,England,Ball Receipt*,Jude Bellingham,1,2,8.072337311862954,26.585217685854712,18.200274337635985,0.0
45cc1675-d90a-4822-b0f6-3142e4ddfe0c,Spain,Ball Receipt*,Fabián Ruiz Peña,0,0,64.69361818640903,57.76944952642902,31.26611442410112,3.502526651679844
45eab241-3ba1-47e9-8920-a553ec28cd9e,England,Pass,Phil Foden,1,0,44.628238256036376,63.664266170663225,33.26756789265654,0.0
45ee504d-fc0a-4bad-abba-f94ecabacdee,England,Pass,Bukayo Saka,1,0,75.09012921307517,51.223850922839134,21.479549956427913,0.0
45f0cc79-7487-4aba-8e52-02e30fc252e2,Spain,Carry,Unai Simón Mendibil,0,0,25.371080838401248,65.3229012316428,38.80630001736944,0.0
46005eeb-c66e-4e8f-a3e6-e78cd8863a99,Spain,Ball Receipt*,Unai Simón Mendibil,0,2,26.996061132359962,64.5901108189795,41.98252385620665,8.535815213318566
4613c840-6248-4dd9-8e4d-b863197c9a26,Spain,Pass,Daniel Carvajal Ramos,1,0,87.97079453555864,40.19266989093409,10.387556279903675,0.0
461a0408-bda7-4372-b7dc-3d31c51c6d38,Spain,Ball Receipt*,Daniel Olmo Carvajal,1,0,51.239306102595535,43.63750353557355,27.80219321763819,5.4206248804183055
4667a86c-87bf-4abd-a546-3818fba47a4f,Spain,Ball Receipt*,Daniel Carvajal Ramos,0,1,46.54908515479398,41.32621243814298,21.525023673458453,9.143654834891832
46703455-0537-4acb-83d3-8986f5b78779,Spain,Pass,Mikel Oyarzabal Ugarte,2,0,24.592583690685736,40.8479512777718,22.27021542214138,0.0
46ca1681-bac0-4e34-b4dd-4ffee0b840b7,Spain,Ball Receipt*,Nicholas Williams Arthuer,0,0,71.09489212839631,24.020362914264695,18.921971386622303,4.101416305201654
46d07d21-4e6a-4f72-9af6-2c0418d61d59,Spain,Pass,Lamine Yamal Nasraoui Ebana,1,1,85.04000617812834,41.0116939628137,13.050707675938241,0.0
47176f01-840a-436d-aa9d-d50c71257a7b,Spain,Pressure,Fabián Ruiz Peña,2,1,20.425775990899442,32.46089721601481,17.907567308165987,0.0
474c9d77-2173-4073-ae8c-bde9d376bf9e,Spain,Ball Recovery,Fabián Ruiz Peña,0,1,92.98011997899663,44.22882733637298,13.8165296897185,0.0
476e2f30-f036-4fd1-ac53-9c56e5641ac7,England,Carry,Phil Foden,1,1,75.64155386398062,51.190716305387404,26.629879128899187,0.0
47a0e43e-b978-4166-ad55-81dd1c5703c3,Spain,Pass,Aymeric Laporte,0,1,56.72597294630733,58.91906504361018,25.12223739278093,0.0
47aadd90-1f1b-4ff3-bcf1-2260e6fc3b5b,Spain,Carry,Rodrigo Hernández Cascante,0,1,18.526971949745015,33.96451064607019,21.514979040512898,0.0
47b42e23-292c-4df7-aa60-92b16b534cb0,Spain,Pressure,Lamine Yamal Nasraoui Ebana,0,3,14.547482902411002,33.17539661056047,20.523949688329512,0.0
47b7eb37-1032-4a01-999b-4f71e94d5874,England,Carry,Jordan Pickford,0,1,19.172202023740567,65.03337408949423,37.53316812532311,0.0
47bc8c4d-ab30-4c71-9737-d7edd21c2065,Spain,Ball Receipt*,Mikel Oyarzabal Ugarte,1,0,95.83147158333661,23.955658355307843,16.49965209844262,18.67272122259685
47cb9dd5-0b0a-4fd1-8185-6763c8deae06,Spain,Duel,Aymeric Laporte,2,1,29.168293645028992,39.95524711841243,23.121866950491228,0.0
47ccbf0a-5c6c-4470-b1a0-f1a9373d15ef,Spain,Ball Receipt*,Lamine Yamal Nasraoui Ebana,0,1,61.94651405926432,48.66059389627811,20.293320045754115,2.457593020929681
482f34aa-057a-4622-be49-74f3cce8eab2,Spain,Ball Receipt*,Robin Aime Robert Le Normand,0,1,68.58864153492357,56.21493428843747,26.90212457377449,2.8426316852373614
484f93a1-bf76-4bfa-a221-9f43d577ecbf,England,Shot,Harry Kane,3,0,90.53935530203027,25.740358738188895,4.869187554025242,0.0
486c11d1-07bb-40dc-acae-41fe6114d6fb,Spain,Ball Receipt*,Marc Cucurella Saseta,0,0,69.03856973476088,50.556337936793255,18.778414716249017,13.723612364655501
486c9388-6145-484b-a4a8-da8e973690d4,England,Carry,Kyle Walker,1,2,26.345897519572745,35.93314245100172,44.46980931372483,0.0
48bb1514-c31e-4bb4-870f-c91a9d385d62,England,Pass,Kyle Walker,1,1,54.89668900390207,56.77586346413582,31.08354485962841,0.0
48eef57f-ce90-45f0-9a85-3e5c74a7bca6,England,Pass,Declan Rice,1,2,82.45392974493576,37.36128571157938,15.004875913650752,0.0
48faef10-6da8-4a1d-a1bb-e2c0faa05cd8,Spain,Ball Receipt*,Lamine Yamal Nasraoui Ebana,0,1,70.26564179212721,23.846192139270276,23.5356307660954,1.3128358992222309
495bd6d9-9f29-4dd2-97e3-696775229b3b,Spain,Carry,Martín Zubimendi Ibáñez,0,1,77.01514090077694,52.77662799448896,21.73147733355695,0.0
4988b03e-856f-471a-8acc-918061c0704a,Spain,Carry,Rodrigo Hernández Cascante,1,1,51.03256064309545,59.09349901062162,29.194660639314122,0.0
4998f945-4d1a-4d3c-bc5c-b6ec39700a5d,Spain,Pass,Robin Aime Robert Le Normand,1,1,23.1036544366458,63.74817585066362,36.20897597377094,0.0
4999a00c-637c-4791-8d62-858d62b857dc,Spain,Pass,Aymeric Laporte,0,0,59.49869084533877,66.0920419230312,20.867227866602047,0.0
49b25693-24df-4bca-b8a0-8bdafbcb4791,Spain,Carry,Aymeric Laporte,0,0,68.77657964375773,51.582884885049104,27.964386516513866,0.0
49c0758b-ec67-4f5b-b559-407d2c5710df,Spain,Ball Receipt*,Daniel Carvajal Ramos,0,1,34.638224846151125,61.4550541332838,35.32235858634677,7.760376271482781
49c10ad0-9e58-4de9-ab7a-78a6f53f10e1,England,Pass,Kyle Walker,0,0,15.29732910250904,45.356326233908774,33.11727648107125,0.0
4a3485ea-9d3e-40de-be6e-3ca1bdf6e421,Spain,Pass,Robin Aime Robert Le Normand,0,0,28.730267425333302,67.25804650275367,41.011576464961976,0.0
4a41a05e-50f3-4788-be41-edf43ab7f017,England,Pressure,Marc Guehi,1,1,40.52153900944422,41.09652005334372,18.421576529836177,0.0
4a4e3559-7615-4d13-89d1-83732985b386,Spain,Carry,Fabián Ruiz Peña,0,1,31.466439495198525,65.38910849279719,37.169157639707194,0.0
4a57838a-f659-4362-9545-ff73f83df620,Spain,Ball Receipt*,Robin Aime Robert Le Normand,0,0,31.64548119721169,66.17151620972435,34.08735592300282,0.0
4a610ec1-edf3-4066-bd69-cb2a28f2981c,Spain,Clearance,Aymeric Laporte,2,2,9.717375428202716,24.69801032732193,16.417360900645665,0.0
4a8d9ac3-344e-4ff4-af78-231cecc8d980,Spain,Ball Receipt*,Marc Cucurella Saseta,0,0,37.77191645401674,50.04650630682887,26.183099905387223,1.9205430695980312
4a99e4bb-df4d-4802-a5c9-c67bab580729,Spain,Pass,Marc Cucurella Saseta,1,0,83.41150680244269,39.79699167711021,16.34135402603822,0.0
4a9f7563-d2ec-4eda-ac85-2f48381b0a41,Spain,Carry,Lamine Yamal Nasraoui Ebana,0,0,73.48227250215756,48.718103266804164,10.3328947351781,0.0
4aa405b9-2360-4fc0-8bca-ab079c0c761a,Spain,Carry,Lamine Yamal Nasraoui Ebana,0,0,77.24797615051423,36.60182975733239,13.959104560013959,0.0
4aa66767-a2e7-4a97-9a40-055dd93765c1,Spain,Ball Receipt*,Daniel Carvajal Ramos,0,0,70.92420533246843,50.98474448073447,25.870547564696796,4.812510264516101
4ad0a8b0-8b9f-4d82-a2c2-dfa254e1d882,Spain,Carry,Robin Aime Robert Le Normand,0,0,48.61385551767697,57.79785221220855,26.418755855937732,0.0
4ad0ceca-808b-49e2-b274-15e0ccb512e2,Spain,Pressure,Martín Zubimendi Ibáñez,1,0,61.360415071122695,34.84059734268892,37.37131673703736,0.0
4ada3368-3de1-4c6a-a9a8-e263da67fa96,Spain,Ball Receipt*,Daniel Carvajal Ramos,0,1,56.439420638430065,48.200455741303415,28.406238504684747,4.482004601482096
4add1084-c6ff-45d2-b0a1-29a9159dc22c,Spain,Ball Receipt*,Unai Simón Mendibil,0,0,13.122672642741563,55.80034823402612,38.329705909701005,9.736213199750512
4af7528b-3726-4123-b784-15d4b2028ffe,England,Pressure,Kyle Walker,1,2,48.84334691004195,46.49901507369495,23.44346023998111,0.0
4b01395f-f73a-44c2-963c-fed4a8f5a869,Spain,Pass,Daniel Carvajal Ramos,0,0,70.42615249756813,32.761590835610335,18.036848019929625,0.0
4b03376b-6176-4c6c-911b-5a15e267bce1,Spain,Ball Receipt*,Robin Aime Robert Le Normand,0,0,31.34681715332485,61.334522022672,34.617880064820405,10.175597424220065
4b04ee71-4766-4ec0-afdd-8c62fd8bfbfd,Spain,Block,Fabián Ruiz Peña,1,2,53.4074050968638,48.613528755129565,26.09555042721711,0.0
4b2e3f20-1de2-4935-9613-5f9fec20b7b0,Spain,Carry,Aymeric Laporte,0,0,35.58024000277065,56.915364660414696,35.53812474006822,0.0
4b5bcfab-0d19-49f0-89ef-5bf678a54a18,Spain,Carry,Daniel Olmo Carvajal,1,0,58.16875666476296,17.07202888763726,13.810599477736561,0.0
4b76d8e7-0b85-42d7-9543-de82b78a5ca7,Spain,Carry,Martín Zubimendi Ibáñez,0,1,37.432574315610715,65.25774299522703,31.382386999031876,0.0
4b9b21da-7574-4894-a333-3c275ab35b1e,England,Pass,Jude Bellingham,1,1,24.62881916432969,60.73950685317443,34.71082727497562,0.0
4bad319b-d344-4570-9f55-8c5dc06dc1be,Spain,Pass,Aymeric Laporte,1,1,80.29146401889085,63.704768345927455,20.616051269836262,0.0
4bdb1f28-36cc-4273-9100-093808194fde,England,Ball Receipt*,Marc Guehi,0,1,39.565076942302376,65.82508154548647,28.578453237295957,5.690813601741885
4c11c64a-d91d-4b6a-897b-964797acbebe,England,Goal Keeper,Jordan Pickford,1,2,5.712041798834341,29.05643004313099,11.600263050413545,0.0
4c1ea3ef-a760-42f0-8294-18e2a78b7dd0,Spain,Pass,Álvaro Borja Morata Martín,2,2,37.09234948699647,41.672212386158044,24.210713842218595,0.0
4c254f2d-8aaa-4783-be24-41364372c2ab,Spain,Pressure,Lamine Yamal Nasraoui Ebana,1,3,12.940703691028244,32.45687933388912,19.945735345968885,0.0
4c2f84e2-fbe4-4038-bb17-4f9cf22d1bba,Spain,Carry,Robin Aime Robert Le Normand,0,0,48.47728185561949,64.63090118168327,28.732986101886407,0.0
4c3001ff-db83-4e9c-8502-76b83f4ad281,Spain,Pass,Marc Cucurella Saseta,1,1,37.68229417501064,47.80322026873248,29.771604116009957,0.0
4c3cf0fd-4574-4bf3-8f2b-220d7c6e7088,Spain,Carry,Lamine Yamal Nasraoui Ebana,0,0,62.032200783376474,58.57327292592295,22.579396629868977,0.0
4c4269e1-ac6b-4516-b663-ef76a27058d5,Spain,Carry,Fabián Ruiz Peña,0,0,26.850359157821295,50.801928881382715,22.202030207686153,0.0
4c535531-8e3d-4923-b04b-42253508ff20,Spain,Pressure,Daniel Olmo Carvajal,2,0,81.8051132413429,26.174041106345083,14.894828611662465,0.0
4c797e9a-20c1-441f-a548-4808370d7cd2,England,Carry,Marc Guehi,0,0,31.557469426743253,51.36533453021278,25.21382479633514,0.0
4cc2358b-1be6-449d-8a9a-ad865c107666,Spain,Carry,Rodrigo Hernández Cascante,1,0,63.03326823886473,54.47963440320978,28.46518042670913,0.0
4cc23941-bdad-4715-9005-0d54c9cdd7c3,Spain,Pass,Robin Aime Robert Le Normand,0,0,50.21219574191716,60.442922989622794,31.84320275119302,0.0
4d07fee0-e55f-488b-92be-583be6b5354f,Spain,Ball Recovery,Robin Aime Robert Le Normand,0,1,16.783023456102388,30.827326193295676,25.898161676487273,0.0
4d0b0dcb-cbfd-4e18-88bb-32f9b135ccd4,Spain,Pass,Daniel Carvajal Ramos,1,1,55.25752748932394,50.84829838257363,29.497185926969586,0.0
4d277e6e-9325-4aac-87b6-7254aba3cbc2,Spain,Ball Receipt*,Aymeric Laporte,0,1,35.455914992419274,63.107095021306044,34.38187106174783,3.951948718495915
4d44a792-4750-4f3c-8c89-320e583057f0,Spain,Carry,Robin Aime Robert Le Normand,0,0,41.64007831895988,54.07630711399452,42.26602357411264,0.0
4d45ff33-aa8a-4294-9c07-2bc764c2b73f,Spain,Ball Receipt*,Martín Zubimendi Ibáñez,0,0,75.03929514637676,44.79551600192002,23.32637429193318,6.6471795395162925
4d59a256-f08e-429f-804b-bc1cc7be73d8,Spain,Ball Receipt*,Aymeric Laporte,0,0,22.09546517992974,66.65631331066417,36.367181618412346,5.344687559440685
4d99f1e6-987d-4bfb-ab7c-c62aff2aea39,England,Pass,Declan Rice,1,1,57.910857643903995,54.0952627321868,33.71480890206919,0.0
4dbc8914-5996-4726-b4b4-cea107efeaec,Spain,Ball Receipt*,Marc Cucurella Saseta,1,1,78.35960610047243,44.380254064763996,16.379554097558746,9.039391020806079
4dc6d758-76d8-4ec3-a223-1795a2d85055,Spain,Ball Receipt*,José Ignacio Fernández Iglesias,0,0,43.670175832071656,49.73920414152753,37.54363105859632,2.2019057806711944
4df5f664-e195-4e0e-93b0-041ccf7a46d5,England,Pressure,Bukayo Saka,1,4,40.40708762795651,44.78146779448639,25.431843758316884,0.0
4e0394ff-5d38-43da-82f5-d16f27ab2a4e,Spain,Pass,Fabián Ruiz Peña,1,1,65.68718197836895,23.201924806807266,30.388734288310722,0.0
4e06e209-592c-4773-861c-c23afdfbbddc,Spain,Pass,Daniel Carvajal Ramos,2,1,68.60123797920431,40.786323853352826,20.683880164849192,0.0
4e0b58f4-24a8-4ddd-b709-d71832480808,England,Ball Recovery,Bukayo Saka,0,0,90.6859728921233,41.49478081971248,22.58120922033265,0.0
4e76a3c6-5cc0-40b6-9965-d00ab2a7df73,Spain,Pass,Robin Aime Robert Le Normand,0,1,51.42348218937308,39.674788618993155,26.389390088143266,0.0
4e787332-4846-4a33-bd28-26b68fa1a615,England,Ball Receipt*,Jude Bellingham,1,1,25.268899861961525,60.73950685317443,34.710827274975614,0.0
4e9c3d1d-4cd4-465f-878a-0635fa6e03aa,Spain,Ball Receipt*,Robin Aime Robert Le Normand,0,1,69.61551913313903,44.567614126052355,28.23384269364205,11.20670841569463
4e9d5ab0-8d9c-408b-b5a4-886e333b239a,Spain,Ball Receipt*,Daniel Carvajal Ramos,0,1,13.529815788499944,62.76216513412861,37.728157876425236,5.041826243566342
4ea00979-f4e5-4ce4-904c-d190652c794b,England,Pressure,Phil Foden,1,0,36.34600983800038,43.80299811334645,20.570860793381115,0.0
4ea2b146-9c75-4777-9de7-54d20b073f60,England,Carry,Jude Bellingham,2,0,8.132809064375122,34.000399537235204,15.342407952481203,0.0
4eabdbad-b857-4ca2-ae81-a46115f433c3,Spain,Ball Receipt*,Martín Zubimendi Ibáñez,1,0,44.87242627702569,60.554877575714464,26.477672816948335,5.148326596453016
4eb0fdb8-c2c3-49ee-8e4e-13a248e35ac7,Spain,Ball Receipt*,Daniel Carvajal Ramos,2,1,26.43547029067408,36.70075258663472,27.287521521116734,0.0
4ebbed53-8733-4030-9119-69b78850604d,England,Pass,Phil Foden,1,0,85.07940168672555,43.29876762231266,10.708684809877877,0.0
4ed76017-8eb8-42d5-bd53-4e62b04fbe12,Spain,Ball Receipt*,Álvaro Borja Morata Martín,1,2,58.64108155673127,53.07161603851363,20.976949008541034,5.532466988691618
4f0000ba-70b8-4767-8594-8c82fc7c00a6,Spain,Ball Receipt*,Martín Zubimendi Ibáñez,0,2,51.35009435467994,63.600593423729556,32.17470806470698,1.544577368974356
4f0d59d4-38ab-46c4-9d98-d22d5e3312e4,Spain,Carry,Fabián Ruiz Peña,0,0,51.089462986433354,55.06072044596662,29.536005165975872,0.0
4f101a09-87c6-4026-aae2-cbb106d5a590,England,Pass,Phil Foden,1,0,71.31407346650468,30.111421715224274,6.9735007913618965,0.0
4f40a964-a78e-4953-a9a6-56c2e2f5f1ed,Spain,Carry,Marc Cucurella Saseta,1,2,65.92673464795607,60.5358148337234,17.04707202274974,0.0
4f5a46bf-0006-4add-b609-01d1733df012,Spain,Pass,Robin Aime Robert Le Normand,1,0,32.973671974018906,61.61465451758361,29.775080744580276,0.0
4f70d530-6841-4686-b1fd-1576f79e2c35,England,Pass,Marc Guehi,2,1,68.01971888513349,50.43144144052071,25.0361183262099,0.0
4ff935fb-f2ee-4841-a128-9f215adb5c46,England,Ball Receipt*,Phil Foden,3,0,84.14588129371501,25.5024045323903,20.21563959200682,2.4345869271836857
50033355-51cb-4fe3-9767-2ae20302381e,Spain,Carry,Daniel Carvajal Ramos,0,0,73.59174475528917,50.570980469043604,20.86533184054715,0.0
50035913-5351-4c5c-ac44-652fe6875dcc,Spain,Carry,Fabián Ruiz Peña,1,0,74.71191204730015,25.06451901884229,33.92751730633498,0.0
500ad638-dba3-4a46-9872-b5e961591d79,Spain,Pass,Fabián Ruiz Peña,0,0,63.63009404331771,62.39958784885916,24.759740019874137,0.0
5028b5d1-c867-47ac-9bb9-1daf64262b9b,England,Ball Receipt*,Jordan Pickford,0,0,15.721639185490098,46.35094667070584,43.25526474366312,6.503102912653155
504a2d00-9cef-417d-abb0-b4b8f8b97d5a,Spain,Carry,Marc Cucurella Saseta,0,0,69.03856973476088,50.556337936793255,18.778414716249017,0.0
506cf9a9-a82e-4c85-97db-0299d74d15c8,England,Duel,Kobbie Mainoo,2,2,41.60139193897513,43.564238222120494,27.271207890998312,0.0
5083a46d-b25a-4f90-ad65-dd7a36e8561d,Spain,Ball Receipt*,Robin Aime Robert Le Normand,0,0,25.913367704317487,53.437678227049375,35.53351273074623,0.0
508c487f-f301-4ae1-b2d2-ec5988212af4,Spain,Ball Receipt*,Martín Zubimendi Ibáñez,2,1,35.17849657272401,33.954801066140114,17.049883482814458,6.278564179447488
50abba21-db6e-4c46-b96c-9db44a262952,Spain,Carry,Robin Aime Robert Le Normand,0,0,26.664042666848644,59.00864924510337,38.68642954212427,0.0
50ac887e-0642-4280-af4d-e4cecba77635,England,Pass,Marc Guehi,0,0,13.68877139903209,54.15912109950064,35.80534046998911,0.0
50c8195d-628a-4e03-a48a-12524c5a8b67,England,Pressure,Luke Shaw,1,2,40.91576108803909,30.398150676298645,7.398294740250093,0.0
50e71e04-c3a0-46e1-afb7-5ecaf6d559d5,Spain,Carry,Robin Aime Robert Le Normand,0,0,59.44525067067434,47.16315935134932,26.08984167028203,0.0
50ef01f1-9fb3-49ca-94cf-2a29576d29c1,Spain,Pass,Lamine Yamal Nasraoui Ebana,1,0,57.91915180659856,22.507568528241475,4.7150960734281915,0.0
50f8b7b7-1d18-419d-abb8-ac884928ea68,England,Pass,Bukayo Saka,1,0,74.04416136959617,47.169051498040254,23.88169551378614,0.0
5102c794-b247-4630-86b2-651874222579,Spain,Pass,Daniel Olmo Carvajal,1,0,72.5384175836767,44.13573895214934,6.115004299761981,0.0
51203b90-78ec-4e41-9851-bd1ab821b212,England,Carry,Declan Rice,1,2,7.7943902455997724,25.151269120121604,17.591972357608274,0.0
5148a0b1-4bc5-4b5c-b524-a16caaa51510,England,Pass,Jude Bellingham,2,1,78.30341173777305,49.52719718399102,24.350849183910565,0.0
5165ff08-19cc-4393-937f-388bc2d1ed79,Spain,Ball Receipt*,Rodrigo Hernández Cascante,0,0,62.52461930238859,50.7882680753096,26.725654856758617,0.8995820067913022
518c9926-205d-4a50-af59-382122b4b3f7,Spain,Carry,Fabián Ruiz Peña,1,0,78.8591961969411,44.3139118722588,17.746217305651996,0.0
51a2d0af-8990-414e-a592-f1016eaed001,Spain,Dribble,Lamine Yamal Nasraoui Ebana,1,0,28.099260520703748,55.63464837916218,26.91293169623209,0.0
51aaf371-78b0-4af6-9867-d6a0214e7082,Spain,Ball Receipt*,Lamine Yamal Nasraoui Ebana,1,1,75.79915330539443,31.183279429629106,13.863057823501864,11.547957607855437
51aebac8-4cf5-458d-95b6-2d616c74c001,England,Carry,John Stones,0,0,13.291668430764165,32.551935887263475,34.98958699676165,0.0
51b84f30-ab90-4cc3-934d-4578d1c0e9cb,England,Pass,John Stones,0,1,9.011502983853998,44.6544902394301,18.50704913389909,0.0
51c06f2a-2a4c-41f8-ab6c-0dfb62d648fd,Spain,Pass,Marc Cucurella Saseta,0,0,81.9671038640584,38.36231482369894,15.18271802070184,0.0
51c8f3c5-4446-464b-a394-645028248a28,Spain,Carry,Lamine Yamal Nasraoui Ebana,2,0,67.07886216678072,52.27031727967551,20.899770473565216,0.0
51d79152-a4c6-4766-b98c-0382ee4cac2e,Spain,Ball Receipt*,Robin Aime Robert Le Normand,0,0,25.102000763224886,64.35124719346487,33.383643546968166,0.8611610031047123
51e0ae06-3766-47c4-8435-406d5ab24e2a,England,Ball Receipt*,Phil Foden,1,3,20.893208215105687,27.182630539846844,21.61802573464757,0.0
51e50b9d-87e4-4b8c-b0b2-932b052174c7,Spain,Pressure,Daniel Carvajal Ramos,1,1,92.45713945544476,44.38688637001441,19.144376656926497,0.0
5206218a-1972-448c-b559-9868b1b5de96,Spain,Ball Receipt*,Marc Cucurella Saseta,0,1,68.4334155615343,54.64375618634111,22.235968678326998,1.8436356210601477
52443cff-02ad-464c-9353-ebf11ba655cc,Spain,Ball Receipt*,Fabián Ruiz Peña,0,1,64.21950615737903,54.13472621380011,25.557392692672053,1.994583525037243
524eb2c2-ed35-49ff-a46b-beba71a60a69,Spain,Carry,Marc Cucurella Saseta,0,1,68.4334155615343,54.64375618634111,22.235968678326998,0.0
525ba1f7-da38-4238-a0cb-c0e042e93cae,England,Pass,Jordan Pickford,1,0,7.746521736857469,41.46272886362792,35.53910971934332,0.0
526d1caf-e4d3-4e3a-9de4-eec417744baf,England,Pass,Jude Bellingham,2,1,66.71261701040436,31.31262120842515,21.959359232113727,0.0
5276abe5-c5c7-4f52-a417-1316db0af36c,Spain,Pass,Aymeric Laporte,1,1,69.7250166244785,61.942850197855236,20.489964586902158,0.0
527dd0b2-eda4-4bad-8655-5040229f3d2f,England,Ball Receipt*,Kobbie Mainoo,1,0,29.403148576420946,46.5005679142515,33.38017581176125,5.273010787114274
52b86481-4593-4a3f-a2bb-768d2f8dd96e,Spain,Ball Receipt*,Aymeric Laporte,0,0,64.91310336786115,53.70099590071939,25.90533163867743,0.9523181419607173
52c32ea7-7e17-45ad-a30f-46465054ef88,Spain,Pass,Aymeric Laporte,0,2,33.92523933202455,55.68340615780694,35.05019772191122,0.0
52c37c3e-fc7e-4348-90e6-d8ed2463baee,Spain,Ball Receipt*,Daniel Carvajal Ramos,0,0,61.135077053800565,50.523344323866404,17.632505252733004,1.0875769257552907
52c8e758-54d7-48c7-97fb-03819359949c,Spain,Pass,Aymeric Laporte,0,0,47.31998104198261,50.4298469710712,30.420099806366576,0.0
52d19dd6-b895-4eb3-8963-710f95d695c0,Spain,Ball Receipt*,Robin Aime Robert Le Normand,0,1,16.471308097157493,55.5250805009824,33.051387509655946,0.8360422340095159
53301e8f-58c0-4f33-8f96-953e221956c7,Spain,Ball Receipt*,Daniel Carvajal Ramos,0,3,44.65183585067437,58.397661895067706,34.64816403629506,5.172416892890817
533625ce-9c88-454e-af7d-a44d7d339769,England,Pass,John Stones,1,1,61.613611806267095,51.05560156685009,35.307224421107456,0.0
533be023-aa6e-4dda-ae9c-01677e6f12f2,England,Ball Receipt*,Jude Bellingham,1,0,40.6052518122697,38.16878883930667,24.499479308740828,1.6968833766145766
53492ba1-7656-4d06-86ce-9b085471276b,England,Ball Receipt*,Kyle Walker,0,1,35.80022998297073,47.256631218435544,40.21908186920699,1.7709585873288394
534f040c-b7b8-4655-97dd-34bf872de02a,England,Ball Receipt*,Phil Foden,1,1,44.165344949094575,28.925881985033893,14.738887344452799,0.0
536d8665-e967-420c-8859-13c873f86097,Spain,Ball Receipt*,Rodrigo Hernández Cascante,0,0,31.20751150906695,58.53889485106642,32.50320250353119,1.4724740663252749
53ad9dcd-d358-4f85-a2b8-7a89d324cdde,Spain,Ball Receipt*,Aymeric Laporte,0,0,47.83671319393359,54.281993398259964,28.53202839336928,2.999612465283508
53bb5ca8-4d5d-42e4-814b-d86f24a76bfa,Spain,Carry,Robin Aime Robert Le Normand,0,0,47.52809424908303,63.79227832407235,35.323145802437224,0.0
53ffa15c-ae50-4d8d-96ec-4e273a75910f,England,Ball Receipt*,Phil Foden,1,0,39.61533075545421,35.161169192967044,24.35371826923073,10.284194390010375
54013586-a2be-438b-b6a4-bcb81a210b9e,Spain,Ball Receipt*,Álvaro Borja Morata Martín,1,0,49.46360366092141,51.30678206932922,21.02143921596876,2.014274646164881
540e03e8-5ac6-458c-ad72-0fc9bc088fab,Spain,Pressure,Rodrigo Hernández Cascante,0,3,32.217971692930995,38.70712252918659,25.752962729476057,0.0
540e7ddf-44b3-435f-a4fe-5dbdf522d835,England,Pass,Jude Bellingham,2,1,68.67517580467161,44.19843114653684,24.44467730306079,0.0
54377728-6c20-46e3-b9c1-3ce40bc4a01c,England,Pass,Marc Guehi,1,0,22.216875103761957,55.67218745648394,43.854966072205684,0.0
543e0b5a-90b5-4da0-81ab-8399c37d644a,Spain,Ball Receipt*,Daniel Olmo Carvajal,0,1,59.85428084433745,57.43437766010834,21.500902428068763,0.0
5454d152-b26b-4118-b155-6fc0191db3cf,Spain,Ball Receipt*,Álvaro Borja Morata Martín,1,2,8.944572204794298,14.16066087771492,18.171340349127338,0.0
5476e584-0675-4d2a-ab01-c1611eb48580,England,Pressure,Bukayo Saka,1,3,45.08918225323579,48.92751752449048,22.242166646332766,0.0
5487af99-a1e2-4dbf-9c55-43d7260874df,England,Pressure,Marc Guehi,1,0,11.780156280764285,36.467944655656176,27.082016592457485,0.0
54aebbb4-4cb5-414e-a23d-d3f9f4698862,Spain,Carry,Daniel Olmo Carvajal,0,2,71.65700040569521,55.886521116053316,20.793842817714104,0.0
54d8f684-de23-4cd4-bcd8-759f055ca4af,England,Pass,Marc Guehi,2,3,32.135938562179746,43.03231486608598,16.901104782000267,0.0
54ed3c35-8330-4b78-86ab-872e1aaba45e,Spain,Pass,Martín Zubimendi Ibáñez,0,0,76.50326411686035,47.219874193828446,21.56961720374133,0.0
54f38129-9bf5-43c2-88d5-bdd72f8398c2,Spain,Carry,Fabián Ruiz Peña,0,0,74.02626656807642,48.12958118152084,26.462758456083073,0.0
550a42a0-c2ee-4ce7-b4f8-a9457d442d4a,Spain,Ball Receipt*,Robin Aime Robert Le Normand,0,1,40.252785672576145,59.75421615521953,31.4137996343425,1.6353075738070189
55208b6e-d847-4a73-93cd-8bf0e9d61bef,England,Carry,Jude Bellingham,0,0,59.66799378759309,30.086934319370577,24.020888688663156,0.0
55276290-a4be-4d29-972d-a996549a9641,Spain,Ball Receipt*,Daniel Carvajal Ramos,0,0,15.720426233385682,60.51034649667994,32.17397134649489,1.1982068696149843
555f3576-5151-4f96-99f2-c2e9c0ce833f,Spain,Ball Recovery,Unai Simón Mendibil,0,1,44.803223107330915,33.18564802969515,30.656595086270652,0.0
55621740-0a24-404c-812c-9b4c44d306a1,Spain,Ball Receipt*,Robin Aime Robert Le Normand,0,0,68.31858364304806,62.83155530679913,31.520997848812264,8.83136636582294
556c49cc-f635-4090-af03-7ea11468e3bc,England,Carry,Luke Shaw,0,0,71.09037788496707,44.11554113865716,19.487587616174537,0.0
55930ecc-e79d-4e75-9bd4-ce60af0843f8,England,Pressure,Jude Bellingham,1,0,49.76744665673958,23.1039242190544,15.169569290199155,0.0
55942e43-9d9e-41c2-880d-559391291d0e,Spain,Ball Receipt*,Mikel Oyarzabal Ugarte,1,0,92.5030716302836,22.614421667958947,20.924540678467725,6.492421018749384
5594a635-e9f3-436e-9d3a-c01a99f3789e,England,Ball Receipt*,John Stones,0,0,21.41840005861913,65.55565194313291,38.5288622171033,1.813647172904358
55a6d1a5-5d53-4317-b002-67b45a2002d0,Spain,Carry,Unai Simón Mendibil,0,0,58.62452197018317,31.826580984237957,55.83648390133576,0.0
55acab7b-d040-4dfb-8631-e03a28dd351b,England,Carry,Bukayo Saka,0,0,76.75053550702482,52.700399574071234,19.987685163306704,0.0
55cef026-8c40-449b-8f75-fc7e3157a45c,Spain,Ball Receipt*,Daniel Olmo Carvajal,1,4,23.931947544038103,38.607799411711355,16.945827917212274,0.0
56015b8a-b07f-4362-a2fa-6713900922a7,Spain,Carry,Robin Aime Robert Le Normand,0,1,15.106046422138407,62.24966419491915,33.98914120107044,0.0
560f3e48-c8dc-4cc8-b9c1-75e3d03e573f,Spain,Ball Receipt*,Álvaro Borja Morata Martín,0,0,64.86543971116379,18.643088785764952,17.65649949316292,3.4731564357406857
5615aea3-8769-49ab-8e76-7ab9ee4bc688,England,Pass,Marc Guehi,2,1,58.46383667912729,33.85089127742435,31.268928946254366,0.0
56234c84-72f7-4ef1-ae13-9730fedc6a12,Spain,Carry,Aymeric Laporte,0,0,64.79304178582973,54.12376483220485,27.99527577003435,0.0
56474ff3-31d2-40e7-adc8-7d96ed2109e9,Spain,Pass,Mikel Oyarzabal Ugarte,1,0,60.63661671540901,37.196275078161406,12.919005604828035,0.0
566486ca-ca55-49e7-9850-4122f69a832f,England,Ball Receipt*,Harry Kane,1,1,60.19391195784019,27.970928391828846,24.70435716145498,0.0
566f45e0-d43b-4d15-802a-b699a65ed88b,Spain,Ball Receipt*,Aymeric Laporte,0,0,52.063053004045166,62.07246499364302,34.486609956603495,18.193760256868583
56726616-9b2d-4db6-8f65-7777a2ddaf0c,Spain,Pass,Robin Aime Robert Le Normand,0,2,24.96185073130844,64.06431747875985,18.838647666376495,0.0
56964994-4642-4bfd-87cc-e7be243a9151,England,Pass,Luke Shaw,1,0,74.16389724949033,46.23761695984172,19.24266877283039,0.0
569db3e0-7d0f-4776-bd10-9aa749aa0347,Spain,Carry,Robin Aime Robert Le Normand,0,0,25.913367704317487,53.437678227049375,35.53351273074623,0.0
56ac3209-7f20-4f21-9440-ee696caee7fa,Spain,Pass,José Ignacio Fernández Iglesias,0,0,64.40531563083681,59.0729701921427,21.57206923588031,0.0
56fed991-a9a8-47a4-a181-e23d164fc7e2,England,Pass,Jude Bellingham,1,0,31.098807325983284,56.84688900555271,24.61974400026099,0.0
570065d9-40ca-4ed5-9a3c-b0544e0481d1,Spain,Ball Receipt*,Aymeric Laporte,0,0,62.64385865703814,55.55411822018229,28.651705931568596,1.5205267144379304
57089562-cec5-45ad-9358-770de41e8365,Spain,Pressure,Rodrigo Hernández Cascante,1,0,50.629026800469305,44.310876700628086,32.999643913736655,0.0
5733c146-42c5-4304-a8d1-e5cb128bc40c,England,Pass,Kobbie Mainoo,3,0,23.402972278149704,38.213151214031036,21.25269472261,0.0
576ed507-78eb-4269-8eec-6ad513257959,England,Ball Receipt*,Harry Kane,1,1,60.260994448289516,40.03910212089324,39.370938658545676,0.0
5786ebef-ba1e-46e8-bb82-2e64e0fa4ea8,Spain,Pressure,Nicholas Williams Arthuer,0,2,31.3440097649001,42.16756228725645,25.653199641216062,0.0
57ba09f5-8cef-40a2-8bb2-2ee97e32a5cb,England,Pressure,Kobbie Mainoo,1,2,53.13435378722459,38.90256498794617,35.99953613502914,0.0
57e84566-9f4a-4b93-81e8-11e679d996dc,Spain,Dispossessed,Fabián Ruiz Peña,3,0,67.67040490111276,40.79959097460815,22.068814334739955,0.0
57fa060c-8d5f-4ff8-a13e-9761c8d3dba3,England,Clearance,Luke Shaw,3,0,0.46711694150293753,22.7184953599617,11.898231234233917,0.0
580a4fa4-4719-4c1b-8c6c-fe5cf95294d1,Spain,Pass,Rodrigo Hernández Cascante,1,1,59.45594738136652,50.61185809241692,29.239418208239016,0.0
580c41f5-e02c-4907-8436-9fea4f99ae00,England,Carry,Jordan Pickford,0,0,11.305541971755392,51.411528179400804,30.976581581278644,0.0
580fd1fa-606d-4b07-a1ed-46122e11c3cb,Spain,Ball Recovery,Aymeric Laporte,0,0,46.00383159862916,31.3503141105609,13.550868434038085,0.0
584dc1cf-64c8-46c0-b049-09ea1752563b,England,Ball Receipt*,Jordan Pickford,0,1,28.138495432870908,58.199028320367916,43.616557597476294,7.7671366648815034
5858f16a-13a4-4eef-bd92-a58365aa01d4,Spain,Ball Receipt*,Fabián Ruiz Peña,1,2,51.68626727586952,63.68632710962104,29.240485552850814,3.309925174668097
585f460a-f3a9-437c-88f5-1d9bb307c913,England,Ball Receipt*,Jordan Pickford,0,0,16.56731082800096,38.04095127161961,34.14855346177109,12.269496699675377
58756b94-055c-4902-ac81-b44f3e2ea303,Spain,Carry,Robin Aime Robert Le Normand,0,1,40.252785672576145,59.75421615521953,31.4137996343425,0.0
58bceb39-da34-4702-b97e-1b97a4c3ffc3,Spain,Carry,Nicholas Williams Arthuer,0,0,78.36744329615854,35.94655728967493,10.412480233753245,0.0
58cc6336-e4fb-4910-b45f-60d781d945bb,Spain,Clearance,Daniel Carvajal Ramos,3,0,7.718133351667325,22.122301167313886,20.734305834618183,0.0
58debc37-7d42-46af-a8a9-f0b72a11fe43,Spain,Ball Receipt*,Robin Aime Robert Le Normand,0,0,42.32148348427047,68.62459301114039,31.19462224794603,5.040312302316655
58dec9f0-5a28-417f-954a-306d98d9cbd1,Spain,Ball Receipt*,Nicholas Williams Arthuer,3,0,77.96305828184678,32.80812929026418,13.943165560783964,1.625119276986804
58eba718-23f8-49ba-874e-15f71a85e68c,Spain,Ball Receipt*,Nicholas Williams Arthuer,1,1,49.89726652835407,62.181967673349405,34.99245912529525,4.9453545922958915
58ebe13e-2d82-4776-a209-5993cb1b0b14,England,Pressure,Marc Guehi,1,3,16.583276870034354,16.19853853914323,27.37809113408034,0.0
590c786d-8c48-4242-8f24-5151247be75c,England,Miscontrol,Kobbie Mainoo,2,1,16.831092759171934,34.67785011156998,30.819637139327252,0.0
59111734-961e-4ac6-bfc2-ae2d717a7e7d,England,Carry,Marc Guehi,2,1,87.2707576827898,39.42637558649935,10.92974925915489,0.0
5918ee1b-5dc5-476e-9b12-b84e8ab08231,England,Goal Keeper,Jordan Pickford,0,1,12.856983204399272,12.431770038553818,14.153369869460631,0.0
593eee03-8f03-477d-ac91-8fe6b917fae2,Spain,Ball Receipt*,Álvaro Borja Morata Martín,2,2,37.275226696469126,41.672212386158044,24.210713842218595,4.545353461683733
597a9025-1ab6-4343-b6cd-ed089be7261e,Spain,Ball Receipt*,Daniel Carvajal Ramos,0,0,88.92424188964755,41.73211911925675,13.005573329074014,4.273236014962334
5999f8da-e57e-40a4-9023-8abf05466c66,England,Ball Recovery,Kobbie Mainoo,1,0,68.45106297132982,25.17549379511928,18.759388983718782,0.0
59a01096-5d9d-4f00-937f-39c2e21fb67d,England,Carry,Luke Shaw,0,1,85.98822056132109,40.1829876339122,9.114231835625176,0.0
59b86876-d23e-4241-8a24-b86a90e52bcc,Spain,Ball Receipt*,Lamine Yamal Nasraoui Ebana,0,1,74.76194736882739,34.46792768865017,18.525241106178022,3.9916318879250126
59c864bf-1d5b-4fdd-85c2-c1992ef38703,England,Ball Receipt*,Declan Rice,0,0,84.68054432953413,35.6100422345126,15.328629061037603,1.4806434710934782
59d33526-5e07-48ce-b44c-15dee1957ee8,England,Ball Receipt*,Phil Foden,1,0,8.680798724149062,52.35761662316715,37.80366449436503,0.0
59decce2-98fd-4341-963b-0ed4d6b2a306,Spain,Ball Receipt*,Martín Zubimendi Ibáñez,0,1,74.63318330280549,48.731368795134856,24.49854650349323,3.914201787539492
5a0c1acf-5a75-4163-992d-2e0191cf1e56,England,Ball Receipt*,John Stones,0,1,17.38705437510247,54.59299378645986,40.20472099518092,0.0
5a1ff4f9-9090-4ba0-8e27-d4be893e5850,England,Pass,Jude Bellingham,1,0,21.291417520886753,39.425127347757304,6.916825603178143,0.0
5a76ccb1-4433-41e8-a21d-db2bb9cf4259,England,Pressure,Bukayo Saka,2,0,76.67018260164599,19.14479301592355,13.703054746645517,0.0
5a7c5c99-bcf8-4eb1-9a13-bd04fc40df01,England,Ball Receipt*,John Stones,0,0,18.491372732906864,55.28619196604159,43.27893596243017,17.542423808145923
5a8a7e89-9bf2-42cc-96cf-64db4668e3b3,Spain,Carry,Aymeric Laporte,0,0,64.91310336786115,53.70099590071939,25.90533163867743,0.0
5a9adac4-b227-4da9-9275-c60b28b09c9c,Spain,Pass,Unai Simón Mendibil,0,1,15.115839698815904,64.32419729567611,34.45743348424082,0.0
5a9d0cb9-76fc-4796-88b0-f87f20c5ce03,England,Carry,Marc Guehi,0,0,38.729518270702364,63.53852172677504,38.53046292577297,0.0
5a9de84c-ce99-4b05-8c3b-66f430fa4c72,England,Pass,Marc Guehi,2,0,84.9470409761825,44.12789069332515,8.693325015719273,0.0
5aa11767-1d4b-4e42-9235-49e289aec44e,Spain,Pass,Daniel Carvajal Ramos,1,1,69.87986120532173,51.49675372996754,22.762569908578943,0.0
5ab2e576-49e3-4d7c-8bc7-d483b73fac3f,Spain,Pass,Daniel Carvajal Ramos,1,2,51.723151940577566,62.22396703805928,31.747095809121202,0.0
5ab61490-ff9d-4ae4-af8f-201556a30bbb,Spain,Foul Committed,Marc Cucurella Saseta,1,1,71.16782393486046,37.94463435594644,23.05098549765756,0.0
5ac64d9f-abf8-4810-890a-8c9b32a19e2e,Spain,Carry,Daniel Olmo Carvajal,2,0,55.721547835751515,63.60257219039157,28.517697993567364,0.0
5acfc968-bd3d-45e0-9d88-f5bc0b1d3ee9,Spain,Ball Receipt*,Daniel Carvajal Ramos,0,1,66.55816958947091,49.32950205664603,22.273274407390847,5.628251620532295
5ae35bde-dd8a-471c-9b8b-7b6202fa4746,England,Pass,Jude Bellingham,2,0,83.0493240545578,30.405969533761166,15.583128047028307,0.0
5afa2017-3a5d-4765-b306-48475e3a4a46,Spain,Pressure,Mikel Merino Zazón,1,1,35.169731669537285,28.623020610785304,37.90875545052481,0.0
5afae2b1-6670-4eae-b7b2-bf73c9993baf,England,Carry,Jordan Pickford,0,0,15.67622497816332,58.05428733607793,33.78230890597642,0.0
5b0387dd-179d-4eb4-bab4-fe5c9b4277d6,England,Ball Receipt*,Jude Bellingham,0,1,57.23765363668653,64.74961081946356,20.940516573204505,0.0
5b2dda34-8fe4-48db-b983-dcec8a331d77,England,Ball Receipt*,Bukayo Saka,0,2,71.05072719167205,53.232433655734404,19.75293210379223,0.0
5b3cb924-a590-4044-8178-dba6c39a3797,Spain,Ball Receipt*,Aymeric Laporte,0,0,65.22588026670095,60.403900758661564,24.04580656734423,4.728041488269559
5b478d11-2442-4113-95ce-345e0f57737d,Spain,Carry,Lamine Yamal Nasraoui Ebana,0,1,62.52114729364065,50.71250773093585,23.51041186303879,0.0
5b4f2d09-483d-4328-a9c4-30d25224d2ae,Spain,Carry,Lamine Yamal Nasraoui Ebana,0,0,34.47100396349431,48.196846578501194,18.653550305063977,0.0
5b60394d-5722-4b0c-aa90-ced99cdbfa9a,Spain,Pass,Lamine Yamal Nasraoui Ebana,0,0,63.200303501498276,58.456155762555795,12.447273587646777,0.0
5b644701-1327-4fde-a266-94fc63ae9602,Spain,Ball Receipt*,Unai Simón Mendibil,0,0,39.48765104783526,45.705151354984075,40.42572622587889,8.88142055485626
5b6903ad-0b65-4977-91d9-e68367347692,England,Ball Receipt*,Declan Rice,1,0,16.94836689789637,52.48867310496899,22.163829613265108,2.6557377437019642
5b8e243c-d4d3-4d90-af83-f2fe42685b8e,Spain,Pass,Álvaro Borja Morata Martín,0,1,46.394072499744574,39.69832561025312,20.796373818513036,0.0
5be314b3-17b9-4303-97d9-4a6c8d9ae5ba,Spain,Ball Receipt*,Rodrigo Hernández Cascante,1,1,51.03256064309545,59.09349901062162,29.194660639314122,0.0
5c174960-fb0f-4ee1-86c5-fa019b33039f,England,Pass,Luke Shaw,0,0,69.79878489234801,49.81243999445037,31.820260658561008,0.0
5c215bb8-0585-4937-a6aa-af8ea452357a,Spain,Pass,Daniel Carvajal Ramos,1,1,71.08453204696366,48.60581532959484,24.192919268105392,0.0
5c4cac2a-47a2-4936-8d29-4c3d0f65beab,Spain,Carry,Aymeric Laporte,0,0,77.40676228938702,57.696807391055856,23.005405806774174,0.0
5c68b5fc-2da3-4f1a-86cc-15eb6c14bc26,Spain,Pass,Martín Zubimendi Ibáñez,0,3,26.18361949677395,43.156141492137074,24.93636749925482,0.0
5c7e38ff-280d-4e4d-9b49-5ed28ea86ebc,England,Pass,Phil Foden,2,1,54.23700433861625,60.66866330212671,27.532683584361514,0.0
5c913df4-5570-447c-9d12-a8cbc9799ead,Spain,Pass,Aymeric Laporte,0,1,62.956130552745755,65.03595147837632,23.598097150290673,0.0
5c935c02-d3b1-4155-b236-e2bafc6b9bbe,Spain,Pass,Marc Cucurella Saseta,1,2,32.51631468671704,36.2261637832177,18.35456975523088,0.0
5c9a0c2f-f4e2-4e05-b8fa-995f5ff36c63,Spain,Pass,Robin Aime Robert Le Normand,0,0,49.21132210274676,64.11143447652795,29.13617934784029,0.0
5ca7ed7f-c150-462e-9d61-e61a36235f79,Spain,Carry,Aymeric Laporte,0,0,42.73454911679971,63.11375343490011,38.230741898421215,0.0
5cc28c4a-ee47-4a15-989a-0f6000c24a63,Spain,Pass,Nicholas Williams Arthuer,2,0,44.25760450693204,60.69727937274966,31.60193001646478,0.0
5ce3f8f5-062e-4688-acc7-a246736d1d1e,England,Carry,Phil Foden,1,3,35.31716784320263,36.52867197297809,23.871393371689635,0.0
5ce9d1fe-1b80-4c45-a15e-12a7124cdd5c,Spain,Carry,Aymeric Laporte,0,0,25.796449750214638,54.02975656162629,26.11817746963633,0.0
5d266cb9-50c8-49d4-8ead-6e0a92ccd87f,England,Carry,Luke Shaw,0,1,28.9983213227617,58.40571485013636,39.43849796330428,0.0
5d557149-eede-45ae-abfb-a07f464d7062,Spain,Pass,Robin Aime Robert Le Normand,0,1,74.00048493703304,28.27366336900802,23.7977625650129,0.0
5d5ee797-7f90-407f-9549-6f340990c108,Spain,Ball Receipt*,Daniel Carvajal Ramos,0,2,66.24856343856797,52.441200231496545,20.981687826091335,5.164965550961914
5d6b957b-e905-41d4-acdb-5143306245a5,Spain,Pressure,Daniel Olmo Carvajal,2,1,41.12409739375155,52.37796761943569,18.859830056421426,0.0
5d77ffd1-970e-4b34-94b0-a4c2132bfc69,Spain,Pass,Marc Cucurella Saseta,0,0,63.66349532701915,56.52819578958863,31.771366206885606,0.0
5d9017de-eaf0-4940-bf7f-6e59a5906275,Spain,Ball Receipt*,Álvaro Borja Morata Martín,1,0,87.11411084092066,29.495019840493658,12.493935263726485,8.544630437701109
5dc9545a-1046-4674-b64f-b4af79fb4b6b,Spain,Ball Receipt*,Nicholas Williams Arthuer,0,1,70.78327267696234,54.37809006437065,21.903362872989852,3.5320772929073216
5dfe4d6f-0b61-4d3d-a89b-2ec55b8d950c,Spain,Pass,Unai Simón Mendibil,1,2,4.8593986656959025,60.63958993165381,36.287947718968034,0.0
5e00874a-3483-429b-9835-ff3e970c987e,Spain,Pass,Fabián Ruiz Peña,0,1,71.23630622856454,51.63602731539853,22.917619563987635,0.0
5e049e40-7814-435d-97e0-17c29bf76cba,Spain,Ball Receipt*,Fabián Ruiz Peña,1,0,78.8591961969411,44.3139118722588,17.746217305651996,0.0
5e0c8fb7-decf-4436-8671-165cf3e86695,Spain,Carry,Nicholas Williams Arthuer,1,0,71.84617117161757,54.41790502111806,24.70306945906634,0.0
5e37fd99-f753-4c45-b7e3-b7b7dc93eb54,Spain,Ball Receipt*,Nicholas Williams Arthuer,0,1,70.41273923973557,54.80117701064785,19.983080639622177,2.183808751463846
5e569c88-71a4-4c2c-8f60-abe0d5d5dd9a,England,Ball Receipt*,Kobbie Mainoo,1,0,81.60828572221806,30.26990434461709,16.861808650835375,2.0501512712391476
5e6c1ccf-13ab-4d6b-82e9-c3aad6f01487,Spain,Carry,Aymeric Laporte,0,0,43.28667596245616,64.0109977991723,30.185578782909555,0.0
5e9926af-73b1-4a67-a34e-a9e0be7ae2bf,Spain,Pass,Martín Zubimendi Ibáñez,1,1,67.01986070187,53.851804007372856,24.097938117139904,0.0
5eb44694-5c3e-40b6-b488-d70a48046879,Spain,Ball Receipt*,Marc Cucurella Saseta,1,2,46.38480831222993,49.64640005158552,22.629129359432508,13.754317875510699
5ee1cf49-dbcd-4496-bb4c-a3496277f32f,England,Carry,John Stones,0,0,57.698066946983424,36.64514315284951,31.927976397138483,0.0
5eedf289-4a3a-48cc-9b7d-5c067bc1835c,England,Pass,Luke Shaw,1,2,18.42273036132141,37.39307718601831,20.386521461599845,0.0
5eee5e14-a869-4b98-b211-c124a8276cfd,Spain,Block,Daniel Carvajal Ramos,1,2,11.599103897082012,33.37897403603944,10.873427888568619,0.0
5f0307a0-ddb1-4dbf-b110-104f1c24c59e,Spain,Carry,Unai Simón Mendibil,0,0,9.6213195614609,59.05383168326271,52.61070070581793,0.0
5f1a09ff-aaa3-4b11-b6f3-ecf2ea1071e4,Spain,Carry,Daniel Olmo Carvajal,1,0,62.77110455195367,23.823786512419524,17.60702944262719,0.0
5f356ef9-d1c2-4718-9ebc-e66d25b503b6,England,Pass,Marc Guehi,1,0,54.04773603956561,43.90446561349428,25.88762827388292,0.0
5f382bd3-1dbe-41d3-a705-bb378990c126,Spain,Carry,Lamine Yamal Nasraoui Ebana,0,0,65.0587522342522,43.21752966342344,25.629961584338016,0.0
5f665589-9abd-4bff-b9b7-252734942134,Spain,Pressure,Fabián Ruiz Peña,1,2,32.807764703455916,44.95440823513276,24.197943061541764,0.0
5f9ac265-2f2f-48c6-9cc4-c6ac0930530a,Spain,Pressure,Lamine Yamal Nasraoui Ebana,2,2,12.644987952734926,36.60238645647585,19.68390572007378,0.0
5fbcd6e6-445d-491c-8755-3531dbf0a499,Spain,Carry,Robin Aime Robert Le Normand,0,0,42.32148348427047,68.62459301114039,31.19462224794603,0.0
5fc645ce-98db-4c03-8b27-f8b6ebc2d481,Spain,Carry,Álvaro Borja Morata Martín,1,1,37.54165421880261,61.02490041494427,36.278769502235356,0.0
5fd4fa02-82b9-4c0a-a3f4-a3233f19c862,Spain,Pass,Martín Zubimendi Ibáñez,1,1,77.58729397338683,52.37876983059541,23.692232123977792,0.0
5ffade20-b28e-468e-b967-ef6bf0412e26,Spain,Pressure,Daniel Carvajal Ramos,1,0,48.33677308122891,34.258457817082956,29.86751615370647,0.0
601688d1-db9c-446f-b9cf-1a208708eca0,Spain,Ball Receipt*,Robin Aime Robert Le Normand,0,0,37.608408238267444,55.92319351567126,35.65655442988403,10.07086153005666
6042e693-abbe-42fa-8d72-908368c40230,Spain,Block,Daniel Carvajal Ramos,1,2,26.464967415590017,21.380855270232104,23.239890454226718,0.0
605fb788-fa23-424a-9bc7-573d938741d9,England,Ball Receipt*,Harry Kane,2,0,88.93515966376619,28.015982258477077,7.014769619963703,3.8313965230633578
60671527-e9d7-47a9-8160-c52c90cbd335,England,Pressure,Marc Guehi,1,0,5.249554140371071,25.632674876418772,27.166538390100875,0.0
6068bb4e-b681-4198-aece-9723ccea5313,Spain,Ball Receipt*,Daniel Olmo Carvajal,0,0,69.67397474043719,62.262020369917984,18.037046307859207,6.041596558330202
60811a8d-3c72-4c50-aa32-064ba6fd5747,England,Pressure,Ollie Watkins,2,1,83.56542607682522,46.57863305121506,16.18005510684647,0.0
6090734c-fe78-4910-8634-ffeb41d7e63b,England,Ball Receipt*,Bukayo Saka,0,0,81.70744880406438,48.64034391090745,18.26695831920644,1.4748989667737802
60aafcfd-69c0-40c7-94fa-349c6d6db482,Spain,Carry,Fabián Ruiz Peña,0,0,59.664803179014655,36.223229294276386,19.52987747235891,0.0
60b96fb0-27d8-4333-b07e-212bf9651615,England,Pass,John Stones,1,0,29.16976546190503,63.019133878671326,34.8035385255874,0.0
60c36104-882d-4ca5-b166-ddbdbe1cd508,Spain,Carry,Marc Cucurella Saseta,0,2,63.63115071126105,58.72566336353003,26.585206712598275,0.0
60cb97ea-d2b6-4074-9d16-3447a4a685aa,Spain,Pressure,Daniel Olmo Carvajal,2,0,75.25998869278177,33.200747645704695,7.569120486028492,0.0
60d950a1-b3e0-4246-bb75-2a9cc4c49dc4,England,Pass,Jordan Pickford,0,0,52.43439351311345,33.72314373774167,67.06856216159063,0.0
60dfbdca-1ecb-422c-bc27-5ddd84156bbe,Spain,Carry,Lamine Yamal Nasraoui Ebana,0,0,66.31503541352927,48.295046338252405,22.24082595973461,0.0
60f3f194-b6ed-411d-a4ea-4617b885b334,England,Carry,Jordan Pickford,1,0,1.2604100684446884,15.54266342932798,15.697158951248195,0.0
61012c28-fd8c-4c75-b79e-fd1dbe319ce2,England,Ball Receipt*,Kobbie Mainoo,1,1,55.43985852764751,60.77040081648243,31.10772335713988,0.0
610df37e-0438-4ab3-a657-b15810bf0298,England,Ball Receipt*,Jude Bellingham,0,1,18.435505481915357,29.128336015991348,21.72666941201501,4.010689178698772
611702d3-c859-4c4c-8ccf-04080599c6c4,Spain,Pass,Fabián Ruiz Peña,1,0,79.20202529818907,41.4230008218073,21.27839948688208,0.0
6122a33d-3ddb-4583-8d43-117cccb2cf5d,Spain,Pass,Aymeric Laporte,0,1,75.00118574079517,54.52867319816309,21.074042607131354,0.0
612d640e-c74d-4897-911c-8e42554747b9,England,Carry,Jordan Pickford,0,1,51.329160306974416,37.686984179337905,48.60775341692765,0.0
61311edd-192c-4e25-8dd4-8e036c8f91cb,England,Carry,Jude Bellingham,0,1,18.435505481915357,29.128336015991348,21.72666941201501,0.0
614c997e-08f7-4476-aa44-c2601e54541d,England,Ball Receipt*,Jude Bellingham,2,0,24.20339250295096,60.54356869560529,32.5857812157537,5.475148131755532
615971ef-aa1e-4198-951d-bfc3912855df,England,Carry,Jude Bellingham,1,1,53.027642551151025,49.65824094880826,23.088591398871287,0.0
6169d56a-fc74-498c-9f4c-f026c556be49,Spain,Pass,Fabián Ruiz Peña,0,2,66.10184642469494,43.44077226084624,28.691553194628007,0.0
61777db0-bc46-44d8-891a-d99c06f43b21,Spain,Carry,Robin Aime Robert Le Normand,0,0,60.62721833782564,57.01680922109241,32.05950075460394,0.0
617d01ef-8fee-4027-b8c0-dd146ec62139,Spain,Ball Receipt*,Marc Cucurella Saseta,1,2,65.92673464795607,60.5358148337234,17.04707202274974,0.0
618578ae-17d5-4652-af2a-6bd7e932bfc3,Spain,Pressure,Álvaro Borja Morata Martín,2,2,19.28859476421874,47.024020493721544,32.7700498625989,0.0
6186a7bd-45c2-44aa-b581-233d33f2027a,Spain,Ball Receipt*,Aymeric Laporte,0,1,50.74141053903559,43.06579893264012,25.888246721506423,0.5925348724364695
618b464e-3482-429a-bad8-49250d7a4f66,England,Ball Receipt*,Jude Bellingham,1,0,28.629864836388176,55.277452195376526,30.835334972956197,2.9895137808470857
61bb0123-257f-4447-8b78-f3726904f2b5,Spain,Ball Receipt*,Daniel Olmo Carvajal,0,4,9.411305057242139,20.77267807931911,16.49882141346356,0.0
61be0af4-4cd9-491a-bb1d-c4e5d1ee4750,Spain,Ball Receipt*,Robin Aime Robert Le Normand,0,0,53.56823784561974,60.63128546390227,32.17450953740416,7.716467363123748
61c574e1-09e0-48f9-ab03-a3407f675370,Spain,Pass,Aymeric Laporte,1,1,30.72849872188371,57.2609083048645,32.916804356260485,0.0
61deeeec-0203-4183-8c89-b65becec1d17,England,Ball Receipt*,Jordan Pickford,0,0,49.440537283717426,60.31362530324816,48.7302576017505,0.0
61e50b73-c022-4aac-b6b7-b89c97f286b2,Spain,Carry,Fabián Ruiz Peña,1,4,14.843580606824272,33.70403570106411,26.21499206494355,0.0
62213df7-39c9-4d98-aa26-57ca11ee4632,England,Carry,Declan Rice,1,1,52.31491159918382,43.196133450485924,19.72564604955768,0.0
622c33af-9d42-4e6f-8ba4-546d980b1eee,Spain,Carry,Robin Aime Robert Le Normand,0,0,29.11232484904867,63.725989192869896,34.3773192649298,0.0
62387c1b-d2a2-4ed6-b225-f2ea658e5464,England,Pass,Harry Kane,3,1,82.10867588628209,30.226548976987168,22.324549053276762,0.0
62418072-d4e7-491b-a7d1-6a48bed4d93f,Spain,Ball Receipt*,Aymeric Laporte,0,0,31.342375482911528,61.53761015069547,37.181428898284935,5.930110324658873
625ae4f9-7347-4271-b7f4-6a3421b107f7,Spain,Carry,Daniel Carvajal Ramos,0,1,69.9629993821519,57.16002958049632,23.621810182782863,0.0
628ffc38-4846-42f3-9d31-3ff51abf06e9,England,Carry,Jude Bellingham,1,0,72.28880262638947,44.587504091946066,27.115200073977988,0.0
62e736d2-ec34-4e4e-a58d-913e9e5e538a,England,Duel,Jude Bellingham,1,0,48.13503709655507,42.32225429287457,23.00775814421826,0.0
62f26bc0-8e29-461b-850a-e0c87f982ada,Spain,Carry,Fabián Ruiz Peña,0,1,92.98011997899663,44.22882733637298,13.8165296897185,0.0
630e7a58-2e48-4193-a014-013c1f72bf07,Spain,Carry,Daniel Carvajal Ramos,1,1,42.191935004204744,38.19003413478518,31.476280140297998,0.0
632584f7-23a7-4d12-8cf4-754563a5f62b,England,Carry,Bukayo Saka,2,2,22.720522229490975,24.48160913698601,19.377127369518885,0.0
63526441-7298-46d5-896c-c3d0d6b667f5,Spain,Pass,Nicholas Williams Arthuer,1,0,69.83352437833625,34.14097398272215,6.2001032255663935,0.0
6358fb22-2863-4ef6-9800-6e7f25377825,Spain,Pass,Aymeric Laporte,1,1,49.853810632173044,63.72168574117864,33.27119405369689,0.0
6376f52d-de33-4842-9619-d9734aa4e3d4,Spain,Ball Receipt*,Aymeric Laporte,0,0,37.52394161054434,61.370083655653616,33.70036400583486,3.6114648029898966
6378f98e-f13e-4142-a286-0e859b896f7e,England,Pressure,Luke Shaw,1,0,88.82883798665429,26.44701256212827,10.295670051964672,0.0
63fc0f94-ae30-45f1-b8b4-ffea9ad6d5ea,England,Pressure,Bukayo Saka,1,2,21.51301420196431,38.53133841389648,22.599741122701367,0.0
63fd3063-be7d-4b14-aa64-c53149ce34be,England,Ball Receipt*,Bukayo Saka,0,0,78.19389563049378,39.95312906590515,16.254183740427568,4.689168850979944
6414c680-c6d2-4860-9620-86c4ff0639e8,Spain,Ball Receipt*,Álvaro Borja Morata Martín,1,0,80.3529293920849,13.95974577443587,15.813195288006723,8.120146044611802
64203eaf-a63b-459c-af53-89ad485b56de,Spain,Ball Receipt*,Daniel Carvajal Ramos,0,0,32.530999113218876,56.43513498472591,34.0640677385458,1.7804302204613758
644c286a-c539-4715-9f83-7db70f179098,Spain,Ball Receipt*,Fabián Ruiz Peña,0,1,55.887248441195524,61.99500630819373,25.201638360394544,1.9062867317699137
6456eb39-e52f-4620-8791-935f0c5c8427,England,Carry,Jude Bellingham,1,2,55.424681101397454,35.641030896222915,33.712372922219096,0.0
6471de7a-3d85-46a0-b934-78fc0c55a58b,England,Pass,Phil Foden,0,0,93.39955548886677,37.82322012184317,12.034525161447704,0.0
648be997-d53e-4a8d-b944-febf47cb9306,Spain,Pass,Daniel Carvajal Ramos,0,0,56.18387477747285,48.56689103418185,28.867720824519804,0.0
64be8833-3591-4871-8253-4211ee73c6ba,Spain,Carry,Unai Simón Mendibil,0,1,21.05992124608779,35.10658072502031,25.682092168653778,0.0
64e7e679-4246-4172-b59e-56905a09ffbf,Spain,Shot,Nicholas Williams Arthuer,1,0,91.20539082689493,17.433439749523465,4.999237311788105,0.0
64f1333c-0a10-4eab-9f2d-afb955638227,Spain,Carry,Aymeric Laporte,0,0,43.537960507107634,56.11008732893574,27.095994426479617,0.0
650d04d4-6c1e-4bc7-9553-22dd9f336ad2,Spain,Pass,Nicholas Williams Arthuer,3,0,77.96305828184678,32.80812929026418,13.943165560783964,0.0
65432a13-08bf-43c2-96e9-7cfd9f95306b,Spain,Pass,Rodrigo Hernández Cascante,1,1,16.890113194986032,35.50449428812757,22.099712442048176,0.0
654a00c1-adaa-4f6f-9d79-e31460bd52c4,Spain,Carry,Fabián Ruiz Peña,0,0,41.93985860726049,55.53713359667686,39.816643553942015,0.0
65897fdd-936b-405f-adb8-da4f90578bc4,England,Pass,Kobbie Mainoo,3,0,50.13213284186202,45.704490479122015,9.469318548913431,0.0
65a81f2a-ed00-4081-abba-f76f7ef96069,England,Ball Receipt*,Kyle Walker,1,0,27.330906974147705,39.3302425269551,28.843571412127623,6.283627914394514
65b68b0c-b2dd-485b-b2e6-9b37d06f6bd2,England,Pass,Kobbie Mainoo,1,0,15.661139531757188,50.075153218986024,26.929532017777117,0.0
65f25199-b30c-43bd-8efd-69f6552ea057,Spain,Ball Receipt*,Robin Aime Robert Le Normand,0,0,62.385623567187864,44.394176808473155,27.909058019185498,5.490965415492616
6603377a-8c6e-4c81-8b81-9950c011617b,England,Foul Won,Declan Rice,1,0,65.43952752124133,33.78940045892126,18.08127902028245,0.0
660f4d9e-9ae4-4a8c-9f44-acdbc0a04e8c,Spain,Pass,Robin Aime Robert Le Normand,0,0,14.000504409134775,63.74395783939999,31.411567231494026,0.0
6658862f-c0f2-4988-b4f2-82a5537f7ccf,Spain,Ball Receipt*,Marc Cucurella Saseta,0,1,62.150062623027594,55.25755517225203,26.4240735982304,0.6626247576652501
6678acc7-41d4-4747-a1ab-d849f3935ca5,Spain,Ball Receipt*,Álvaro Borja Morata Martín,1,2,67.3343936954262,57.33252303507847,19.373997660925163,2.398796523134796
669ca0e0-dec7-4a23-a9b9-e61c722b06da,England,Pressure,Bukayo Saka,1,0,18.63283751052512,37.92681266547492,27.611884849406998,0.0
66e41971-cc78-4f0a-b5f7-fd8cff2da556,Spain,Ball Receipt*,Fabián Ruiz Peña,0,0,68.18921407461029,58.2913355287868,27.190342556540404,0.0
66e810f3-e840-45f8-acee-770a4d2c6781,Spain,Pressure,Marc Cucurella Saseta,1,2,7.457562332995084,23.354317595597653,11.571138565015044,0.0
6700fcb5-a19d-4105-882d-cc735a57cf59,Spain,Ball Receipt*,Robin Aime Robert Le Normand,0,2,69.18915946364046,55.0881118776162,23.2643053456989,6.191021010139186
670c2f7f-9e9a-4d14-b2e6-5bc2efbd29e1,Spain,Pass,Daniel Carvajal Ramos,1,0,73.30810484145465,53.71858692314081,25.166847791681597,0.0
670fe9fc-8b6e-4187-ac13-6dd4fb147f7e,Spain,Carry,Rodrigo Hernández Cascante,0,0,76.74477752502217,61.1377242650156,21.58284872236665,0.0
674b563b-b8c1-4f2d-9963-c988385f3a7a,England,Ball Receipt*,Declan Rice,0,1,50.929468706369796,52.904932209892564,30.90906412926666,9.503715032216357
675b5185-9c10-4d52-9127-a208b5e62aab,England,Pressure,Luke Shaw,1,2,22.644803713630747,38.5056924809187,33.50814715051725,0.0
675ff102-2517-4267-859a-4ec0af0df8c3,England,Pressure,Kobbie Mainoo,2,3,23.683839573917734,38.259359501224544,17.680911000062387,0.0
676bd1b8-6854-43e9-b76a-a1673a1edd3d,Spain,Carry,Fabián Ruiz Peña,0,0,36.335469397816496,64.35489390773895,31.208474022978532,0.0
67738bb3-0c0d-4fc8-9373-a64f0409dfae,England,Ball Recovery,Bukayo Saka,0,0,2.1163688196351167,18.262051883354598,17.539943110349512,0.0
67813624-11ec-4d92-8328-d4ae78d667f4,Spain,Carry,Aymeric Laporte,0,2,62.32643895236734,51.654931421426845,32.48607598050258,0.0
678821f9-a335-4335-944a-b6d18d4127f4,Spain,Carry,Lamine Yamal Nasraoui Ebana,0,1,70.65015352825131,51.34370739453539,24.864985977230212,0.0
679820a1-93f3-4a56-8cb9-1faf1d2cdac1,England,Carry,Kyle Walker,1,0,27.330906974147705,39.3302425269551,28.843571412127623,0.0
6798d406-4d69-46d3-8418-b6ce20a2b1d0,Spain,Ball Receipt*,Lamine Yamal Nasraoui Ebana,2,0,89.94141713492246,2.9084699811894894,12.751250454139841,7.523721642751739
679a0808-edfe-4ad5-81b4-34b5d65922ee,Spain,Carry,Aymeric Laporte,0,1,16.195699726768122,64.82231555233375,46.90872284813719,0.0
679d2c54-40d4-46ef-bbe9-4a838f65fc59,Spain,Pass,Martín Zubimendi Ibáñez,1,1,52.1638799123198,60.58563572994761,37.419651088611054,0.0
67bf5b91-76df-41ee-93fe-9cc4f3d42f24,England,Pass,Kyle Walker,0,0,42.75374662957302,56.49493886204601,30.64218314702226,0.0
67c1f417-b4df-4898-8f44-a2ad4f73799e,Spain,Dispossessed,Fabián Ruiz Peña,1,1,69.15881317987875,33.370123406164474,30.786651951386517,0.0
67dfe3b0-58e4-4320-b28a-f1fd5dcbddbd,Spain,Pass,Robin Aime Robert Le Normand,1,1,56.79838990909677,53.90069841595936,21.55744414781507,0.0
68127769-a5af-4b10-a008-c11f5029c736,England,Ball Receipt*,John Stones,0,1,48.823037690047265,64.36679886203557,28.059791472260052,1.8671006790758073
682f8a3f-a6b2-42fa-a931-cd2d44e7d922,Spain,Carry,Marc Cucurella Saseta,0,1,83.473245400188,42.103341262097885,17.472236131294736,0.0
684dff33-44d5-4ac7-a49f-03615fa3ee2a,Spain,Pass,Álvaro Borja Morata Martín,3,1,16.177772972827988,34.70411388190443,15.822164270773698,0.0
6857cd0f-4c46-4906-a224-0dad8ced581a,Spain,Ball Receipt*,Rodrigo Hernández Cascante,0,2,51.0087498771195,47.778780390092194,20.597349598806975,3.498926072146914
686300d6-8a69-4b54-9143-ce8b153826c4,Spain,Ball Receipt*,Aymeric Laporte,0,1,31.899117977576168,57.24849742639253,36.196433319050975,17.834677756782863
6879ad10-0ad7-4758-8e5f-3cf45bab5cbb,Spain,Carry,Nicholas Williams Arthuer,1,0,70.92831679864936,56.945085477896434,14.455196498500401,0.0
6883c0f6-7642-492d-981c-70e167e88dc5,Spain,Dribbled Past,Rodrigo Hernández Cascante,1,0,14.649911349886962,29.253173451566624,32.500594677169,0.0
688eff10-a8c1-4181-af00-2efbaa8892d7,Spain,Ball Receipt*,Robin Aime Robert Le Normand,0,0,12.726837408827183,65.3188337917112,48.81475298169089,6.194013833155842
6896b669-bcec-40a8-b5f6-aafb67d3a85f,Spain,Pass,Marc Cucurella Saseta,1,0,62.267504189813074,58.950760635336685,26.550263806607763,0.0
68f39e26-1281-48a8-8871-527cf1cf03ea,England,Pass,Kyle Walker,0,2,58.901724903178916,37.319608257162805,27.54705751985719,0.0
68f9ef4c-6c43-4ff3-8f01-26a85b3e2a3e,Spain,Ball Receipt*,Lamine Yamal Nasraoui Ebana,0,1,91.99468274775627,31.815888688903364,13.13190198100646,0.0
694882d8-a873-4d2d-88ed-cedf4ed3e2c3,England,Ball Receipt*,Jordan Pickford,0,1,34.311233746275114,28.848224892472903,39.065136751645696,11.438801279033392
6959043b-6ad2-4c10-b62f-5242e60508b4,Spain,Carry,Lamine Yamal Nasraoui Ebana,2,0,76.95662823766378,18.994336565552945,12.57224126541693,0.0
695e1ec7-2159-44d2-bb3e-76750868a58c,Spain,Pass,Unai Simón Mendibil,0,0,39.92978048128444,53.35894314190471,44.50685963510849,0.0
6965313f-ca1e-4042-bef9-4ee91edb0dc2,Spain,Ball Receipt*,Álvaro Borja Morata Martín,1,2,55.66712195779906,36.02232848750316,35.19293787212541,0.0
696df61f-dcfd-4c10-9448-3a3a7c221ce3,Spain,Ball Receipt*,Mikel Oyarzabal Ugarte,1,0,58.16773950593636,37.196275078161406,12.919005604828035,6.9440212060504765
6977476e-8c68-4d98-a761-57e32c4a2ac7,Spain,Carry,Aymeric Laporte,0,2,48.49476747935042,65.03577444760602,28.247133934721,0.0
69801875-96e2-4e81-8aa9-8b9f9aa19d88,Spain,Pass,Rodrigo Hernández Cascante,3,4,24.30606239871532,34.24761174235297,17.968515639249897,0.0
69a86c2b-0b58-4828-8092-ad38f12fca59,England,Pass,Kyle Walker,2,0,32.39408254999928,38.581594110020816,26.621968725716844,0.0
69c3a81a-caa7-441e-a7dd-b4f36a5cc509,Spain,Ball Receipt*,Daniel Carvajal Ramos,0,0,73.59174475528917,50.570980469043604,20.86533184054715,0.0
69d608f7-c98d-406f-a3ed-9c08d3f529db,England,Pass,Marc Guehi,1,1,31.73666862596831,58.32603655688245,31.57075646094192,0.0
69d80a39-0d4e-43e5-bcb9-6f668e325d00,England,Pass,John Stones,3,1,62.95301050528419,22.01189247841568,21.407863050215475,0.0
69dc5674-0007-43c3-91ce-67b94b62c582,Spain,Pass,Daniel Olmo Carvajal,2,0,51.792416198322776,43.48726549148823,27.57890733297085,0.0
6a07d20e-1c2d-4b92-b513-a6686263f7e4,England,Pressure,Bukayo Saka,1,2,63.23905691054449,39.978947624786315,11.33720748954617,0.0
6a1f4763-d395-40ad-b612-936e9a55127e,England,Carry,Phil Foden,0,1,16.620318330049162,42.30771415582964,31.763493756580246,0.0
6a8a0c7a-adf6-4735-9d1d-3089a2fdb5f8,Spain,Ball Receipt*,Marc Cucurella Saseta,1,1,81.3989662354653,37.00804651591507,15.07002691268634,2.5859256904148937
6aa22dc4-8797-45cb-97d9-9d225a0eed3e,England,Pass,Harry Kane,2,1,29.168293645028992,39.95524711841243,23.121866950491228,0.0
6aa707f1-6497-4c70-9f17-adffced20233,Spain,Pass,Daniel Carvajal Ramos,0,0,63.05015956575883,45.03821429445247,25.330220957828555,0.0
6ac0e683-3991-427c-aa88-5569ca001504,England,Carry,Bukayo Saka,1,0,66.15558435501572,52.89196368225056,21.26489792810777,0.0
6b092b89-fce7-43c2-ac4d-09a3c9cc263d,Spain,Dribbled Past,Daniel Carvajal Ramos,1,0,85.14334391786755,28.242192729866286,17.536781334575785,0.0
6b0c868c-39bd-4253-92a1-c34e9be5432e,Spain,Pass,Robin Aime Robert Le Normand,0,0,65.65169212018968,45.16811055342047,28.092968443545445,0.0
6b0fd0e8-8ed7-4880-9f2d-c80a1b973251,Spain,Pass,Marc Cucurella Saseta,1,1,64.10467595640007,56.46775529571826,29.331953138999914,0.0
6b213b4c-ccc6-4f4a-b0af-fd9eddc3b130,Spain,Carry,Fabián Ruiz Peña,0,0,78.92545468424503,52.32325987184585,20.493989558429057,0.0
6b4f5311-dc40-401f-8ae9-4d7e0be45d7c,Spain,Carry,Aymeric Laporte,0,0,36.53781675084789,60.67856111168285,43.318562665624114,0.0
6b5b4a64-66d0-4171-90e5-d04225f3594c,England,Ball Receipt*,Kobbie Mainoo,1,2,12.782570633908048,25.65732488542693,25.966872264817958,2.4804301269796167
6b5c5e68-5810-4913-90d7-359bc0b2d753,Spain,Pass,Unai Simón Mendibil,0,1,16.60633131926498,65.10339523955173,45.432532579189754,0.0
6b6ef074-6531-47bc-a6fd-7a52391f8eab,Spain,Pressure,Álvaro Borja Morata Martín,1,1,72.13868683086771,35.87240294037311,26.423460103263686,0.0
6b7bcd7b-efdc-4deb-b548-3911c8ce62fa,Spain,Carry,Rodrigo Hernández Cascante,0,0,45.284406854645624,64.23963702150436,31.09923700547165,0.0
6b89d9e0-4704-454b-b4ee-ffc807c2ad9e,England,Duel,Phil Foden,1,0,4.659168861503871,28.33729263979964,18.418982339982097,0.0
6b8b7ec4-6044-4170-a6f9-56320f4a3bf5,Spain,Pass,Fabián Ruiz Peña,1,0,71.613798740056,35.63327899439547,19.502812625015764,0.0
6baaf569-f65f-45f2-b73d-eb801dcd508e,England,Clearance,John Stones,1,2,8.944572204794298,14.16066087771492,18.171340349127338,0.0
6bac2ccb-3221-41cf-9a8f-f4b6ad0f7031,England,Ball Receipt*,John Stones,0,0,25.37864148059192,47.43622131614786,34.70971510953249,8.925490181088128
6bd43e8a-4244-4e8c-83f3-6f41189cd833,England,Ball Receipt*,Bukayo Saka,0,1,68.1704938510095,54.253659382704726,22.624304627727902,4.962367318264746
6bd7ab12-b554-4db3-80b4-a9c5bff020ea,England,Pass,Kyle Walker,1,1,32.846056384575576,57.74551022240067,23.97657592633552,0.0
6c20f7d8-2ded-43c7-8531-04507f5a8c44,Spain,Ball Receipt*,Daniel Carvajal Ramos,1,1,69.42266120532173,51.49675372996754,22.762569908578943,1.5453659325283795
6c4016a4-9005-472e-ab32-f6cda8a73743,England,Ball Receipt*,Kyle Walker,0,0,70.9748587766642,45.47933066872947,23.65576254027227,8.156986242155037
6c550db8-487b-4210-984f-4d94931aee11,Spain,Pass,Lamine Yamal Nasraoui Ebana,2,0,60.51799656564153,44.918343557367194,23.916645611309512,0.0
6c77ae15-4cfc-464f-b9c8-3a427e399c8d,Spain,Dispossessed,Nicholas Williams Arthuer,3,0,2.018563278147047,32.7898516356204,10.557949079809386,0.0
6caa5957-6a27-4e05-88db-ecba5821e606,Spain,Ball Receipt*,Martín Zubimendi Ibáñez,0,1,40.039599442211234,62.10104627894957,24.086514245655366,1.9392258001015221
6cb4a88f-0fb8-4532-8367-863f226c0230,England,Ball Receipt*,Marc Guehi,1,0,55.261204571379665,44.170179647731146,25.958198437932268,1.6071848583535229
6cd4e374-40b8-4a8a-a43e-7f7cd6653339,Spain,Carry,Fabián Ruiz Peña,0,1,28.912051806964044,47.035715100238804,28.813355766438793,0.0
6ced656a-a7b0-49e7-ad37-b4b9747f7a7e,Spain,Pass,Aymeric Laporte,0,2,39.65165303984122,62.69861820065035,33.90716980375845,0.0
6cfcd6dc-b8b4-4569-b401-87cb0ff91b7b,Spain,Pass,Marc Cucurella Saseta,1,2,46.16714608668968,65.51973917181871,33.73584686901819,0.0
6d00ce97-138c-4bb9-a650-9ca068714dba,Spain,Ball Receipt*,Álvaro Borja Morata Martín,1,1,14.574027831803809,31.958996041332455,30.71456256504466,0.0
6d3415cf-0d80-49c6-bc7f-8059b53da514,Spain,Ball Receipt*,Daniel Carvajal Ramos,1,0,60.11251146559083,61.13192956438422,23.257254880341222,0.0
6d354742-c6cb-4602-b61e-30b765238b84,Spain,Pass,Marc Cucurella Saseta,1,0,42.27222315898975,44.01081767900853,16.59894703812429,0.0
6d46d283-d19e-4efc-b53c-e4d2d33d2c92,England,Ball Receipt*,Declan Rice,0,1,78.91719893770525,47.98491472141452,27.471766148531106,1.9824140597977553
6d5d59bf-3339-4480-af59-6302d697195e,Spain,Ball Receipt*,Lamine Yamal Nasraoui Ebana,0,1,71.23621659200788,51.26832446048442,24.07056629820899,3.404235524702153
6d726b45-c68b-4a37-9eba-e15a75585dee,Spain,Ball Receipt*,Nicholas Williams Arthuer,1,0,74.0973116686876,50.19015470257383,21.277505654718933,4.865786763488251
6d7e5836-461a-48ff-a2cf-079b1a84d1ee,England,Ball Receipt*,Phil Foden,1,2,58.62498996968684,18.975700050829552,17.284457316684897,0.0
6d9a08ad-d139-40f6-b6e7-849a4108727f,England,Carry,Jude Bellingham,1,1,17.68852868975218,63.633441950484595,33.01173895042368,0.0
6d9ee837-aa30-4746-97ed-590a194f14ac,Spain,Ball Recovery,Fabián Ruiz Peña,0,0,59.7688889394944,36.536014322091276,17.191109280159264,0.0
6dbcfaa4-88b2-4289-a09c-32756a21d62c,England,Pass,Phil Foden,2,2,31.718017095294822,42.90725298804841,20.96793412359396,0.0
6de3f0ca-c415-4a57-bce4-0b8b076cead2,England,Ball Receipt*,Harry Kane,2,0,5.587701316200209,32.139543400520736,20.202766070362312,3.541869111914026
6decc578-c7d1-4c5a-a9bd-d8902e4556e4,Spain,Pressure,Martín Zubimendi Ibáñez,0,0,73.53879353501047,43.38212327603895,15.961296682186779,0.0
6def4f2f-1e7b-4124-a47c-de4c09dad133,Spain,Ball Receipt*,Robin Aime Robert Le Normand,0,1,40.375914247807025,62.88516443617401,31.939470692513893,2.8326628728248875
6dfd0be2-0f4d-46be-ba31-b9b21d81dbbc,England,Ball Receipt*,Ivan Toney,2,2,9.717375428202716,24.69801032732193,16.417360900645665,0.0
6e235c13-1e6e-48fe-b80b-788ccd2b0402,Spain,Ball Receipt*,Daniel Olmo Carvajal,0,0,65.60809845594022,62.03908723656383,21.561565712729077,2.675608875889818
6e25e3a0-f72e-45ff-a1bf-0b6b2f63fa58,Spain,Carry,Rodrigo Hernández Cascante,0,0,62.52461930238859,50.7882680753096,26.725654856758617,0.0
6e39ade8-757a-48f5-aa13-88438a4aaa53,Spain,Carry,Unai Simón Mendibil,0,1,33.38955143839182,42.380744777292925,41.47760868764031,0.0
6e4493c8-d6bb-4db5-b8db-af1e258400c4,Spain,Ball Receipt*,Lamine Yamal Nasraoui Ebana,0,1,67.33585844235881,55.246495035660146,24.212864934567957,4.306004195025224
6e604236-4413-4a42-9923-640f03efb727,Spain,Carry,Martín Zubimendi Ibáñez,0,0,71.02102240166882,60.41075953181128,23.78116156140518,0.0
6e9a4bbb-6e81-4f60-ab1c-63be5620ec05,Spain,Ball Receipt*,Daniel Olmo Carvajal,0,2,71.65700040569521,55.886521116053316,20.793842817714104,3.5169666251264204
6e9da751-00f4-463f-99ec-75b05996f338,Spain,Carry,Unai Simón Mendibil,0,0,13.250871124981302,49.81637604460951,37.332865348121324,0.0
6ee5ccf2-b5a6-4c72-8feb-2b396bba6b55,Spain,Ball Receipt*,Nicholas Williams Arthuer,1,0,62.21389582412928,41.86170022042939,20.067326739937574,1.9070842072038885
6ef0a4fd-3f85-45b8-8fce-536e205d52fb,England,Carry,John Stones,0,0,77.8455207990888,40.763203981020446,30.603987203086017,0.0
6f14f36c-ba4f-4657-a498-ffa8a1ec6043,Spain,Carry,Fabián Ruiz Peña,0,0,67.4308560397452,62.89280876666753,21.476779149761356,0.0
6f8cc993-e5b4-4879-9d03-f7fc928836ef,Spain,Ball Receipt*,Fabián Ruiz Peña,1,0,24.20772375919436,55.96190121303055,39.60069235877765,5.224573807228141
6fa1c8e4-402f-45a1-a6d6-071559ce9475,Spain,Pass,Fabián Ruiz Peña,1,1,79.83251698099481,59.282569977126585,9.604969509878837,0.0
6fb1c7c6-7205-4459-a243-dfdccd9cc82c,England,Pass,John Stones,0,0,23.187984759931755,51.87437311420615,34.55512246876109,0.0
6fbb790a-5697-46b8-8b42-316be6074d9c,Spain,Carry,Lamine Yamal Nasraoui Ebana,0,0,54.81375833665824,55.65421513145446,28.176074773223302,0.0
6fbffbaa-ba6a-4adf-9746-15bc0a772e40,Spain,Ball Receipt*,Marc Cucurella Saseta,0,1,68.24770629318395,58.028809626322705,24.313835924570743,0.9600043368334947
6fc11f01-c5b5-4f68-af5e-c4849371d802,Spain,Ball Receipt*,Lamine Yamal Nasraoui Ebana,0,0,66.31503541352927,48.295046338252405,22.24082595973461,4.90362006003939
6fd1b066-65aa-4bdb-a4e2-54521f9a5447,England,Clearance,Luke Shaw,0,0,7.699218778090109,33.30321767326087,10.300967091834675,0.0
6fe7fec2-dff7-40c9-bef8-ffaee10d30e5,Spain,Block,Rodrigo Hernández Cascante,2,0,10.459407443593765,18.032745217135997,16.56427428552289,0.0
6fff957b-de46-458c-8a57-ade4709a7295,England,Pressure,Jude Bellingham,2,1,13.092853643969761,31.676876063170337,29.77324256902179,0.0
70168e59-80ab-479b-85c2-ad979aaf3384,Spain,Ball Receipt*,Fabián Ruiz Peña,0,1,28.912051806964044,47.035715100238804,28.813355766438793,6.8737340671878675
701acb54-df70-4eb9-82ac-af2dd52c23ad,Spain,Carry,Rodrigo Hernández Cascante,0,1,48.772518451757385,54.3595450883274,24.45239345169014,0.0
70391408-1bde-47a1-a490-cc2eeed3e5c2,Spain,Pass,Fabián Ruiz Peña,1,1,49.11379817833369,68.05013246936335,25.573851450271928,0.0
703f711d-8917-428a-8cdd-ef91e45fa7c1,England,Carry,Marc Guehi,0,0,54.628058422806355,65.08851970319029,26.281126385408406,0.0
70410ba8-8e36-40c4-a1e8-d0fc7023b962,England,Ball Receipt*,Phil Foden,1,1,61.01534930613526,60.303794048222386,20.028739223742082,3.570217720435331
704295e3-c1e2-4318-a0c7-c1fa3eb9d65b,England,Carry,Cole Palmer,1,1,41.17217964358523,33.44571232183063,25.280834977931484,0.0
704993bd-bfea-4f97-a233-57ee2f9554fc,Spain,Ball Receipt*,Robin Aime Robert Le Normand,0,0,47.52809424908303,63.79227832407235,35.323145802437224,3.9810207799469133
705a123f-9d7b-416f-8efd-4109c6ac3adc,Spain,Pass,Fabián Ruiz Peña,2,1,50.31683942243427,54.433140260573204,12.632319275289255,0.0
70685b8b-bf2d-405f-af2c-ccb307d265eb,England,Ball Receipt*,Kyle Walker,0,0,8.635045039469844,52.86173088894846,22.67592527713941,2.9032425797595565
70685c01-a70f-4385-ae96-1e4887346854,Spain,Ball Receipt*,Unai Simón Mendibil,0,0,25.437438308934027,66.44650643780831,36.19759162190381,3.1452857552068654
7068be1c-8cd3-4560-b262-0393cf711cf6,Spain,Ball Receipt*,Robin Aime Robert Le Normand,0,0,62.464103394120016,58.59558142738653,28.029064475348825,1.4619106268790572
706f3f1c-0640-4b7e-bcb8-ae1e7197051a,Spain,Pass,Lamine Yamal Nasraoui Ebana,1,1,60.4798639760487,61.69830321130583,27.834759556264633,0.0
70b89a2c-4927-4279-8f99-e14d2c14d2a2,Spain,Carry,Lamine Yamal Nasraoui Ebana,0,1,67.33585844235881,55.246495035660146,24.212864934567957,0.0
70c67561-ff1f-41f6-8080-c203926b6e3b,Spain,Pass,Fabián Ruiz Peña,1,0,74.41676220731473,49.05598157901816,17.39613034609444,0.0
70e11017-8588-45c5-835e-10564318bd89,England,Pass,Jude Bellingham,1,0,63.2182708432367,56.28638697721915,25.820239923926323,0.0
70e9c1b1-5a37-489c-9aff-4db6674e3688,Spain,Pass,Unai Simón Mendibil,0,1,24.23541136636265,64.26127980132686,44.86067083539727,0.0
7106112b-8947-42ad-8d13-8f018f9c5571,England,Ball Receipt*,Marc Guehi,0,0,33.824109227425296,55.61881939107661,30.42280091870392,12.816285123757154
71399bf8-f1e2-4549-aab4-0a0b2ec617e1,Spain,Pass,Nicholas Williams Arthuer,1,0,94.60317995859755,36.14100280815121,15.537079155029872,0.0
713ff6ab-354c-48e7-8a45-7f575d1e47bc,Spain,Ball Receipt*,Fabián Ruiz Peña,0,1,60.053571241106155,49.01752336324458,30.936206678389023,3.243820910396624
714351fd-2a92-47f7-a9af-51698be31dd7,Spain,Carry,Daniel Carvajal Ramos,0,1,51.67381679594567,62.82233820525193,32.538586683441075,0.0
714d971b-026e-4ada-947f-18fb8eb090c2,England,Ball Receipt*,Jude Bellingham,1,2,55.424681101397454,35.641030896222915,33.712372922219096,2.564660434232813
716c22d8-21b0-48ab-97fa-b5533f844667,Spain,Pass,Fabián Ruiz Peña,2,0,61.63759470822742,22.99862808524023,19.043529342924565,0.0
718425ea-91d3-4a85-9d06-1b558043d802,England,Ball Recovery,Jordan Pickford,1,0,6.311393215321854,30.99877173300797,27.56584482955681,0.0
71983bd6-60f9-4b36-85c0-f5d98afbd402,Spain,Carry,Unai Simón Mendibil,0,0,16.619353770233467,60.078862880570725,50.085701023158165,0.0
719ce0b3-42e7-4d27-b1da-a777f44a05b0,Spain,Duel,Daniel Carvajal Ramos,1,2,23.145056677258346,51.40589264913431,35.17794695193549,0.0
71e6c566-2bc1-4aab-9423-1754e31019d3,Spain,Pass,Fabián Ruiz Peña,2,1,48.129583758903856,53.58929090768491,24.867708766867807,0.0
71ebf2b6-6621-42e6-a870-8fcda521b6f9,England,Pass,Jude Bellingham,2,0,58.25006005844395,25.013430502461315,22.44425511169878,0.0
721d7024-f817-4821-a05a-431249354e52,Spain,Pressure,Marc Cucurella Saseta,2,1,70.94183951297367,42.0124666523147,18.83450382487382,0.0
723cc163-1149-4ba5-998e-3139ae098e3c,England,Pass,John Stones,0,0,41.93419000852196,62.70055173060434,36.939376759646876,0.0
723f41ed-88af-4d72-805f-a7a6345fc060,England,Duel,Jude Bellingham,2,1,29.730492469727867,38.03033472382754,28.450025315516598,0.0
725f7440-b40c-4f43-8644-bc647ff6f98a,England,Ball Receipt*,Harry Kane,1,0,58.92744829737715,26.01704150218608,20.285243339396747,3.726058508959406
7293ca55-f341-45ef-a953-6a533d19ffe4,Spain,Pass,Nicholas Williams Arthuer,0,1,94.71048798133656,44.5936048964957,18.537551465820776,0.0
72c158c0-c034-4162-99c9-ea75379ac5c1,England,Pass,Kyle Walker,0,0,86.59790736386556,44.07404247553879,27.085765806407945,0.0
72c80d23-f91b-4b8e-b1b5-321ceff55f85,England,Ball Recovery,Phil Foden,1,0,89.70202377519965,14.687133435790367,12.723821763763892,0.0
72d5272b-044b-4760-9b02-2d78b5a6d5f6,Spain,Clearance,José Ignacio Fernández Iglesias,1,2,9.60721131862761,20.955346617592173,21.364781362476165,0.0
72efc1b0-1161-4170-963b-41bf550ad50b,Spain,Ball Receipt*,Robin Aime Robert Le Normand,0,1,8.471347040305158,63.982455405688256,27.871867034277017,0.0
730b5867-fe48-4e69-bc38-ccf4030e90f8,England,Carry,Luke Shaw,1,0,80.3988245363577,31.6228136788134,14.315537700646535,0.0
7313be30-61c8-4f7a-be81-6a2ccd54a599,Spain,Pass,Aymeric Laporte,1,0,42.57222835081794,59.754582245201576,32.044626825794296,0.0
73157804-83d1-4850-8c91-820b5dca40f0,England,Ball Recovery,Phil Foden,2,1,2.7732743808110394,25.020446223593265,15.283625500940078,0.0
7318e678-0ab5-478d-8cb4-f0d0b7c14f88,England,Pressure,Phil Foden,2,1,61.83624190275662,54.38785515660907,27.373369062397604,0.0
734588cf-dfeb-4b6a-b392-10ff9543cd90,Spain,Pass,Lamine Yamal Nasraoui Ebana,0,1,47.93827081527968,60.79639971822106,33.633396883651024,0.0
734ef085-4a89-47ef-8c8b-f0df11f9d79c,England,Ball Receipt*,Marc Guehi,0,0,47.903807822154874,40.946282038443165,28.917651636794,0.0
73541fd9-6973-41f1-8d0f-5a6e159f3b40,Spain,Ball Receipt*,Fabián Ruiz Peña,1,0,79.20202529818907,41.4230008218073,21.27839948688208,4.071038838210019
7374ae8c-1521-437b-b7ae-1fbe95e8a657,England,Carry,Bukayo Saka,2,0,64.01319994846455,34.120031066058615,21.98051671776093,0.0
73b27227-766d-4e0c-923c-fe6debf9fe7d,Spain,Carry,Unai Simón Mendibil,0,0,25.437438308934027,66.44650643780831,36.19759162190381,0.0
7412e244-9cfb-4182-bdda-975e68e58801,England,Pass,John Stones,1,0,23.440522143453958,33.11163372552097,34.66098853013757,0.0
7413dca4-c4b2-4323-9dd4-ec058dd80df0,Spain,Pressure,Marc Cucurella Saseta,1,1,18.954635343241065,36.61712961095441,31.987176942163394,0.0
741a0a7c-aa76-4b4c-92b3-73928d7cc7cb,Spain,Ball Receipt*,Robin Aime Robert Le Normand,0,0,76.36639456370904,43.84859067349906,29.63422634189204,18.127636583892023
741a2bc8-ce2e-40a3-9c11-6a20a1017fd8,Spain,Pass,Fabián Ruiz Peña,1,0,69.00879487775154,27.845360171025057,28.72021975398138,0.0
742ba563-03b4-447c-8e83-2ff5d89f800e,Spain,Carry,Unai Simón Mendibil,0,0,20.19891933220777,45.11148929844005,39.93237383654973,0.0
742bd957-4ef0-4718-bc68-f43c813b781b,Spain,Pass,Lamine Yamal Nasraoui Ebana,3,0,84.81618764550896,34.458783394260024,16.23316265791816,0.0
743c7cea-6622-427d-aef6-f24ad55aac74,Spain,Pass,Rodrigo Hernández Cascante,1,2,27.470979270983722,37.6168259320946,24.20146988455851,0.0
744e0549-5562-4e67-834e-4cf862cb9f12,England,Ball Receipt*,Kobbie Mainoo,1,1,38.79957096013738,41.85755666852148,18.46144002397329,26.313382014576916
745815f6-f9ad-435c-ae94-150db21f89ba,Spain,Pass,Marc Cucurella Saseta,0,0,71.11182075952867,60.49963231713259,23.648867359366303,0.0
745d5978-9abf-4928-8cc2-79fb26106413,Spain,Carry,Daniel Carvajal Ramos,0,0,14.461343715536888,62.80346551210947,43.38173761615423,0.0
7482b353-1c14-4f5f-bc7f-0c3a622613ea,England,Carry,Bukayo Saka,0,0,56.63165182420601,40.695748176636144,29.213820667418442,0.0
749c9ca9-e99a-4b58-ad56-613b3fcd5f92,Spain,Carry,Fabián Ruiz Peña,0,0,52.053271907851475,63.58160996968601,27.274212060203517,0.0
7507fb3c-cb60-4219-b229-96efcd37ecf8,England,Ball Receipt*,John Stones,0,1,56.594006532705414,57.67165619172084,22.471404720945475,2.848655674036364
7516dd80-325e-42d6-a3b9-cd744a27f7da,England,Carry,Bukayo Saka,0,0,68.98137151096131,41.503328762952435,12.195908655428294,0.0
751e7709-248e-47e9-b1af-6c3167dcd3fb,Spain,Ball Receipt*,Daniel Carvajal Ramos,1,2,51.265951940577565,62.22396703805928,31.747095809121202,5.99150230934522
75230a61-13fe-4369-ab44-5835a307ab0a,England,Ball Receipt*,Harry Kane,2,1,29.168293645028992,39.95524711841243,23.121866950491228,0.0
7543220b-ec45-4983-a4dc-3a1f55259401,Spain,Pass,Robin Aime Robert Le Normand,1,2,58.62498996968684,18.975700050829552,17.284457316684897,0.0
754390a3-f8d6-4eb9-8dcb-026c3db0e94e,England,Pass,Jordan Pickford,0,0,6.140242467280421,45.95952463000299,38.92063890268472,0.0
75768321-f4d7-432a-9ab5-ca09f78bfe99,Spain,Pass,Marc Cucurella Saseta,1,2,72.31445953352146,30.943090041540312,27.34790490936578,0.0
757f345a-865f-4c1f-bb63-ee79a36e2304,Spain,Pressure,Álvaro Borja Morata Martín,3,0,85.26070747646156,32.771859079213925,18.044580564244956,0.0
758850d2-9cf8-4265-ac3c-8213cd64783c,England,Carry,Marc Guehi,0,0,24.328653515198468,55.86382200862953,41.23154131128289,0.0
758f6998-1f80-495f-8929-cab710c4b6e9,Spain,Ball Receipt*,Daniel Olmo Carvajal,0,1,28.77359696692175,31.947417679602438,22.11041124742278,12.598663945171106
7592910c-c33b-4164-bb16-1b6de9e21ec2,Spain,Carry,Aymeric Laporte,0,0,22.09546517992974,66.65631331066417,36.367181618412346,0.0
7598191d-cf4f-4382-9270-c8dc6b8d5dff,England,Carry,Kyle Walker,1,2,15.15849758080559,30.770928192823664,10.960789363433731,0.0
75a886d8-a57f-473d-bd97-8a5f45feb0a4,Spain,Carry,Unai Simón Mendibil,0,0,17.17663533105549,60.97049901475472,39.693924571243805,0.0
75af291a-dc50-4710-9bcd-081cb4314744,England,Foul Committed,Marc Guehi,3,0,89.93120534828877,25.25037525776803,6.444006402226227,0.0
75b1770e-3b65-4e41-81c7-fc1bc8d6b2f5,Spain,Ball Receipt*,Marc Cucurella Saseta,1,0,20.09636620711778,59.526622215634674,40.75671922169174,0.0
75b53b57-f237-47e7-b1ff-a2a77761b665,England,Pressure,Bukayo Saka,1,2,20.301066758969043,45.77924015217243,23.574794120123727,0.0
75bcbc27-0409-4ec1-8ca1-7fafc8a2798e,Spain,Carry,Unai Simón Mendibil,0,0,38.06192209979429,38.98944875845531,38.632545728649866,0.0
75d3d2e3-8c15-43ee-ac8d-da16c3359e4b,Spain,Pressure,Aymeric Laporte,0,1,5.689462850699127,30.333438536087506,25.47815625976223,0.0
75d5cbb6-b5f1-4797-8366-c8d14774b3be,England,Ball Receipt*,Jude Bellingham,0,0,51.58616434684674,39.77804531220598,25.448901828793364,1.9840920365960784
75d863d3-b734-4deb-abe6-7fcc36893ea6,England,Pass,Declan Rice,1,0,37.41151730459599,59.23536257757941,32.879321110534114,0.0
75e14575-3baf-4ec7-8899-4c1a901e1ba8,England,Carry,John Stones,0,0,49.96096777108432,60.22397142056807,27.342903171796777,0.0
75f70edc-b938-4a05-9849-310647c399f6,Spain,Pass,Lamine Yamal Nasraoui Ebana,3,0,84.29667730643676,28.256128540662086,8.723638044269281,0.0
762848e0-2061-429b-a092-9ba3abe1a157,Spain,Block,Aymeric Laporte,2,0,21.89558303585402,20.419179428810814,10.282596509909645,0.0
76302719-cf0a-452c-a670-73fbf33578a5,England,Carry,John Stones,0,1,67.87256362018317,48.43035559066972,28.438336986952244,0.0
76352c7b-8a7a-450b-a52c-e88f4942125e,England,Pass,Luke Shaw,0,2,36.19709410779565,24.715142495163853,7.44408067330189,0.0
7688f5c6-0fa4-4cd6-9b90-096d81b22ba3,England,Block,Phil Foden,1,1,34.486684871969835,38.312792961915584,21.654703463615608,0.0
7691f0bd-9605-4afc-aa41-fd91eeb15635,Spain,Ball Receipt*,Robin Aime Robert Le Normand,0,0,66.65859448842184,44.64151785030973,28.978252007055183,7.88667836665405
769d5bf7-e839-4f85-aabb-0033f9c1505a,England,Ball Receipt*,Declan Rice,0,0,47.39412894282315,59.81004473825393,29.274317760888138,3.013198378735916
76cf93bc-4749-427f-9c3b-c1dcb69f8deb,Spain,Pass,Fabián Ruiz Peña,2,1,90.89693815519912,40.07009983580446,12.347499260086943,0.0
76d70c26-c08a-42fe-be9e-dc29fb9b7107,Spain,Ball Receipt*,Aymeric Laporte,0,1,57.36800844861136,66.49623737994,26.416096859018978,2.0998515548446535
76e6a9f2-09e4-456f-a018-b7f0dfd88676,Spain,Carry,Aymeric Laporte,0,1,35.455914992419274,63.107095021306044,34.38187106174783,0.0
76f2d410-49d1-436e-8290-cf1a3ec66cd5,Spain,Carry,José Ignacio Fernández Iglesias,0,0,38.35277224717861,62.2115083038368,32.31400271334762,0.0
77013fec-81ba-420d-855d-a0fb28419ed6,Spain,Carry,Fabián Ruiz Peña,0,0,29.467373432095435,59.386431045121654,32.47697143599093,0.0
7732c30f-08a7-452a-a493-39460e11c102,England,Pass,Marc Guehi,1,1,46.86663853119581,65.02625479091623,31.11568066189224,0.0
77531902-0797-4722-aa2e-07c88d877880,Spain,Ball Receipt*,Álvaro Borja Morata Martín,2,4,5.430338035396774,25.55852659075096,14.549378421533529,0.0
776fe780-48c3-42a8-aa49-bfa357020ec3,England,Pressure,Jude Bellingham,1,1,49.67450305916364,43.80911986350267,35.522836774595596,0.0
779f8fb4-c5c0-43f6-8537-38f9c5a00ccc,Spain,Pass,Mikel Oyarzabal Ugarte,2,0,64.8925462312791,53.04592076224574,14.265915561295687,0.0
77a4cc02-108a-4872-b27a-a5be7089dbd5,Spain,Carry,Daniel Olmo Carvajal,0,0,65.60809845594022,62.03908723656383,21.561565712729077,0.0
785402dd-9547-4e06-89d9-1bebbf0055d1,Spain,Ball Receipt*,Mikel Oyarzabal Ugarte,2,0,64.25246204548809,53.04592076224574,14.265915561295687,7.92449596655631
785459cb-64aa-4d0b-87e0-b69ae592c3b2,Spain,Clearance,Aymeric Laporte,1,1,15.039137055959412,15.825100471954524,29.66811380683091,0.0
78546176-2c38-4ee4-85aa-985aa92f50e9,Spain,Ball Receipt*,Nicholas Williams Arthuer,3,1,52.25538868081499,64.02364462148319,22.20586076903833,1.079658480800183
78584919-a34e-4f13-8166-37d7554f0dc5,Spain,Ball Receipt*,Rodrigo Hernández Cascante,0,0,66.40301103597369,42.447077386299,20.482295776559457,3.358523834702466
786c039a-7010-475c-9a75-9bf41b4e5700,Spain,Carry,Daniel Carvajal Ramos,0,0,15.720426233385682,60.51034649667994,32.17397134649489,0.0
786c8a73-b303-4e8a-a646-ce7e0fe4f3b5,England,Ball Receipt*,Kobbie Mainoo,3,0,23.402972278149704,38.213151214031036,21.25269472261,2.220584059695673
786d6bf2-2b0a-4dfb-8c6c-2a09191f568d,England,Pass,Bukayo Saka,1,0,15.034498134698719,45.23200514072318,34.90209609974088,0.0
7887cc68-fbdf-4ebf-aead-3c23a5c9b35c,England,Carry,Harry Kane,0,0,33.52573510271763,40.31110640324278,9.453631836479097,0.0
78991dd1-3645-40a4-9d3b-035baabc9c09,England,Pass,Declan Rice,1,0,68.76177303296701,47.899387689848425,27.719584854876675,0.0
7899cdd7-9f03-4bbf-a1e4-77568d940b09,Spain,Ball Receipt*,Nicholas Williams Arthuer,0,0,71.15934566494879,56.70187038189316,24.80575502465925,1.3083498104581033
78c39247-a9a6-4a42-8983-02b8d04b2152,Spain,Pressure,Mikel Oyarzabal Ugarte,1,0,16.08850349836156,37.70443332856844,25.823909238626488,0.0
78cc07f2-da34-413d-acaf-65cb94197971,Spain,Pass,Daniel Carvajal Ramos,2,0,74.88310290569424,31.94398488525296,20.82194618967669,0.0
78efc835-09e5-468f-a87b-f593799568c4,England,Shot,Marc Guehi,6,0,95.47844414752953,21.336861552182878,18.660052308531284,0.0
7941cfb8-aaad-4df9-9c58-4bafaf048aaf,Spain,Pass,Martín Zubimendi Ibáñez,1,1,31.045583031429853,35.98348132778641,24.114816489381358,0.0
79589586-3081-4720-b30b-59e38189c722,Spain,Carry,Daniel Carvajal Ramos,1,0,74.47995741360027,36.82324137054808,11.258996074968827,0.0
796fd615-0ba7-4477-a979-59887abbb000,England,Ball Receipt*,Jordan Pickford,0,1,31.64037954865137,65.08325467138548,41.86979942197128,9.052329701930965
7970c030-b093-432c-83ac-bb14865019dc,England,Ball Receipt*,Luke Shaw,1,0,19.08693629039399,54.23796287845641,34.36671596641369,4.713261523738967
798606ef-3240-4a34-a1ba-6d81e14a3770,Spain,Dispossessed,Lamine Yamal Nasraoui Ebana,1,0,1.5718704338928704,33.05010608707451,16.387541327037795,0.0
7995c74d-e5cb-4940-a8d3-d097501e1e30,Spain,Pass,Daniel Carvajal Ramos,1,0,44.592149696031264,61.44072859102572,35.83948525695807,0.0
799f3acf-dae2-4c06-b4dd-df6a40eb276a,England,Pass,Declan Rice,1,1,67.38571853089907,49.5702005250333,34.903770490635964,0.0
79bcd186-d69e-4cfb-88ed-b7a213262c05,Spain,Carry,Nicholas Williams Arthuer,0,2,18.258269421848222,36.494190643603986,26.12609188271813,0.0
79cca176-e382-4c96-a6f6-0631f5105836,Spain,Pass,Rodrigo Hernández Cascante,1,0,70.79944921217333,58.51864024727953,21.719944961021838,0.0
79dc9277-2103-44a2-815e-4be9b419623e,England,Pressure,Harry Kane,1,1,46.259487037482806,42.00553675201443,33.495445289572565,0.0
79ea7acc-b9a7-4694-a46d-35ba7e365ba3,England,Pressure,Kobbie Mainoo,1,0,44.40574254491984,17.762277236987014,0.680698619173106,0.0
79ec9fdb-eb0d-455c-88c3-0b0c4d756213,England,Pressure,Jude Bellingham,1,1,56.10606460413647,44.648487691104684,26.625018438405373,0.0
79f3ec05-704f-446e-9c17-530f206ce145,Spain,Carry,Lamine Yamal Nasraoui Ebana,0,1,70.26564179212721,23.846192139270276,23.5356307660954,0.0
7a134738-d8ad-4b3a-8cf7-4fb4684811c5,Spain,Carry,Robin Aime Robert Le Normand,0,1,16.783023456102388,30.827326193295676,25.898161676487273,0.0
7a16f046-6975-4058-9a25-09db626f4a8f,England,Pass,Luke Shaw,0,1,80.80396047845602,38.79585936796396,19.785113724221237,0.0
7a570360-e8a1-4df4-8133-433753e8b1a0,England,Pass,Phil Foden,3,1,39.463296535898316,62.634235586995885,25.426669171709598,0.0
7a82e2f8-0ffd-4064-818d-2603cfdb6106,Spain,Carry,Fabián Ruiz Peña,1,1,94.08030552161782,31.49922764343611,12.99860901290977,0.0
7a8e8f78-e1e0-45a3-bde8-56a83480d23e,Spain,Pass,Aymeric Laporte,2,2,24.361452622314683,24.801615246388952,23.490656511008734,0.0
7abaf226-a940-467e-be07-348ed75a9d41,Spain,Carry,Marc Cucurella Saseta,0,0,81.73244269911275,36.66076498643708,15.757747789869496,0.0
7ac7fd3b-c526-4c4f-8f96-3d5b0555ed65,Spain,Pass,Álvaro Borja Morata Martín,1,0,14.252179200511232,27.97626852505572,26.770962436215964,0.0
7ad3b26a-e46c-40ce-aceb-c013771631eb,England,Carry,Kyle Walker,0,0,15.052718135302728,45.46922262644291,32.19971070773457,0.0
7adaca0c-456a-45a1-be92-8e6baae7ef81,England,Pass,Declan Rice,0,0,65.0075692636242,52.93151477334675,24.64714784431209,0.0
7af6e6ea-a220-497e-b2d9-9644e06d99f0,England,Carry,Kyle Walker,0,1,98.1703575655423,24.312754061522458,10.802560181959748,0.0
7b519f66-1645-42a8-a3dc-94490ea9e81d,England,Carry,John Stones,0,1,48.823037690047265,64.36679886203557,28.059791472260052,0.0
7b66d7dc-1291-45f8-8eea-40f86ba474e1,Spain,Carry,Robin Aime Robert Le Normand,0,0,12.726837408827183,65.3188337917112,48.81475298169089,0.0
7b68e92e-260a-47d9-92cd-975f46ee42a0,Spain,Pass,Lamine Yamal Nasraoui Ebana,2,0,78.17801386883905,42.332235084629865,12.27893331222676,0.0
7b8aaec7-2e32-4f7e-8638-4f1640d4a751,Spain,Pressure,Álvaro Borja Morata Martín,0,0,72.91960687435926,24.60849119696954,25.70952678877868,0.0
7ba10072-bc9e-4114-a4bb-f9a8cd8f4bca,Spain,Pressure,Marc Cucurella Saseta,1,1,12.34812954015398,26.050043270843442,22.10051527324537,0.0
7ba261a3-9a7f-4068-8547-6a7355fa032f,Spain,Shot,Daniel Olmo Carvajal,2,0,95.07516653609193,27.854236512305974,15.386231108394753,0.0
7ba287dc-869e-4d24-b920-64981197b5bb,Spain,Carry,Aymeric Laporte,0,0,29.94699599301558,64.60367064612275,45.86830337626223,0.0
7bbcb3f6-d63e-4592-b22e-e97830aa97ef,Spain,Pressure,Daniel Olmo Carvajal,2,2,20.515017593164433,24.31143110647212,15.33093713709957,0.0
7bcacb34-7e0c-4f8d-bbab-5f34ee650318,Spain,Ball Receipt*,Unai Simón Mendibil,0,2,27.724114436733732,46.88024582314926,54.808516378240874,0.0
7be4dc54-f319-4094-b3cc-f225634e27de,Spain,Carry,Daniel Olmo Carvajal,1,0,28.57223268462761,52.91250605910676,40.743557060294584,0.0
7c0184a0-ac5c-4a35-9796-62f72be0b548,England,Ball Receipt*,Jude Bellingham,1,1,77.15382612149206,48.166644433486255,19.685536007914585,0.0
7c03eb77-6bac-4462-8cf4-4d0cc4bf3678,Spain,Pass,Aymeric Laporte,0,0,24.044754178192044,67.16122693577222,37.50287859674601,0.0
7c1bbb3a-b556-4985-8538-ce3a419d69f7,Spain,Pass,Rodrigo Hernández Cascante,0,0,71.4215080118641,36.93847685223789,31.586594207858848,0.0
7c1bef52-fd46-4842-9b3e-da589cbbe654,Spain,Ball Receipt*,Robin Aime Robert Le Normand,0,0,42.15951785904642,64.741086109784,34.926871215843484,0.0
7c48bd72-411e-45c4-b794-d1d1ce79b2e0,Spain,Pass,Fabián Ruiz Peña,0,1,80.48697447767073,42.54356712779488,19.926175349199983,0.0
7c6001b6-0b03-4b68-98a4-f1ff676d4f10,Spain,Ball Receipt*,Nicholas Williams Arthuer,1,0,61.718104147614255,58.72923710113835,23.298677448609347,1.6714650789836607
7c7de610-7e43-4caa-a142-9ee36d537b51,England,Carry,Phil Foden,1,0,13.413663662982632,46.62523783824748,23.539156441085833,0.0
7c8cdf57-1d2b-499c-a868-d9530a6b6660,Spain,Pressure,Daniel Olmo Carvajal,0,1,49.95287576126886,34.93910049904638,34.05386211700944,0.0
7ca37031-a916-451d-9d3c-473e3da4a1c3,Spain,Ball Receipt*,Unai Simón Mendibil,0,1,27.550860661848326,63.206252612706336,38.296294616032604,7.121276931728971
7cb5da0c-2b33-42e2-a734-7d585c9be6fd,Spain,Clearance,Daniel Carvajal Ramos,0,0,0.37732962051719915,30.15132810290635,22.22474006948712,0.0
7cc54d78-3c2c-46cd-a440-a885ea921d7f,Spain,Pass,Aymeric Laporte,1,1,69.0975712126261,57.10855330244762,27.038588665012117,0.0
7cd54c36-685f-4dd6-8c27-d4297b7e0f16,Spain,Carry,Robin Aime Robert Le Normand,0,0,68.31858364304806,62.83155530679913,31.520997848812264,0.0
7ce4c368-3bb3-45a7-8299-18118d94230e,Spain,Carry,Aymeric Laporte,0,2,61.828790523540015,54.905295781155964,23.162496992985165,0.0
7ced8503-0e3a-4d75-a3e9-f9e05d6bad06,Spain,Carry,Lamine Yamal Nasraoui Ebana,0,1,59.6304033776893,60.92310748892889,25.91206467849476,0.0
7ceeecae-06b6-4db5-835d-4da1415b9182,England,Ball Receipt*,Harry Kane,1,1,23.181470456029384,20.275886622885228,23.066699764763737,0.0
7cf8c969-03b9-47ca-b9f2-0cf64f6f0c96,England,Ball Receipt*,Jordan Pickford,0,0,51.14870227150016,49.773947302125244,47.526950733624616,6.067986012269067
7d49a836-f5be-4c1a-a906-55b3f20ab577,Spain,Pressure,Fabián Ruiz Peña,1,0,45.55803986232297,38.19597809866022,31.752231954092363,0.0
7d55992b-4dee-4df0-b006-b5d637a81bcf,England,Pass,Luke Shaw,2,1,88.22075893609909,34.22795168626318,14.54318039177453,0.0
7d5ecdb8-7905-43e7-8465-57d64b38784a,Spain,Ball Receipt*,Daniel Olmo Carvajal,0,0,93.06296490578164,34.89524694295543,19.42649365545766,1.519150764802016
7d6ad858-fb5c-45d9-a682-4d48d359592c,England,Ball Receipt*,Kobbie Mainoo,2,2,71.28187414083574,42.98578710540806,19.082333633176532,1.3183504272965203
7d8574b7-ec38-49c7-89d6-98515f8defa9,England,Ball Receipt*,John Stones,0,2,36.080532704539024,59.592911716833115,32.18552570345278,1.9016395379507987
7d897ee9-679b-4c57-92bb-365c8322f612,England,Carry,Kobbie Mainoo,1,0,68.45106297132982,25.17549379511928,18.759388983718782,0.0
7d8b0469-7a36-4d15-bfa8-38c31448a021,Spain,Pressure,Fabián Ruiz Peña,1,1,77.23076357462365,29.053892562541357,19.466442407507802,0.0
7dc5e0d1-ae44-4860-a6e5-a6695916f199,Spain,Carry,Aymeric Laporte,0,0,38.45633057919532,64.97976803806368,34.3601999352118,0.0
7dee9f2d-78cd-4a21-afce-89907af35a46,England,Pass,Jordan Pickford,1,1,17.311181701889613,61.99119863277101,40.464345842790074,0.0
7e131343-a891-4083-9ba2-2e83fcb95c32,England,Pass,Declan Rice,2,1,63.03732896502502,22.94828646265849,26.86503581457447,0.0
7e148ffd-2c8a-4892-8242-62ddd1dbbdf4,England,Carry,John Stones,0,0,15.60779038134942,56.97167180766825,33.55302410118017,0.0
7e192d21-49f0-4fad-9868-257f35ce2730,England,Dribbled Past,Jude Bellingham,2,1,47.06447797750538,41.56967290239767,31.855306177602976,0.0
7e2629b8-93f3-4aa4-9946-42e18871f76b,Spain,Pass,Marc Cucurella Saseta,0,0,67.9373553154339,55.556951959158624,21.828735414789264,0.0
7e2c4709-85ed-47e5-b02b-8aad65ea8fdf,England,Ball Receipt*,Declan Rice,1,1,54.84239648385043,51.110189292438754,24.7018339639151,0.0
7e4ac084-3d71-419e-96b8-c5c18c21a12b,Spain,Ball Receipt*,Álvaro Borja Morata Martín,1,0,5.906071452668412,25.665151564180672,15.245828465536267,0.0
7e6414e7-5d41-4212-825f-b0c2d7837815,England,Pass,John Stones,0,0,52.34465598736396,50.107074387435944,24.310527908754647,0.0
7e663474-7f0e-402a-97bf-a91dd061130e,Spain,Carry,Unai Simón Mendibil,0,0,13.122672642741563,55.80034823402612,38.329705909701005,0.0
7e7de8f0-681d-4351-b8b1-54625804156b,Spain,Ball Receipt*,Álvaro Borja Morata Martín,0,2,32.05316480203961,38.346012866844816,19.251776347038486,4.0023101520180155
7e7efc7c-604e-4a6f-af13-812afc2dfc42,England,Carry,Luke Shaw,1,1,67.90659420580569,57.7661243672215,23.597582905641218,0.0
7e99ab81-9d50-4af5-954c-bba722d377c7,Spain,Carry,Martín Zubimendi Ibáñez,0,2,51.35009435467994,63.600593423729556,32.17470806470698,0.0
7e9fd796-2ee6-475f-b834-767e46ac4686,Spain,Pass,Robin Aime Robert Le Normand,0,0,64.60304721438992,52.68934448874407,29.4456996283521,0.0
7eaf4e32-dbff-4899-b606-03a9d6158bba,Spain,Pass,Aymeric Laporte,1,3,29.500523536006845,21.134892916229706,17.476517907356744,0.0
7eb5a2c4-63a7-4db3-996e-22815cf88aa9,England,Carry,Cole Palmer,0,0,75.75746307128301,49.982558027914976,32.00952644606698,0.0
7f006a12-462f-47b6-a6ab-548e348f8918,Spain,Pass,Fabián Ruiz Peña,0,0,69.56799427240036,57.311331387252565,26.990964058091773,0.0
7f0316b6-f197-4c0f-9014-02bc8cbd7e3f,Spain,Pass,Unai Simón Mendibil,0,0,17.82349170703014,60.99116049983513,28.455976619754882,0.0
7f0918fb-575a-4129-8cae-e290a7a426b2,Spain,Pass,Fabián Ruiz Peña,0,0,61.417411183018025,34.50301035374454,21.044478132242556,0.0
7f0cd8e2-db9d-425a-b967-2105eee0d52a,England,Carry,Kyle Walker,0,1,35.80022998297073,47.256631218435544,40.21908186920699,0.0
7f306ea4-f85b-4326-abb0-f9755b509a8b,England,Pass,Kobbie Mainoo,1,1,20.720811109360394,56.290515180974275,36.30710229366754,0.0
7f54792d-d5a5-469e-ae81-6a625b89f6e8,Spain,Ball Receipt*,Álvaro Borja Morata Martín,1,0,62.31319250551248,44.42103198066709,10.400955791015386,11.210198355581943
7f58b69c-8311-493f-91dd-d2a57ac07387,Spain,Shot,Fabián Ruiz Peña,3,0,84.59320741136081,37.26374035340654,7.352401504229117,0.0
7f609a6b-720d-4f6a-92bd-778bc10bdfd2,England,Ball Receipt*,Harry Kane,2,0,55.38028442386308,36.33550182224884,26.13965254386728,0.0
7f62a4a6-8bf1-4adb-a722-752f30ebc2ae,England,Carry,Jude Bellingham,1,0,67.24190161394799,39.42512734775729,6.916825603178143,0.0
7f952be5-af47-4400-a19f-905023592bed,England,Carry,Jude Bellingham,1,1,80.54888706946979,26.30646071323328,15.050526429079348,0.0
7f9553af-3673-4813-abb5-81a045ff9b41,Spain,Duel,Aymeric Laporte,1,0,54.38795565467067,38.25914825407743,17.225414296607067,0.0
7faa1cbb-7ee8-45f9-97ee-9024d36a3f48,Spain,Block,Daniel Carvajal Ramos,1,1,38.79957096013738,41.85755666852148,18.46144002397329,0.0
7faf7084-229c-43fb-8bd6-b3d642201c5d,Spain,Ball Receipt*,Unai Simón Mendibil,0,0,10.699960055993863,37.49638550910569,38.7748715306156,7.136701593106326
7fd6059e-ce4a-4fa8-8af9-bbf866fd882f,Spain,Carry,Daniel Carvajal Ramos,0,0,82.06186143169793,49.6863752653306,17.182220942951524,0.0
7ff5b603-7f0b-4bc3-97aa-7c0c80ab2c61,England,Pass,Kobbie Mainoo,1,1,25.413070077830042,32.01326354691084,23.132783905709143,0.0
7ff9ce67-9a9f-43e6-923f-b248d580b6a5,Spain,Pass,Marc Cucurella Saseta,1,1,48.15761839572657,53.51599300962826,25.04501696467401,0.0
7ffbc20c-fb5b-4dd6-a21e-8b3e38e6df58,Spain,Carry,Aymeric Laporte,0,0,34.859966486871635,58.96222891457657,35.3327861818354,0.0
800330aa-e821-46c3-81ad-8badcfdd27d3,England,Carry,Bukayo Saka,0,0,2.1163688196351167,18.262051883354598,17.539943110349512,0.0
804a9125-0e75-477b-b476-8b2c710a7324,Spain,Carry,Daniel Carvajal Ramos,0,0,56.45118793547562,57.553006010563195,28.088166173259346,0.0
8059828d-aca0-45ad-a021-82b8efd61d59,Spain,Ball Receipt*,Aymeric Laporte,0,0,38.29950663826461,58.99237428764956,29.928737037121635,3.9532669258601683
8061c5ef-2c0f-4823-b660-eb9d720d7c2a,Spain,Dribbled Past,Daniel Olmo Carvajal,1,0,15.438938269905483,33.758000981181745,32.078707489749696,0.0
8067f484-65b4-45fa-bdd4-1efc7fb170b2,Spain,Pressure,Daniel Olmo Carvajal,1,2,35.63312127608076,26.466809337344504,36.307033725698126,0.0
808b0979-7947-4cbf-a352-a144bc74ef57,Spain,Carry,Nicholas Williams Arthuer,1,1,67.85071315453949,56.03315034926884,24.437640709031026,0.0
80bd85e5-f197-441e-aa4c-8826b5a2f049,Spain,Pass,Robin Aime Robert Le Normand,0,1,59.19568601155417,49.688660024324115,27.953375359620736,0.0
80c40cfd-3f85-4e89-b94e-a9b0ef8d9935,Spain,Ball Receipt*,Robin Aime Robert Le Normand,0,0,34.744903258145364,46.06306511347642,35.7832976117712,4.193212605860778
80d77935-ef62-4bbc-842f-7d5ee95aaf88,Spain,Ball Receipt*,Nicholas Williams Arthuer,1,0,9.78199159777274,33.27330943954623,26.482005516852663,0.0
80d828b8-2dc5-40c0-ba10-93e671627f6f,England,Clearance,Kyle Walker,2,4,5.430338035396774,25.55852659075096,14.549378421533529,0.0
80e3b21a-8b22-4f3b-b300-1a31386f78c0,England,Carry,Cole Palmer,0,0,69.81900570813656,45.73528199181443,27.952622706541195,0.0
80ee6125-8e50-447f-9552-f449cbc2fa71,England,Pass,John Stones,5,0,74.82360531423623,31.822000066836733,14.848974513360197,0.0
80f2974e-2810-4dbf-af2c-8cccb30b3cbb,Spain,Carry,Lamine Yamal Nasraoui Ebana,0,0,24.610184327005086,39.47431848697003,25.954508687501363,0.0
8166b795-5d88-45b5-a302-9276ff097533,Spain,Ball Receipt*,Martín Zubimendi Ibáñez,0,1,53.99687887105189,60.029415341306745,29.82248562026576,0.0
81688df8-e601-41a4-8026-5762861fbe7f,England,Pass,John Stones,0,1,55.579546399177794,62.91182800265118,23.655323366192995,0.0
81730f8b-0043-43de-a998-38ed260cabc9,Spain,Ball Receipt*,Rodrigo Hernández Cascante,0,0,50.68359556356164,51.577532903661236,40.520534638741154,3.4998405326436814
817544b8-08a2-4494-a869-546bb86c0ac0,Spain,Carry,Robin Aime Robert Le Normand,0,0,66.2751902575434,65.46308770213214,23.593225244746947,0.0
817772e3-d582-4b28-acd1-c5ed41a4d856,England,Carry,Kyle Walker,0,0,6.267806854154715,44.24003237136414,35.772793527311045,0.0
819c5e48-36e3-429e-b1a0-4a03a91d25ff,England,Ball Recovery,Declan Rice,1,4,11.040360844050113,25.955976320590093,18.737886311881905,0.0
81cf89fe-ca9f-47a7-9eb4-807469a73cfb,England,Carry,John Stones,0,0,75.89319413772864,47.588204843061575,37.28120921754199,0.0
81d27416-4da2-409a-a92b-ab7ab201abee,Spain,Ball Receipt*,Aymeric Laporte,0,0,21.62172741009126,57.67835594581379,28.568314133901023,0.0
820914b0-5544-4cf0-a7b1-ab5114d58b74,Spain,Clearance,Aymeric Laporte,2,2,8.69982470740689,28.220016775224618,14.62866203865553,0.0
8217e84d-18e9-4843-a1ba-e69141269483,England,Ball Receipt*,Bukayo Saka,0,0,55.99729570567742,59.09504796617933,21.65727478953648,1.4647596267469605
821d67c9-6b59-49bf-816d-e46a01442fb1,Spain,Pass,Aymeric Laporte,0,1,64.97734259835067,62.41313274247231,30.37942107608708,0.0
8265c001-2e23-404e-afa9-8485263364f3,England,Ball Receipt*,Bukayo Saka,0,0,54.7111969892084,50.08805531984299,29.816677137663458,0.4309966722613302
82728213-7ecf-470c-b28a-2b3456c2a0de,Spain,Pass,Daniel Olmo Carvajal,1,0,63.69448880498788,34.05222606771735,7.947559960518354,0.0
829590de-bc4b-4063-bf0e-b34e5613dcfb,England,Carry,Kyle Walker,0,0,42.753185315508915,56.716900355892335,30.29934382322407,0.0
8298c73f-a95b-4f09-83cb-f199af5281c2,Spain,Carry,Daniel Carvajal Ramos,0,1,61.85416821219777,49.69186351937298,24.674963214661904,0.0
829e3eef-50ba-4cf9-aad5-e07828381381,Spain,Carry,Unai Simón Mendibil,0,0,12.873366492978217,54.391899462603405,46.09132293516419,0.0
82a9a3a0-e2cb-498e-a562-55817a6ccbcb,Spain,Carry,Aymeric Laporte,0,0,32.603287205868654,60.08683605149061,35.1861620175831,0.0
82b053ab-eb52-4a6e-820d-aa5634561130,Spain,Pass,Rodrigo Hernández Cascante,1,0,77.48488151830082,35.57611630619081,14.554104187837467,0.0
82db1a8a-ce1e-4b38-9e93-7baa840f68eb,England,Pass,Harry Kane,2,1,76.88130320595597,34.822222806140346,14.48523045346221,0.0
82de9ce6-8baf-4787-a9d1-1013b0428683,England,Carry,Harry Kane,1,0,58.92744829737715,26.01704150218608,20.285243339396747,0.0
82e6f2fb-5d04-4597-8474-83e7a4f785ab,England,Ball Receipt*,John Stones,0,1,63.77016716896901,57.710615043865495,26.080950052657077,2.031385261019841
82e926d5-8b6d-4823-b15b-7b148dc8365d,Spain,Pass,Fabián Ruiz Peña,0,2,59.15097465609065,59.62772772674364,25.03012290976044,0.0
82f2b1f1-c597-455d-a4b5-16ca4caac923,Spain,Carry,Lamine Yamal Nasraoui Ebana,2,0,89.94141713492246,2.9084699811894894,12.751250454139841,0.0
83063f77-a09a-4330-a536-78579af52e14,England,Carry,Declan Rice,0,0,12.82189134368579,38.05932222648187,23.539015797765487,0.0
8344b1b1-3079-4455-afcd-6d95233b6152,England,Pass,Phil Foden,1,1,76.109922840389,47.11686704749508,24.64297958320837,0.0
8353685c-0a7f-4edd-8007-b2cd71473d34,England,Pass,Kobbie Mainoo,2,1,55.9610171783871,59.39686188351662,28.06244149781373,0.0
83537c81-04ed-42d8-a74c-7ff339b0a18f,Spain,Ball Receipt*,Unai Simón Mendibil,0,0,17.17663533105549,60.97049901475472,39.693924571243805,12.17010271950777
8371b634-7582-4ca7-9439-ad59ef396cc4,Spain,Carry,Nicholas Williams Arthuer,0,2,28.586357908789868,30.449451771707935,18.679501324168054,0.0
837abcd0-3df0-4ed3-9bd8-2e42b1f37219,England,Pressure,Phil Foden,1,2,20.374421026730854,45.25049848378928,29.115404725819726,0.0
83a4febf-e1b3-4e69-a272-a710f657a81a,Spain,Pass,Aymeric Laporte,1,2,17.486622049096784,30.795122849321302,38.01564825633505,0.0
83a6ba9b-c88d-43b9-88ee-8c547e10fb3b,England,Pressure,Jude Bellingham,1,2,36.122680435934946,44.22135755443379,19.306786643033135,0.0
83b5ffd5-4689-48ea-a581-8696db7fa61d,England,Carry,Luke Shaw,1,0,82.0448910243536,30.250149817745633,15.110659349983116,0.0
83b6adf3-7613-4f6d-bcaa-3c3a9ac86ea9,England,Pass,Kyle Walker,0,1,68.32704902866642,26.82202346405192,25.89498608308117,0.0
83dbeba1-6820-4ab0-b6f9-94e546d342c0,Spain,Pass,Daniel Carvajal Ramos,1,1,75.08779251124139,47.136875727205755,24.969014604004233,0.0
83eb13d7-c9aa-485f-892d-31a6a69ef183,England,Interception,Declan Rice,1,4,23.931947544038103,38.607799411711355,16.945827917212274,0.0
83f910a6-b50c-4f22-a042-4acaf972fbb0,Spain,Pass,Aymeric Laporte,1,1,73.6784113764169,34.926387267618665,20.249738032922895,0.0
8420cfdd-91d5-4e7a-9848-202f738f57cf,Spain,Pass,Robin Aime Robert Le Normand,1,0,61.23512117743811,44.94214289510243,14.666046822880634,0.0
8435b391-8e9b-405c-a917-e7d44077e85c,Spain,Carry,Nicholas Williams Arthuer,1,1,82.05946974628573,37.57683429669342,13.92430139533883,0.0
84545ce6-629d-4599-a1ad-049f268443fb,Spain,Pressure,Marc Cucurella Saseta,1,3,9.387064464108576,31.104186982379083,22.072737511280657,0.0
846dbc47-ab76-4040-8c08-adc5eba970e6,Spain,Pass,Nicholas Williams Arthuer,1,0,64.9187993953427,32.87024201004021,28.250287302146635,0.0
848ddb4c-3ab3-40ae-8f11-b9d50ca4a298,Spain,Carry,Daniel Olmo Carvajal,0,0,58.35051605598907,59.70234071138504,23.28336214808064,0.0
849122fb-9cbb-488d-aaa0-b7192786390a,England,Ball Receipt*,Jude Bellingham,1,0,44.15341528336328,65.44491136020368,32.909988960884206,2.8511803133303575
849a5932-b11a-4709-ac5b-0fe7dd74faf7,Spain,Ball Receipt*,Daniel Carvajal Ramos,0,1,68.90212343638703,50.579029599128454,24.096377540648017,2.1550005643640375
84aa5185-399c-4a7d-a768-3698e0a67d8d,England,Ball Receipt*,John Stones,0,0,15.60779038134942,56.97167180766825,33.55302410118017,1.7135743786137985
84ad6061-511c-438f-ba57-2ac17c6afe1a,England,Pass,Declan Rice,2,2,49.37056920242359,52.530709020921485,25.092050808114934,0.0
84d5e3fe-727d-4f30-9ace-a537744fdfa0,England,Ball Receipt*,Kyle Walker,0,0,45.55611417559075,18.158615858783975,21.41866985160477,0.5505952564864217
84d960df-5a19-4b59-b880-34965374bb24,Spain,Pass,Álvaro Borja Morata Martín,3,4,22.21479536813414,34.34452827427945,18.049414638102764,0.0
84dc2ae3-cab2-4246-94af-386219fa50e1,England,Pressure,Kobbie Mainoo,1,1,31.024950929566003,45.773628949973215,13.603352830357265,0.0
84f77995-f421-46d1-943b-3a5121f5e89e,Spain,Ball Receipt*,Rodrigo Hernández Cascante,1,0,49.00928951821451,35.45561665738488,19.599656898965165,1.120579108291434
850a9402-9c28-42ce-bd67-ec99512b7742,England,Carry,Bukayo Saka,0,0,54.7111969892084,50.08805531984299,29.816677137663458,0.0
8510dd21-a6b0-4c8c-a7bf-b9f190fbbc30,England,Ball Receipt*,Phil Foden,1,1,21.09733227900772,38.840960961375735,22.296237872018345,9.69522930717794
85141f4d-2c35-46f7-b641-6fb35fe9d100,Spain,Ball Receipt*,Rodrigo Hernández Cascante,0,0,71.4658886085212,57.721562461249654,20.80153125534134,3.032461380491411
8554ecd2-583b-47ab-a11e-05036bed81ab,England,Foul Won,Jude Bellingham,2,0,50.660615051283166,58.94894609345003,30.55699854711258,0.0
856812d9-8da2-41ca-af45-1b17d2afe28e,Spain,Carry,Rodrigo Hernández Cascante,0,0,66.40301103597369,42.447077386299,20.482295776559457,0.0
859d7057-5975-477d-932d-6c4ed2813ed9,England,Ball Receipt*,Harry Kane,2,0,22.20344435203143,21.963091074397454,26.513737849411488,0.0
859de605-5263-48ea-8cfd-4fb145bf62ed,Spain,Ball Receipt*,Rodrigo Hernández Cascante,0,0,84.46494882597975,48.423671829556106,16.14197524511282,0.9160696816693367
85a10ecc-ac28-4973-a363-90e0082551cd,Spain,Carry,Robin Aime Robert Le Normand,0,1,69.61551913313903,44.567614126052355,28.23384269364205,0.0
85af0ac7-718b-4e30-9c8a-26b44a44f5ac,England,Carry,Jordan Pickford,0,1,34.311233746275114,28.848224892472903,39.065136751645696,0.0
85db987d-c834-4f29-baff-d40a1974c031,England,Ball Receipt*,Kyle Walker,0,0,6.267806854154715,44.24003237136414,35.772793527311045,7.796948243418471
85e227de-3884-4d89-891f-ce06abee96da,England,Pass,Jordan Pickford,0,2,50.06354954395342,47.34541344359097,50.96796782116865,0.0
85f55ecf-e335-46ae-921b-ed02a8fccc8a,Spain,Pass,Aymeric Laporte,1,0,61.99790627149652,64.72606263726517,27.858012266173343,0.0
860a923b-9f11-419c-9284-c2c2ba5141da,England,Pass,Kyle Walker,0,2,65.58087099344942,60.954083844478255,20.506806213235553,0.0
8626364c-53ee-4da0-88e5-af3b86f4cc7c,Spain,Carry,Martín Zubimendi Ibáñez,0,1,52.225023815420926,53.68181801146853,21.396946721138132,0.0
86321e78-83db-4a3e-8c2d-f3d541ebfb6a,Spain,Pass,Fabián Ruiz Peña,0,1,50.348483465002666,65.17779056986427,38.25492521414462,0.0
8638ba6c-8ee2-460d-9eac-843dc7a736c9,Spain,Carry,Aymeric Laporte,0,0,26.65594411410259,65.92439032811596,46.87301110267773,0.0
863fbc37-9d11-45a0-9e47-cb551407c80c,Spain,Pass,Robin Aime Robert Le Normand,0,0,57.95236894625137,57.64022764940663,17.360408997463953,0.0
86536f69-41fc-4585-b5ee-7a68d6dd4b32,England,Pass,Bukayo Saka,2,0,87.42517965821496,25.677200393806334,11.189988048747646,0.0
8655fbb0-fc52-4b9c-9925-300f1a213c91,Spain,Pass,Fabián Ruiz Peña,1,2,63.75647435188974,46.40662580427674,29.112551294868144,0.0
8660b3b0-841d-4d9b-a577-1240f1437156,England,Carry,Luke Shaw,1,0,84.0373829512471,35.36170832631701,16.455674323388017,0.0
866b00b3-43fc-4c7a-88c4-6038a543d51e,Spain,Pass,Unai Simón Mendibil,0,0,10.26758916677706,31.81627830309924,26.339752866284666,0.0
866e8f30-3132-4cba-8939-3e6f614f357a,Spain,Ball Receipt*,Aymeric Laporte,0,2,58.903863713709676,59.25609654541887,26.09421027433164,0.9811581282407552
86726000-4c1e-459e-ae33-e1c46273af46,England,Ball Recovery,Jude Bellingham,2,0,58.7171775916487,28.79291649235473,23.47642160336239,0.0
8675aaa1-4880-443d-8bf3-42c581a6a03b,Spain,Pass,Robin Aime Robert Le Normand,0,0,28.201992006172183,63.901470473656246,25.81078261552243,0.0
86d63331-ed8b-41c2-83b0-300afcfbaecf,Spain,Carry,Álvaro Borja Morata Martín,3,0,13.248263497402021,32.70578721184655,23.572436028870065,0.0
86e1f6c4-1d8e-40a3-bbd7-6a53d627037a,Spain,Carry,Nicholas Williams Arthuer,1,0,33.7740934372416,32.24964889468942,26.283692096833626,0.0
86e34832-d63b-47a8-bdba-96c580b0ea12,England,Ball Receipt*,Declan Rice,1,1,32.445410571473175,39.767526776743786,29.67865915474515,6.618613220020526
86ede9d0-fb9e-49cf-b80b-72df5ee54c14,England,Block,Kyle Walker,1,1,30.046641083029574,49.4291710244657,20.918713719496896,0.0
86fbbb2d-0a15-4ade-9c88-6006a8eb10ac,England,Ball Receipt*,Bukayo Saka,0,3,35.917495889889345,39.942098576517594,25.52117232938135,1.7371632327819322
8749bd9e-3cb4-425e-822d-f76172dcc169,Spain,Carry,Daniel Carvajal Ramos,0,0,63.44367741337637,59.182339569510255,21.613809574888265,0.0
8751c9cd-ecfc-46dc-8640-bd3b0708efe4,England,Ball Receipt*,Jude Bellingham,3,0,90.99895417402678,27.606658256015063,15.42007598594528,3.4027053644584004
876558a7-371c-444e-817b-4af3187fdc51,England,Carry,Jude Bellingham,2,0,55.39803777488232,45.09033960875277,6.9236940575718355,0.0
876f88b4-fda8-4109-9f21-89a6280b746f,Spain,Ball Receipt*,Aymeric Laporte,0,0,48.862138147270514,64.47218342649425,32.45473129860881,4.100093315860981
877546b0-9072-4272-8e1d-2f44ed76d0ab,England,Carry,Luke Shaw,0,0,54.35212145811417,58.31317937145504,22.2192817820118,0.0
877b6bed-f897-4121-b50e-4dce5918b84b,Spain,Pass,Nicholas Williams Arthuer,1,0,90.226309087058,37.716606522241136,2.4596014818399716,0.0
878731b0-d626-428c-9640-3958c8aaed01,Spain,Carry,Álvaro Borja Morata Martín,1,0,80.3529293920849,13.95974577443587,15.813195288006723,0.0
879d3b0e-4817-4892-9782-147973cb7470,England,Carry,Kobbie Mainoo,1,2,77.22722274682577,45.30659617021311,31.663971847080987,0.0
87c95791-0e72-4b34-85df-d1b9e7a5bae1,Spain,Ball Receipt*,Aymeric Laporte,0,0,50.2852455385445,54.78129396613033,30.137301953329057,9.29529386301106
87fdad76-d667-401c-b411-0d4f89616d55,Spain,Pass,Aymeric Laporte,1,3,52.506594779604384,57.368809447726896,30.22085998825224,0.0
8800e515-3776-4c9c-87fe-1d223698975e,Spain,Carry,Robin Aime Robert Le Normand,0,0,50.690445965373684,63.28486978940345,28.658957750701784,0.0
88081da2-d6db-4f42-916e-c45a2122fd83,England,Pressure,Marc Guehi,1,2,19.12670332279486,28.644481493512888,27.699615074770602,0.0
881b158d-6ed4-4650-961d-6c1e59c42914,Spain,Carry,Daniel Carvajal Ramos,1,1,56.37285283287592,62.66672987756073,25.60902567502968,0.0
88205138-5b76-427d-a77f-d7990d825ac1,England,Carry,Luke Shaw,1,1,43.54333272422617,29.28872324904347,19.013632821821574,0.0
88372773-dfa3-4550-8948-f8da4eecccbe,Spain,Pass,Aymeric Laporte,0,0,31.98325393848591,64.40985369998023,34.57550101291048,0.0
8838ad59-70c1-4262-8d20-eb66eba841ed,England,Pressure,Luke Shaw,2,0,69.55296097668263,54.94541165823532,15.714640662399857,0.0
885a9e23-5aea-441d-8dbb-fc8de9743597,England,Ball Receipt*,Bukayo Saka,0,1,54.70516391989127,52.50288345749723,19.65035353503158,0.0
88bb6962-feb3-487b-8161-f27cdc0c1e27,Spain,Pass,Fabián Ruiz Peña,2,0,74.50962777985328,39.26555699538321,16.18708379455132,0.0
88e41ab5-94d7-47cb-aa1c-50ad04a6d5ba,Spain,Pass,Fabián Ruiz Peña,0,0,63.10979095138825,61.5304171639181,12.95059505262414,0.0
88e73ef4-f68d-4d5a-8f87-fbf64f85e418,Spain,Ball Receipt*,Unai Simón Mendibil,0,0,58.62452197018317,31.826580984237957,55.83648390133576,0.0
88eefdf0-cbee-4b78-9206-94baaa9be466,Spain,Dribble,Daniel Carvajal Ramos,1,1,42.191935004204744,38.19003413478518,31.476280140297998,0.0
891ec084-a682-4bc7-abab-0f8356b0babd,Spain,Ball Receipt*,Aymeric Laporte,0,1,48.45131300923448,51.19353437611073,33.96817362730336,0.0
8923d808-fff1-4a22-a006-b2edc3bf056a,Spain,Carry,Robin Aime Robert Le Normand,0,1,25.532115469536308,64.8546616255077,37.15088395132213,0.0
897defbe-3f31-49a9-86af-ebaf4e6810c5,Spain,Pass,Marc Cucurella Saseta,1,2,33.919070071236305,31.682581459412862,15.982375489866802,0.0
89c7b59d-1621-4cfc-ab70-c3b4774c94fb,England,Carry,Luke Shaw,0,1,50.54137495428284,39.287829161086414,20.77825055124483,0.0
89ce525b-85fb-424e-8f96-db3984875de5,Spain,Ball Receipt*,Lamine Yamal Nasraoui Ebana,2,0,70.3722829293269,51.940335793984424,21.14806421236683,4.040143476831611
89d16e43-d570-4801-a07d-4aa86ce4e328,Spain,Pressure,Rodrigo Hernández Cascante,0,1,77.07583445181515,33.29609009137878,24.51836088345006,0.0
89df124b-8f80-4f02-944b-b7cfc8566214,Spain,Ball Receipt*,Aymeric Laporte,0,0,26.510893381325744,54.18514164317695,27.1245568160299,2.0788431611608877
89fcc12c-93ef-4f26-8f91-4c30f2d6a983,England,Carry,Jude Bellingham,0,0,6.591347257759796,31.829455295725406,21.63207356132179,0.0
8a03f78e-9e7c-4fbf-8ae2-5ac242d16a37,Spain,Carry,Daniel Olmo Carvajal,1,1,64.75992435384894,53.39477541923218,21.2498987488029,0.0
8a10d3b0-bb62-4881-96ed-814e75b2f534,England,Ball Recovery,Kyle Walker,1,0,81.49368574169985,37.66036462289809,14.7200575736081,0.0
8a1f21c9-16d7-45eb-ad1e-dd92a631517d,Spain,Pass,Daniel Carvajal Ramos,0,0,50.70293126041657,47.6400248215648,28.01725221104546,0.0
8a2da5d2-ed5b-4db4-ab39-0b4d06c27fe4,Spain,Carry,Robin Aime Robert Le Normand,0,0,35.258706453718126,48.11193202930618,44.0670861179451,0.0
8a746b12-2220-45f9-ac5e-0e087117d574,England,Ball Receipt*,Phil Foden,0,1,16.620318330049162,42.30771415582964,31.763493756580246,0.0
8a8c322a-15ab-4929-bcbd-ac24a269326c,Spain,Carry,Fabián Ruiz Peña,1,1,81.88853011106627,36.44412857330788,28.02485028130207,0.0
8adb3bfb-cb2f-401e-a070-1f6c5e29bfbf,England,Pass,Declan Rice,1,0,18.650659841383757,53.49298542350195,22.04624412742432,0.0
8adf68a7-6b8e-4790-b122-3dd32c904fa1,Spain,Carry,Aymeric Laporte,0,0,65.22588026670095,60.403900758661564,24.04580656734423,0.0
8aeb7e73-3652-4cc0-ad8c-c58a3123ea20,Spain,Carry,Marc Cucurella Saseta,0,0,70.33735618842182,56.26679654718492,23.356040091946316,0.0
8afa78cb-a97f-43ac-b691-9a0d0e547029,Spain,Ball Receipt*,Daniel Olmo Carvajal,0,0,61.7808841977535,50.854048827093926,19.980245136009213,1.632556544232816
8b20398c-b668-45b7-93d1-67d0d484868b,England,Ball Recovery,Kobbie Mainoo,1,2,16.55952578263845,27.46693463488875,23.07431848421469,0.0
8b283bbe-c89d-4699-8ec5-f6e95cf972cb,England,Duel,Declan Rice,3,0,94.78873509111824,46.44452057046437,15.39726940792101,0.0
8b438b7d-8969-446e-956c-015f18b6a719,England,Ball Receipt*,Phil Foden,0,0,49.74307326447153,45.086874138960546,17.93037710858324,0.0
8b5e94fc-f4ac-4f42-96ec-d4387153ace4,Spain,Pressure,Daniel Olmo Carvajal,1,0,17.810987248996355,29.255127796137746,29.15302431819494,0.0
8bd16f85-a40f-48b1-8fea-a1a8675158d9,Spain,Ball Receipt*,Álvaro Borja Morata Martín,2,0,48.036441006679766,62.52921362050844,27.162778372694962,7.167350540224385
8be0ad89-f36e-45a2-9454-6fe733728424,England,Pass,John Stones,1,1,27.80862838849386,64.99943853215699,41.32734025558179,0.0
8be42571-da97-47c0-8eda-c80b0e3477e7,Spain,Ball Receipt*,Robin Aime Robert Le Normand,0,1,51.637336947848574,56.71270799350393,25.044234523694485,6.521776036286477
8beb73b0-3cdc-49c1-90eb-c8fc6fe170b0,Spain,Carry,Aymeric Laporte,0,0,62.64385865703814,55.55411822018229,28.651705931568596,0.0
8c07daa9-6cc8-4ecf-becf-356ef0d09f4f,Spain,Pass,José Ignacio Fernández Iglesias,0,1,33.698074131662146,67.06801039102179,32.6719297970722,0.0
8c292f06-a6a3-4133-8110-c1826e2076e8,England,Pass,Marc Guehi,0,0,34.42094804103493,57.30942557644206,30.215265604481033,0.0
8c41f5b7-a96a-4d74-8acb-99774379dc67,England,Pass,Kobbie Mainoo,2,3,16.370184668329603,25.638042861190527,22.39763154991049,0.0
8c474617-e684-47f2-9233-39211dc4ed24,Spain,Carry,Aymeric Laporte,0,1,49.75681884412434,50.99790671612211,33.32449418045626,0.0
8c59879d-f73f-4c33-9f87-e422d6675cef,England,Ball Receipt*,Kyle Walker,0,0,59.4409931065675,57.57159581147836,29.619009371339594,4.054671964733093
8c867989-e12a-43ad-91b1-402154a0e46b,Spain,Pass,Álvaro Borja Morata Martín,1,2,58.64108155673127,53.07161603851363,20.976949008541034,0.0
8cb90206-bced-46d8-a4e1-e1bee8979e60,England,Ball Receipt*,Phil Foden,2,0,69.34547046715936,37.570910700139834,16.104181674902307,0.0
8cc6aaba-4a09-4727-ae06-d0723b884211,Spain,Pass,Lamine Yamal Nasraoui Ebana,2,0,77.46774976268655,22.34812009120125,18.800749553820726,0.0
8ce3409a-b1a8-42fd-bee2-d8cde3a793bc,Spain,Dispossessed,Lamine Yamal Nasraoui Ebana,1,0,16.171485316248447,43.33021857792261,8.125005436816776,0.0
8ce4ff3f-c4de-43fd-af91-3fe381fc5b8d,England,Carry,Declan Rice,1,2,14.90566736888388,32.868278558496925,24.488531813554243,0.0
8ce9de41-c7dc-4c32-ab67-56b1e047347d,Spain,Pressure,Daniel Carvajal Ramos,2,0,39.08488879900857,39.08321890439602,20.290933320537974,0.0
8d2cd8cf-e3c1-40e9-b270-8d7b00c82c0f,Spain,Ball Receipt*,Daniel Olmo Carvajal,1,0,62.77110455195367,23.823786512419524,17.60702944262719,2.4354257528686993
8d3897d2-4575-4097-8b9e-3ba3d9716af8,England,Pass,Phil Foden,1,1,33.40657218908328,41.74910826579666,29.109190599872292,0.0
8d391ed9-8d76-4643-b2d4-416b8189d6da,England,Ball Receipt*,Declan Rice,1,2,14.90566736888388,32.868278558496925,24.488531813554243,5.0424827974356345
8d45a948-f318-441f-9392-58169ea39378,Spain,Carry,Robin Aime Robert Le Normand,0,0,49.142827878811914,51.69649922154559,25.728176627604487,0.0
8d4d521a-e50c-4113-8aae-0f604700179f,Spain,Carry,Daniel Olmo Carvajal,1,0,38.562068383739806,53.65565976293245,25.63972159391913,0.0
8d505287-a875-41d9-997b-5c9c8b32cca9,Spain,Foul Committed,Rodrigo Hernández Cascante,1,2,32.25022886046056,47.756322976467466,25.925195311640532,0.0
8d57a43b-7a45-4514-9959-a6df6167282c,England,Ball Receipt*,Jude Bellingham,2,0,20.2304888363323,63.17921930226792,33.69788346534935,0.663402726618683
8d8aed42-1b4a-42eb-83ee-4f44dc82aad0,Spain,Carry,Aymeric Laporte,0,0,27.872268597000282,59.60812201342862,30.529926609088783,0.0
8db624e7-7ebb-47df-ae53-8b1fd8da5484,England,Ball Receipt*,Cole Palmer,2,1,76.6856594363102,50.506374790428545,20.560970597891686,4.080890905948481
8dc287e6-1a80-49e4-9aa2-7b34c0631a8f,Spain,Carry,Aymeric Laporte,0,0,25.346166918129935,62.55101619911253,33.6706283044044,0.0
8e0b411a-9f31-4d65-a86b-273e238511a2,Spain,Pass,Unai Simón Mendibil,0,1,17.453193138228443,64.29616820055067,32.324508147344105,0.0
8e107097-5f7e-45a2-a52d-a93411907af0,Spain,Pass,Rodrigo Hernández Cascante,1,3,38.76435725618884,33.41939733897351,24.287013580091934,0.0
8e50cace-73f4-44fe-8ec5-fd69d0a283e9,Spain,Pass,Lamine Yamal Nasraoui Ebana,1,1,77.94989585265941,44.35540263244294,20.72275173724016,0.0
8e5f7486-3902-4b2f-b8d2-98b686204d51,Spain,Ball Receipt*,Daniel Olmo Carvajal,2,0,77.7626604506321,32.390296516973635,14.446871349631444,1.8035691748647245
8e6cd39b-364d-47ce-8104-d5e5491e5184,Spain,Ball Receipt*,Daniel Carvajal Ramos,1,0,51.465992677218395,44.826894818800625,27.263808944151403,1.0365430471970154
8e6de4ce-fb99-4a1b-a169-e6966db6bfe0,England,Ball Receipt*,Phil Foden,0,1,66.26604859869956,30.69715342098104,29.938357205629206,0.0
8e793bb3-29b0-4c3c-ba3e-25be3de7d848,Spain,Pass,Daniel Carvajal Ramos,1,1,58.37472812633934,61.769032540085384,23.788011496114933,0.0
8e7e563e-8bd1-44de-b8e4-04bb23e72024,Spain,Pass,Lamine Yamal Nasraoui Ebana,0,1,59.088195607484785,58.80369392910745,21.476136748754165,0.0
8e83598b-46b8-46d2-b762-a348e890f7d0,Spain,Pass,Nicholas Williams Arthuer,1,0,61.35812192450169,46.23043903776574,6.9341083227894975,0.0
8e854fdf-395a-4ae1-8c3d-4575274b6a3d,England,Pass,Kobbie Mainoo,1,1,74.4540382477143,22.22683110417263,13.861202797206438,0.0
8e9305fc-bdb7-44bb-8a3c-161e0e92d600,England,Carry,Kyle Walker,1,0,22.923110755055212,51.477481424393815,26.86133766648556,0.0
8eab51fc-0835-4fdb-8fe2-9c38fc38c46b,England,Foul Committed,Bukayo Saka,1,0,92.92522575372685,41.98141142370032,22.151172457364563,0.0
8eaf881f-e49b-4b48-a4ca-0a21f7b8ddb8,England,Dispossessed,Phil Foden,2,0,35.212422225157724,36.962159582146114,26.983738408554153,0.0
8ed81cbf-e816-4148-9ae9-951a2062c62c,Spain,Ball Receipt*,Nicholas Williams Arthuer,1,1,67.85071315453949,56.03315034926884,24.437640709031026,0.586930848655495
8f0e9df2-fcdd-4c69-9f6b-e1ac0f85f903,England,Ball Recovery,Kobbie Mainoo,1,3,8.069665711916862,30.08780204179983,14.711542457506907,0.0
8f32b119-d5db-4e1e-b598-567fbaa8d74f,Spain,Carry,Fabián Ruiz Peña,0,0,71.63361200810388,40.679892084958055,13.364021689034011,0.0
8f3363fb-6b0a-488e-a195-17780b2bf3dd,England,Pass,Kyle Walker,0,0,74.54847385582659,40.08664102726262,20.589152272641417,0.0
8f586b5d-523f-4e73-90e0-1264cdb7b63c,Spain,Ball Receipt*,Robin Aime Robert Le Normand,0,0,54.12947347098105,61.55432752296199,27.98155331305397,2.1583295051903533
8f998e9b-25ef-48b8-98ef-47bcedf3f206,Spain,Pass,Nicholas Williams Arthuer,1,0,84.28194251618089,33.7567755378902,18.635440335734053,0.0
8fa948e2-34dd-4e16-adf3-769bc55a141b,England,Carry,Kyle Walker,0,0,57.007502170036446,44.917244387234426,22.962854815455024,0.0
8faaa356-580f-4c39-b965-feaad5d02333,Spain,Pass,Lamine Yamal Nasraoui Ebana,0,1,94.35885481358713,42.72087895479669,16.293410292891494,0.0
8fcf2851-25ee-495b-8c36-9fbe2ab04a83,Spain,Pass,Martín Zubimendi Ibáñez,0,1,70.94730177515135,60.624007016298485,24.609891061352645,0.0
8fdf5145-ee28-420d-b176-12b0c1f4ce92,England,Block,Kobbie Mainoo,2,0,77.61393213848643,36.82634629786008,13.90187334564334,0.0
8ffd0f91-354f-4355-adff-02fd20d4c1fe,England,Pass,John Stones,1,0,30.408125079800534,48.7487320930666,35.99872549905412,0.0
9006a663-c09f-4dc9-8bf5-690768b08618,Spain,Ball Receipt*,Aymeric Laporte,0,0,27.872268597000282,59.60812201342862,30.529926609088783,2.595821108172437
9008e9cc-f44c-431e-bb25-3c01bd430828,Spain,Ball Receipt*,Robin Aime Robert Le Normand,0,0,66.2751902575434,65.46308770213214,23.593225244746947,4.933853386813876
900d3084-5f55-4ba6-9fdd-27b607a4f2a2,England,Ball Receipt*,Declan Rice,1,0,80.9521217888532,42.19192500309425,18.413771245477758,2.116006799312909
901880f7-a851-4ec0-b6da-660bb5b4f882,Spain,Pressure,Martín Zubimendi Ibáñez,1,0,6.580823310162605,26.914359103073714,18.883451134031407,0.0
904eb29d-5691-4e83-ac9e-37b43490d5f6,England,Pressure,Kyle Walker,1,1,15.785280337866501,34.73216208419446,27.924655572455404,0.0
9072242c-b13e-4e85-8578-8cd9a606a614,Spain,Carry,Daniel Olmo Carvajal,1,0,26.18388618307373,49.56111286793913,29.367470697731406,0.0
907942d5-149f-475b-91d6-1e732b9bdbc3,England,Ball Receipt*,Luke Shaw,1,0,80.3988245363577,31.6228136788134,14.315537700646535,9.101038871628315
9105d2d5-e560-4f0f-b1ff-c706e8a398a2,Spain,Dispossessed,Fabián Ruiz Peña,1,0,40.33777003784664,34.11049150113111,32.49665889736148,0.0
911ed36d-0462-41ff-8416-6573fc67b95a,Spain,Ball Recovery,Robin Aime Robert Le Normand,0,0,35.85965276049959,29.87691888759843,22.334794192215444,0.0
9126e79a-d33b-4d8d-85eb-b92ab76ef05c,England,Carry,Kobbie Mainoo,1,0,74.14011736989828,41.79329806136848,12.291180908426409,0.0
915f8231-548d-4246-8ab8-a9ce4b4283c2,Spain,Block,Lamine Yamal Nasraoui Ebana,3,0,83.0906432003426,39.45515429022969,10.807735524889432,0.0
9166a1ad-8079-48d9-a986-b92fc74b2ab4,Spain,Duel,Martín Zubimendi Ibáñez,2,0,71.12698129299785,43.483298357103365,28.98105400518872,0.0
916d55bb-2d23-413e-a972-b6d9a1cb3655,Spain,Ball Receipt*,Lamine Yamal Nasraoui Ebana,1,0,68.90405312761007,47.88038159132701,8.787642303589227,4.92523545473984
91c6d493-b86e-46dc-9518-f31a941b6137,Spain,Pass,Nicholas Williams Arthuer,1,0,60.225934385521285,54.500576919559755,25.758331473656156,0.0
91dd0c6e-7313-4ce8-8447-db4223aa796b,Spain,Ball Recovery,Nicholas Williams Arthuer,4,2,85.44971050674738,33.14356871917982,9.651825214027015,0.0
9205c214-04a0-4236-a6ce-b85e1dab4dbb,Spain,Pass,Robin Aime Robert Le Normand,0,1,69.30829848251808,49.64282388100078,22.11131225829561,0.0
921319eb-533b-48a1-835c-93b5004b9d2d,Spain,Pass,Nicholas Williams Arthuer,2,1,84.49545753063514,33.75809716491748,11.100541194208558,0.0
9249cae8-358b-46c1-8089-08dcb559f0c1,Spain,Ball Recovery,Rodrigo Hernández Cascante,0,2,24.751865366361887,37.72306646876581,24.13807611101666,0.0
92827a0d-af35-4f80-bef2-b095f3fce382,Spain,Pass,Daniel Olmo Carvajal,1,0,28.57223268462761,52.91250605910676,40.743557060294584,0.0
9291ca09-62d6-40d6-9218-979c19d61942,Spain,Pressure,Lamine Yamal Nasraoui Ebana,1,1,69.30732205310403,20.831015617132078,18.38687895375577,0.0
92b69525-ddd1-49b2-a5c3-4c2a5b548bb2,England,Ball Receipt*,Luke Shaw,0,0,34.710976909726384,41.30680347144989,16.72069609632476,3.1995176387893944
92be34df-fc14-4545-ab11-991121694dcf,Spain,Ball Receipt*,Daniel Carvajal Ramos,0,0,70.0981731461624,50.745604972338,29.56635247010769,0.0
92c5c8e8-e04e-44e7-b3d4-126a79840290,Spain,Pass,Aymeric Laporte,0,0,18.907287801253947,59.79293144680187,27.51752203776744,0.0
92c5fea3-f3fc-44d0-b2e2-d2a75dc288e1,Spain,Ball Receipt*,Rodrigo Hernández Cascante,1,0,44.48464894773409,56.04124378043412,30.567358505841383,2.4151177406836544
92c69389-c964-4634-afed-561ef2db0c59,Spain,Ball Recovery,Fabián Ruiz Peña,0,1,66.26604859869956,30.69715342098104,29.938357205629206,0.0
92d39f96-cd0d-45ab-b677-e51133bc35a1,Spain,Carry,Fabián Ruiz Peña,0,1,75.76047551917073,35.50358118402248,21.095839821525725,0.0
92f73018-dfdd-46b6-a2f1-9bdffd738aa2,Spain,Pass,Nicholas Williams Arthuer,1,0,71.63729630916173,51.05556362944203,11.060316023876581,0.0
93066d32-aa9a-43dd-82a8-838ba2040881,England,Carry,Jude Bellingham,1,0,6.41498945399162,20.379383905457253,12.900977206521256,0.0
931e3720-cd57-4cc5-b1f7-f4bead5b532f,England,Pass,John Stones,0,0,29.980629638092125,62.36921445894439,33.013454470743014,0.0
9320b264-b4b7-42b3-81db-eda48016074d,Spain,Carry,Daniel Olmo Carvajal,2,1,71.08591073665174,32.68995174875095,30.7768310953108,0.0
9332fa90-a0a6-4c7d-9641-b3d3b452efc7,England,Ball Receipt*,Luke Shaw,0,1,50.54137495428284,39.287829161086414,20.77825055124483,1.1288079249945615
9344d801-35b9-4350-88cb-57736ae42f20,England,Ball Recovery,Jude Bellingham,1,1,80.54888706946979,26.30646071323328,15.050526429079348,0.0
934ce257-8b9c-40af-815c-0409e3e6c258,Spain,Ball Receipt*,Aymeric Laporte,0,0,26.65594411410259,65.92439032811596,46.87301110267773,0.9851983159875819
9363f2b0-7cd3-44ed-a5b5-b7a5f23e136b,England,Pass,Kyle Walker,0,0,76.0232101368934,49.798104661927454,32.94364852524637,0.0
936b86a1-c223-4c59-9011-71581461dcf0,Spain,Carry,Daniel Carvajal Ramos,0,1,66.55816958947091,49.32950205664603,22.273274407390847,0.0
936fb112-d828-43d6-9c3a-ce58610afd4c,Spain,Pressure,Fabián Ruiz Peña,1,0,85.56856768267971,30.38622138699819,11.387852881873842,0.0
9371a13a-1d1a-46f3-a6eb-41244fb6625d,Spain,Ball Receipt*,Aymeric Laporte,0,0,71.1985024844795,50.6919671693557,30.237705477990225,14.205018315058439
9378cb71-d450-41bf-a4a1-2d3306013d7e,Spain,Carry,Unai Simón Mendibil,0,1,27.550860661848326,63.206252612706336,38.296294616032604,0.0
937faae1-ffcf-41a0-bb52-3f1d7e3f7f0c,England,Pressure,Phil Foden,1,1,48.29742474904508,33.55211002865833,23.744834757071704,0.0
9387b86d-99d7-4545-843d-cc0765d0ea23,Spain,Ball Receipt*,Daniel Olmo Carvajal,0,3,37.854470969529324,62.09994563560581,33.78412526073576,3.561422032514624
93962215-1480-43df-b75a-b881ae477173,Spain,Carry,Marc Cucurella Saseta,0,1,44.79555656874356,64.61709291719157,32.66406521755509,0.0
9399b6b9-7c48-42b4-8f7c-7c14c67f5288,Spain,Carry,Rodrigo Hernández Cascante,0,0,47.05913159021235,57.74522385629915,33.156972126512045,0.0
939edaee-d24e-40ce-a564-03e490be24f1,Spain,Ball Receipt*,Unai Simón Mendibil,0,0,10.359029079573082,31.816278303099246,26.339752866284666,5.76281286737314
93af9d55-11f2-40f6-b305-c5bb7384497d,England,Pass,Jude Bellingham,2,1,29.654915050558937,36.73516682012406,28.01415011911957,0.0
93b5fa2c-216f-4a56-a02e-3b33f9ab892e,Spain,Pass,Robin Aime Robert Le Normand,0,0,52.8409206729769,60.137571195871665,28.515983451905793,0.0
93bcb6d5-fefb-46c8-ae73-b58b48ee4421,England,Carry,Declan Rice,1,0,80.9521217888532,42.19192500309425,18.413771245477758,0.0
93cf01e0-5a42-4e2b-8dfe-06054c01b34f,Spain,Ball Receipt*,Álvaro Borja Morata Martín,2,1,58.46383667912729,33.85089127742435,31.268928946254366,0.0
93e3348c-090a-4e37-b741-a5a59f8f4810,England,Pressure,Luke Shaw,1,0,23.74817618032002,23.166386164178693,24.862390277353466,0.0
93f90b83-42e9-49a4-a971-04932acf5f26,Spain,Pass,Daniel Carvajal Ramos,0,1,68.62530378920572,54.276431246737204,31.598929061130686,0.0
941c58dd-7472-4206-b055-fabf19794065,England,Ball Receipt*,Luke Shaw,0,0,56.422248407240424,56.038092603147504,33.32942051367864,3.067264618416988
942287de-aaee-420d-8d29-494cc887d32e,England,Ball Receipt*,Luke Shaw,1,1,67.90659420580569,57.7661243672215,23.597582905641218,3.5605930239821455
942539be-de5c-4609-b75a-1d53466360d0,England,Ball Receipt*,Declan Rice,1,0,58.16875666476296,17.07202888763726,13.810599477736561,0.0
94298bac-fe85-481a-9d75-d9e3f582ce3e,England,Pass,Kyle Walker,0,1,64.07134729712693,61.95999910447172,25.563722266065227,0.0
943db132-fc58-459f-a80e-06f8d7afcdbe,England,Duel,Luke Shaw,1,0,4.506658988989572,32.563656346487186,14.597489687593702,0.0
944e7273-2f19-4bbf-ac53-e6243de8a556,Spain,Carry,Fabián Ruiz Peña,1,0,71.72117952685603,52.71454313878948,16.250173995869435,0.0
94b1dbb7-81fe-4106-83fc-1708c3a75ac3,Spain,Ball Recovery,Martín Zubimendi Ibáñez,1,0,39.61533075545421,35.161169192967044,24.35371826923073,0.0
94b975e3-7eb6-49dd-a5d0-0f7b33e24fc8,Spain,Goal Keeper,Unai Simón Mendibil,1,3,4.495856988305774,14.369236532680537,12.180048967549276,0.0
94d75035-67a3-45ae-86b1-92241435882f,England,Ball Receipt*,Cole Palmer,0,1,93.29538531958661,25.199313660684908,9.455945749104787,5.264103652507082
950971c5-8b88-4eb4-bc80-bd7bc9682363,Spain,Carry,Nicholas Williams Arthuer,0,1,17.932958939282436,35.12884002438435,29.060301362605248,0.0
953cfb21-e35c-4038-9c6b-e2821d53148e,Spain,Ball Receipt*,Nicholas Williams Arthuer,0,1,17.932958939282436,35.12884002438435,29.060301362605248,10.551419735999627
9556fe82-6f86-486e-91be-f4e9303adde4,Spain,Pressure,Rodrigo Hernández Cascante,1,0,7.745001651213466,29.88710047647154,24.058221272645124,0.0
9567fc2b-fccc-471e-b201-1e64a4e4dc6f,Spain,Pass,Unai Simón Mendibil,0,0,14.369466408265197,58.61209036249755,33.977107737939306,0.0
959640f3-1a12-4c0d-8156-7f59f8189863,England,Ball Receipt*,Jordan Pickford,0,1,26.027133212809506,64.54591919666535,37.73145492895513,1.298127238384629
959e3afa-a140-432e-8041-6769853b803a,Spain,Carry,Robin Aime Robert Le Normand,0,0,61.53984550801993,60.84276402157581,25.571476321039935,0.0
95af2a47-91d4-4201-8780-54fbbb0be8ed,Spain,Carry,Aymeric Laporte,0,0,42.587359558563534,55.531892528990575,33.08979107416342,0.0
95c7d35f-6076-4873-b7ef-411436865cca,Spain,Pass,Daniel Carvajal Ramos,0,0,42.50434786073662,33.38380861961993,31.629674516058664,0.0
95d2a391-0d9c-49f6-8365-e0c4c2e8650f,Spain,Pass,Aymeric Laporte,0,0,50.76703074645904,52.373031251333245,39.457343243010904,0.0
95d75b75-8eb7-43ba-9645-07d4102e43ca,Spain,Pass,Marc Cucurella Saseta,1,0,20.09636620711778,59.526622215634674,40.75671922169174,0.0
96551592-47bf-437f-bb66-e98a8267d743,Spain,Carry,Aymeric Laporte,0,2,58.903863713709676,59.25609654541887,26.09421027433164,0.0
965d0234-9170-498f-b28d-593f3c67e71a,England,Ball Receipt*,Jude Bellingham,2,0,55.39803777488232,45.09033960875277,6.9236940575718355,3.918557434223931
967a0623-f8cb-49ad-afbe-2a9731ddb36d,Spain,Pass,Fabián Ruiz Peña,1,0,50.81077647718221,50.400630003246064,19.334030034453395,0.0
967e9e3e-0163-47a4-a243-75ed51ccd207,England,Ball Receipt*,Kyle Walker,0,0,13.423701033984823,38.814519446208145,32.05068665666211,0.0
9692fc75-ccfa-41f1-b20d-5392c1091bf7,Spain,Carry,Mikel Oyarzabal Ugarte,0,2,23.971760458800432,37.82325125651611,18.88279106493156,0.0
96984f45-ec01-4097-8563-61ff47964906,Spain,Carry,Unai Simón Mendibil,0,1,23.603270629167994,60.39759476059141,46.79632438805863,0.0
96c2f138-5c9b-4071-8088-8c7e3e344a50,England,Carry,Declan Rice,1,0,47.05159970091244,57.565433515149444,28.561718917098894,0.0
96c37cbe-ca1e-490a-868b-70709a7ad657,Spain,Pass,Lamine Yamal Nasraoui Ebana,2,1,34.61492762806546,65.06758228580671,34.222622875820164,0.0
96ce4514-33c6-4204-a7fd-7f53a64d5647,England,Ball Receipt*,Harry Kane,2,0,13.836945431157014,29.985319747580878,26.790151852514413,0.0
9703c634-fdd2-40e5-8a3f-a6cc1e8c3bb0,England,Pass,Marc Guehi,0,0,19.103917732850643,61.18355736915834,34.77443201721683,0.0
9745f1e7-a98e-44cf-9a95-c98abbd881da,Spain,Pass,Robin Aime Robert Le Normand,1,2,12.006823407638937,56.05649669448647,31.925207018511184,0.0
9752ea7c-143b-4cf5-aa6b-fe293c70c36f,Spain,Clearance,Marc Cucurella Saseta,2,3,12.22884319665584,13.98545276706111,18.948752483997577,0.0
9768b297-d45a-4ef8-82b6-a5ac78c42a7c,Spain,Pass,Lamine Yamal Nasraoui Ebana,1,0,73.9522573990848,46.15670898173357,9.580248331142093,0.0
9798b083-a882-4ff8-b03a-0648d714a928,Spain,Pass,Rodrigo Hernández Cascante,2,1,60.775098818273314,50.069434335392096,21.043256430409773,0.0
97a0f0e7-8668-482b-a6ea-b47ebbe7e0dc,Spain,Ball Receipt*,José Ignacio Fernández Iglesias,0,0,39.330252011647026,58.00264744497835,25.967584264001143,3.8290706916639157
97a3f4ba-7ec7-42a7-8b59-c730340d98bd,England,Carry,John Stones,0,0,18.491372732906864,55.28619196604159,43.27893596243017,0.0
97d405e0-8ca4-4964-8a8a-bdd5e29bfe2b,Spain,Pass,Daniel Olmo Carvajal,3,0,55.05924401973438,62.08784314360278,28.15317229905047,0.0
97d8a481-ad92-44c5-93f6-e1a3b46161c7,England,Ball Receipt*,Kyle Walker,0,1,88.26465709508598,42.10484398263956,14.272528974815309,0.0
97d8bb14-e91e-47c1-b7b5-085f90d44caa,Spain,Ball Receipt*,Nicholas Williams Arthuer,2,1,73.7870097727632,56.34046497783172,18.98092777663503,1.7789715860958586
97e678b3-09be-41c2-a33d-ed9dd691c2e7,England,Carry,Phil Foden,0,0,40.387037919191606,63.97260972009344,31.855288201301335,0.0
97ea9f53-5e88-4727-b8f6-6cfd45f4bfd2,Spain,Ball Receipt*,Daniel Carvajal Ramos,0,1,69.9629993821519,57.16002958049632,23.621810182782863,2.434866801400618
97f24d5f-2144-4ec7-9770-bb5be9e2b958,Spain,Carry,Daniel Carvajal Ramos,0,0,46.25182372490653,62.09285164234151,23.368675513781376,0.0
9856e813-dd4a-4a83-a659-ff648512e1a1,Spain,Ball Receipt*,Aymeric Laporte,0,0,38.45633057919532,64.97976803806368,34.3601999352118,2.99774141065479
98769045-64ff-4628-b5bb-7ce49ed7d3f6,Spain,Ball Receipt*,Daniel Carvajal Ramos,0,0,43.76047209803281,56.72260367384987,28.84161584154288,7.415291978433997
987a3f1e-4dc4-4833-8896-5513e35c3fc5,Spain,Carry,Robin Aime Robert Le Normand,0,0,15.549188723980016,62.75165938892956,55.22139685267338,0.0
988adee7-b0c7-4f09-8ba6-d692425d8fdb,England,Pass,Jordan Pickford,1,1,7.704179728256743,54.098214651496214,30.01371531127434,0.0
9892d494-f45d-4b26-b769-3ea80e3c9640,Spain,Pass,Aymeric Laporte,0,1,27.989063178874506,63.30109133448967,29.58502392556782,0.0
989a8f67-a576-42c3-ac7b-294a1cbd0083,Spain,Ball Receipt*,Nicholas Williams Arthuer,3,0,79.83895180344908,27.669540292274217,5.81165098438214,1.307010186230267
98b1d1a7-86ad-4333-813e-2e4442323cf3,Spain,Pass,Daniel Carvajal Ramos,2,1,61.85715567155667,58.11106400312662,16.327365778084303,0.0
98b6abe2-7ece-421e-a437-33f37c9a3678,Spain,Carry,Aymeric Laporte,0,0,31.454299672745584,67.96126419507236,46.77170245134293,0.0
98b730a5-d39c-4afd-aac9-43ce614986e9,Spain,Ball Receipt*,Daniel Olmo Carvajal,0,1,45.830423728481854,36.95170448142565,35.522289355858284,4.244389029069793
98b834c3-bf80-415b-9e5e-e49d2cdff6e4,Spain,Goal Keeper,Unai Simón Mendibil,3,2,3.738627636654783,22.930827508616833,20.996404082229414,0.0
98b92d91-15e0-4361-bbd3-d227f3578963,Spain,Carry,Nicholas Williams Arthuer,0,1,25.91741606693185,47.51537607336491,31.232059541744594,0.0
98d68d9a-ca62-4c1e-a8e5-b0e9456d5c9e,Spain,Pass,Daniel Carvajal Ramos,0,1,33.45327673360857,55.25929858789557,25.848418809576845,0.0
98fd0c49-4eb2-4f52-8342-980d0e82baf1,Spain,Ball Receipt*,Lamine Yamal Nasraoui Ebana,1,1,38.4048,12.783231235021292,22.972488916917456,2.642639952536992
99005a1a-99db-4a0d-b66c-db38acaa4b05,England,Pressure,Luke Shaw,1,1,30.996891066447457,45.55354921841755,27.794779171686024,0.0
990a5dbb-966d-4558-b5b9-92d96c469543,England,Dispossessed,Jude Bellingham,2,0,60.64177698684033,36.574445669789334,12.80191553308831,0.0
9926b420-bfbd-4963-b03e-382f0e6b6ab9,England,Pressure,Jude Bellingham,2,1,46.189482095130955,42.755579582314255,32.13489129609895,0.0
993a7079-6698-464e-829e-8fb6d26b6e88,Spain,Pressure,Daniel Carvajal Ramos,1,0,12.558633063302382,46.75507009400634,23.583284467397593,0.0
993cd1e4-fc46-4bca-a5ef-94f51616cc97,Spain,Carry,Unai Simón Mendibil,0,1,27.886200620565976,63.03674112925834,46.186733415631906,0.0
993f68c5-bf07-4a1f-8ac0-7a0fa0052a6a,Spain,Carry,Nicholas Williams Arthuer,0,0,35.13075135369707,40.614935232332236,7.631540874749735,0.0
9962f526-6b37-41ea-b9e7-17ede29a9a43,Spain,Goal Keeper,Unai Simón Mendibil,0,0,7.327289067178743,18.28028427497489,13.472178686008876,0.0
99abb21e-4f2d-41c9-ab04-b9c65f54c6fb,Spain,Pressure,Daniel Carvajal Ramos,1,0,57.735762219510704,43.698490673123175,35.49517050019575,0.0
99ba2ee2-83b9-4461-8425-44fde0e53aec,Spain,Ball Receipt*,Fabián Ruiz Peña,2,0,62.00335610349109,22.99862808524023,19.043529342924565,3.4951115572827556
99bc1895-0837-492f-8246-9a9bb4c07559,Spain,Pass,Robin Aime Robert Le Normand,0,0,30.845371831017776,54.818338903728126,32.36091009023064,0.0
9a3a006b-343c-432b-b62e-c8a763b02024,Spain,Carry,Aymeric Laporte,0,0,66.98544917381145,56.964723927786764,26.661053832264898,0.0
9a5bf7ab-60b9-4356-aca8-1c0727dcaad6,England,Carry,Kyle Walker,0,1,56.14115991960216,48.487138199422354,33.69668656272574,0.0
9a658d80-edf6-4671-8d6f-e2248dc83f12,Spain,Ball Receipt*,Aymeric Laporte,0,0,29.94699599301558,64.60367064612275,45.86830337626223,2.9995542596413114
9a75fbce-e7ef-43ba-b1c9-94c2760d48f6,England,Block,Marc Guehi,0,0,47.57164669949076,42.49005560239618,29.088468323058315,0.0
9a905ef4-e016-4b66-ac9d-d1bdaea86117,Spain,Carry,Martín Zubimendi Ibáñez,1,0,39.61533075545421,35.161169192967044,24.35371826923073,0.0
9af15a5b-9953-4ef1-8569-f85ca47cfad5,England,Carry,Jude Bellingham,1,0,61.1861534812222,39.20584662405236,10.283668706382663,0.0
9af79c21-ad73-4779-8c9a-cd4f43c9b3bd,Spain,Pressure,Lamine Yamal Nasraoui Ebana,1,0,54.62154558329281,40.502722783487116,32.761332247704814,0.0
9b11e9f2-cd08-4cc2-9120-c319cb8eeedf,England,Goal Keeper,Jordan Pickford,1,1,5.828158161061553,22.015292493562875,13.408414099064819,0.0
9b2082e0-7669-4aed-8477-26abf1af6bc4,Spain,Ball Receipt*,Robin Aime Robert Le Normand,0,0,29.11232484904867,63.725989192869896,34.3773192649298,1.1751455349093811
9b358e6c-608f-49a2-a713-2d358021a213,Spain,Block,Nicholas Williams Arthuer,1,2,67.96684211986006,29.078255037847637,22.423726866699624,0.0
9b3a6143-57d7-414a-a821-f8bcc9033622,England,Ball Receipt*,Kobbie Mainoo,1,0,18.351351189833593,46.45816786194982,42.22646921583796,4.744704184659277
9b497c8f-0d99-496d-894f-6919783b7b6b,Spain,Carry,Aymeric Laporte,0,0,45.08114914965982,64.95712646874031,30.256242337808334,0.0
9b575fc6-b2b3-46a1-86d6-eaf2ce85b07a,Spain,Pass,Unai Simón Mendibil,0,0,22.82399206398922,64.53426250617126,37.058711982935776,0.0
9b5fe9a6-da4b-40a1-8a0c-3b4bec02397e,Spain,Ball Receipt*,Marc Cucurella Saseta,0,0,46.42523623044254,34.442765305661084,30.524364435560507,0.0
9b809b2e-51ee-4176-9502-c03703a2f425,Spain,Carry,Nicholas Williams Arthuer,1,1,42.21285572578765,55.3192316177884,32.24630637039229,0.0
9b92a91f-75d6-487d-81e2-488ea4fe8ee1,Spain,Ball Receipt*,Fabián Ruiz Peña,1,0,66.01699222927428,58.6394191514795,28.823122853729345,4.697059863168134
9b9e4af5-f395-43d3-8de1-aa6f95578d08,England,Pressure,Luke Shaw,2,0,13.301157023098535,24.508371801658953,21.56158135510594,0.0
9bba24ec-def2-4657-807b-1b6d094f4d3c,England,Carry,Kobbie Mainoo,1,1,42.64978126708505,56.919078340483544,28.3568230155716,0.0
9bc11482-c27a-454e-84d5-0f9a68378cc5,England,Ball Receipt*,Jude Bellingham,1,0,19.4386736954622,47.08556031994563,33.12499836172434,0.0
9bc20ea7-9f78-443a-aa02-c0ffc2bf8b03,Spain,Carry,Daniel Carvajal Ramos,0,0,34.149115722042566,60.5512333453145,27.982603396642666,0.0
9bd5424c-51f9-4e3b-8cb6-1d3c6d7b6924,Spain,Carry,Unai Simón Mendibil,0,1,20.390946942454086,66.59309167264226,29.585925343323314,0.0
9bd9842f-6535-4d57-b48d-1d8b6b2bd1ae,Spain,Clearance,Lamine Yamal Nasraoui Ebana,1,0,4.659168861503871,28.33729263979964,18.418982339982097,0.0
9be6bb15-7db5-483e-aee7-44430f07c38f,Spain,Foul Committed,Mikel Merino Zazón,1,0,78.58468328185722,16.488023679578472,22.66850893357049,0.0
9be7c46d-7757-4c11-8589-1125f9b61ec4,Spain,Carry,Aymeric Laporte,0,1,23.121557281916616,65.93640787444139,28.98125832605398,0.0
9c107df3-a3c8-4ad5-bc35-00214087a105,England,Carry,Jordan Pickford,0,0,46.63787031404664,35.15226831692247,44.70812922512568,0.0
9c122332-6c8f-44fd-88d2-423ac8b595fd,England,Pass,Jude Bellingham,0,0,74.86889216460895,43.10089444813464,21.05675960272143,0.0
9c2b7d43-518f-4e81-819f-e106caab3893,Spain,Ball Receipt*,Marc Cucurella Saseta,0,1,44.79555656874356,64.61709291719157,32.66406521755509,1.718795156797995
9c429369-4769-405b-827b-499aca5a6283,Spain,Carry,Robin Aime Robert Le Normand,0,0,39.05266050421341,63.935038180526185,34.54278502883672,0.0
9c4a687e-1cc8-4901-8e50-cb29ed6adcc3,England,Ball Receipt*,Harry Kane,1,0,63.171220603238176,57.07431553199693,24.30653903145839,4.1399686651523036
9c6371c7-8400-498f-8254-ed2fa2a56d93,Spain,Shot,Fabián Ruiz Peña,1,0,80.98071991821718,37.283536965022144,13.919721011420219,0.0
9c873301-9125-47ec-a86f-81a583039c7b,England,Pass,Jude Bellingham,1,0,34.792805232984065,58.64389278796813,31.80252257476779,0.0
9cb4ecff-75c1-419e-b81b-e049d3fc8dac,England,Ball Receipt*,Jude Bellingham,1,1,17.68852868975218,63.633441950484595,33.01173895042368,5.519390554480278
9cfa3dcd-aa58-45f7-a45c-0393d2d80bb9,England,Pass,Bukayo Saka,2,1,23.255113219820654,31.51359224113977,21.426152941754278,0.0
9d168662-d469-43b9-b542-0c98169246f6,Spain,Ball Receipt*,Nicholas Williams Arthuer,1,0,54.468512729444114,46.44651586745805,16.011567015797542,7.7600226136265595
9d27bb69-4c2f-48ef-83ee-2d33a52c89f5,Spain,Carry,Martín Zubimendi Ibáñez,2,1,35.17849657272401,33.954801066140114,17.049883482814458,0.0
9d3385c0-22b6-473a-ae29-13622cc1ee09,Spain,Pass,Daniel Olmo Carvajal,2,1,34.75390152640995,46.07033281476903,29.323097522049192,0.0
9d445ac0-3ed2-49e5-8ab9-746d672845f8,Spain,Ball Receipt*,Fabián Ruiz Peña,0,0,54.88027259069109,61.79922704821625,28.076608187856714,2.8735106442315073
9d4e21e6-a9ee-4f79-b4f0-a36547294d7d,Spain,Interception,Daniel Olmo Carvajal,1,0,58.16875666476296,17.07202888763726,13.810599477736561,0.0
9d55faf8-2664-4210-a3b0-e900ef946fd8,England,Pass,Jude Bellingham,1,0,35.541947003848236,37.838201106967134,25.3566792176906,0.0
9d683aa0-4db6-49cb-aff7-8d66e3d39d6e,Spain,Pass,Lamine Yamal Nasraoui Ebana,1,0,96.99151528842374,1.904085219122536,16.3116564525095,0.0
9d88f83a-2328-4ca1-9154-14dc775404da,Spain,Carry,Aymeric Laporte,0,0,28.431895492463184,62.72498463637153,25.791978693447426,0.0
9d9b0601-7216-40de-8ff1-a05606aeb2d4,Spain,Carry,Marc Cucurella Saseta,1,1,78.35960610047243,44.380254064763996,16.379554097558746,0.0
9dea869b-3ae3-4d1d-afd4-beca5dd0a33f,Spain,Ball Receipt*,Aymeric Laporte,0,0,45.08114914965982,64.95712646874031,30.256242337808334,8.315112034887477
9def2986-1f96-44f3-bfbf-e417e6f8fa5b,Spain,Pass,Daniel Carvajal Ramos,0,2,14.286318867392781,35.474532229329455,26.597386614740852,0.0
9e3ea95f-24de-4edb-b248-a9f60a6589e0,Spain,Pass,Fabián Ruiz Peña,3,0,55.728046077261865,60.0051003529854,19.952523980772018,0.0
9e46ad42-5132-4ee8-aefc-0500334373be,England,Pass,Jude Bellingham,0,2,57.175801341172274,37.20533666325027,16.22871698632383,0.0
9e49ab5d-7f93-4e12-85c8-51403e985ff9,Spain,Ball Receipt*,Daniel Olmo Carvajal,0,0,58.35051605598907,59.70234071138504,23.28336214808064,0.0
9e7b3ea0-3b1f-460d-9eb9-2fddf0071150,Spain,Pass,Martín Zubimendi Ibáñez,0,0,48.56254337409097,55.48218483768542,26.784313572649552,0.0
9e7ce392-7412-48b8-bd6f-2b60bb3115e1,Spain,Pass,Rodrigo Hernández Cascante,1,1,23.181470456029384,20.275886622885228,23.066699764763737,0.0
9e80ec67-7a62-4ce5-8807-db5b0f55e025,Spain,Foul Committed,Daniel Carvajal Ramos,1,1,64.23559296952828,23.05458744853315,11.169482466488935,0.0
9e8b31cb-e9d6-42e8-b225-d23a82dd1ce0,England,Block,Declan Rice,2,3,31.85658664071086,40.919332444701666,21.889981991134682,0.0
9e8bc39f-b20d-40ce-a620-3ed618b96df4,Spain,Ball Receipt*,Aymeric Laporte,0,0,25.346166918129935,62.55101619911253,33.6706283044044,3.1410913129817217
9e959a2d-665a-4229-9a18-50bfc5415992,Spain,Carry,Fabián Ruiz Peña,2,1,18.39602277039489,39.546045871401866,23.014760917790447,0.0
9eca96d9-6325-4cc4-a470-bc1ea98da0a1,Spain,Ball Receipt*,Fabián Ruiz Peña,2,1,18.39602277039489,39.546045871401866,23.014760917790447,1.3682910716222911
9edfbca2-7a5f-473b-8a1d-5669eb20681a,Spain,Carry,Aymeric Laporte,0,0,35.704417633746154,61.94166627785964,35.04252511524016,0.0
9ef93ed2-4095-4cb8-8010-5ede3d539e12,England,Duel,Kyle Walker,1,2,15.15849758080559,30.770928192823664,10.960789363433731,0.0
9efa3076-f43e-4858-a0b2-34e383ee07cb,Spain,Pass,Daniel Olmo Carvajal,2,1,31.967888229639158,34.18775856449954,15.497460234047978,0.0
9f0584a9-ab77-4210-9d49-b44535e66f2e,Spain,Pass,Robin Aime Robert Le Normand,0,0,40.3670229162246,59.130312054956725,43.32701140936997,0.0
9f20dbf8-9a98-4f42-bd72-dd117e61b12d,Spain,Carry,Robin Aime Robert Le Normand,0,0,66.65859448842184,44.64151785030973,28.978252007055183,0.0
9f367e8d-48d6-4643-9730-6c3626b20096,Spain,Ball Receipt*,Fabián Ruiz Peña,0,0,74.02626656807642,48.12958118152084,26.462758456083073,2.8080327258068305
9f5517c4-26ed-486d-998d-543d21e354a6,England,Pass,Declan Rice,2,2,45.65002985771276,64.71782965762172,32.43117041096029,0.0
9f55cd7f-db63-4d83-ab0c-62983384e572,Spain,Carry,Álvaro Borja Morata Martín,1,1,57.30385604064025,42.98583499275242,22.506465315846594,0.0
9f8146f7-5515-4a29-af34-f9a24f241a45,England,Carry,John Stones,0,0,32.346927510100684,48.50771953445714,41.53642356258187,0.0
9f9edf53-241b-4a42-9bc6-19c9afe42cc4,England,Dribble,Kyle Walker,1,0,68.03960134708686,29.644623790621257,27.643598605930638,0.0
9fa4d94f-a67e-45fd-a310-6a3a36aace6e,Spain,Ball Receipt*,Robin Aime Robert Le Normand,0,0,29.164021647263684,40.440643396602226,30.271538135175913,3.680237585423731
9fc9d5b8-c769-4866-9dbf-6516c462b77b,England,Pass,John Stones,0,1,40.7132249219539,65.83929355624993,37.77421744461978,0.0
a017d218-a271-473f-b243-19011ce6c91a,Spain,Carry,Martín Zubimendi Ibáñez,1,0,40.86401415431505,35.138878978865016,17.291826015927516,0.0
a0526ed4-95da-404d-b7b0-d60a8b368317,England,Pass,Declan Rice,0,0,54.30412628746575,48.6706910827834,21.00199907413312,0.0
a08b065d-7ad9-4c29-819d-1c762a360694,Spain,Pass,Rodrigo Hernández Cascante,1,2,74.28286722735872,45.601948017399586,22.11227772877348,0.0
a090a2db-898b-4310-a479-13a6adbfc141,Spain,Pass,José Ignacio Fernández Iglesias,0,0,44.414803868260904,55.0109272746774,22.08089392629128,0.0
a092f554-8f64-494e-b059-46e6018c7aea,Spain,Pass,Martín Zubimendi Ibáñez,0,0,68.91551050886146,58.97296569480009,19.969240193587986,0.0
a097acb1-88e5-4950-84c0-eb3a086cb442,England,Pressure,Harry Kane,1,0,29.013353164934767,40.13928105755631,27.401382192188454,0.0
a0d48cf6-633e-4443-9bdf-99757ad00dd9,Spain,Carry,Daniel Carvajal Ramos,0,1,34.638224846151125,61.4550541332838,35.32235858634677,0.0
a0ea965f-b8cc-42fa-94a2-a0d21c99c388,Spain,Ball Receipt*,Marc Cucurella Saseta,0,1,83.473245400188,42.103341262097885,17.472236131294736,6.056658334968374
a10befde-c1f7-4520-87fb-7fd788639c7b,England,Carry,Marc Guehi,0,2,66.20382048781931,28.010162012063056,25.87782907066244,0.0
a12338bb-f282-43d0-836b-4cc4fca75122,Spain,Ball Receipt*,Nicholas Williams Arthuer,1,0,70.92831679864936,56.945085477896434,14.455196498500401,2.8786192059999878
a162167d-9c7f-4323-b97a-af9889ce2fc5,Spain,Carry,Aymeric Laporte,0,0,52.063053004045166,62.07246499364302,34.486609956603495,0.0
a16a8b9e-c962-4f8f-a480-f1fb838b98de,England,Ball Receipt*,Kobbie Mainoo,0,0,35.86549359011971,39.50151305388025,28.159180732202795,2.1559258331126805
a172a322-cfa6-42fe-9cc3-4deb2495c1bb,England,Pressure,John Stones,1,1,41.918960152454595,36.670038436587745,17.20845559220258,0.0
a17e0160-2201-4cad-9ff0-8113c9da534a,Spain,Carry,Aymeric Laporte,0,0,47.93623711608457,65.20056988878677,29.217018993619952,0.0
a181ee11-a26b-4906-b7cc-1eb915e2bc09,Spain,Pass,Fabián Ruiz Peña,1,1,52.655028508310025,60.726104668468665,29.236823499147878,0.0
a196e31f-14a5-4f55-8bf6-39105093df92,Spain,Ball Receipt*,Robin Aime Robert Le Normand,0,0,22.322361840022083,59.441691845861364,34.99393847335668,0.0
a1a374ba-be34-45e9-b5f2-86b6bb6dc7c0,Spain,Carry,Marc Cucurella Saseta,1,0,5.508649453506242,50.51621871634933,21.277361221550482,0.0
a1a41808-82f1-469f-a0ff-aa90b69e80a2,Spain,Pass,Lamine Yamal Nasraoui Ebana,1,1,65.45836658013096,49.79722050617404,18.617689540967326,0.0
a1b673c1-5577-40ad-8bea-d4902dddb9ef,Spain,Duel,Álvaro Borja Morata Martín,2,4,5.430338035396774,25.55852659075096,14.549378421533529,0.0
a1bb551f-b474-44eb-b3f7-304543ddd3f1,England,Pass,Kyle Walker,0,1,72.50555317171833,56.99744205027162,30.815362059131473,0.0
a1e20586-3ec3-423d-94d1-d354cab0bc6f,Spain,Pass,Daniel Carvajal Ramos,1,1,14.418292457543597,60.69432730577408,37.60634754200432,0.0
a1f115f9-7fc6-4e0f-b9ae-d36812f1f0f8,Spain,Pass,Robin Aime Robert Le Normand,0,1,48.97452962804853,45.105326902363664,32.13103619742799,0.0
a1ffbfd7-b984-4c4e-9450-9cb14a18e169,Spain,Carry,José Ignacio Fernández Iglesias,0,0,39.330252011647026,58.00264744497835,25.967584264001143,0.0
a210ba27-2692-4b98-90dd-9d438284f995,England,Pass,Jordan Pickford,1,1,14.268726711006448,60.618759254939135,46.09773486428116,0.0
a2282d13-85ad-4c48-b1ff-8623b90a54e9,England,Ball Receipt*,Marc Guehi,2,1,87.2707576827898,39.42637558649935,10.92974925915489,5.427503909446148
a22d54f8-0407-4118-bb57-fef6d4c28b3d,Spain,Pass,Robin Aime Robert Le Normand,0,0,28.335636794030382,63.18918802442346,30.79850874365531,0.0
a23fc1af-6333-4869-8dc7-b72c49940c59,Spain,Carry,Martín Zubimendi Ibáñez,0,0,75.03929514637676,44.79551600192002,23.32637429193318,0.0
a252c1b9-035c-483e-b49d-8309e6ac384c,Spain,Pass,Marc Cucurella Saseta,1,3,28.858335541998557,26.997927725813934,21.643155770543718,0.0
a27b1690-2b45-4e55-b150-10278febebde,England,Pressure,Phil Foden,1,2,42.40755133303777,44.73055737608192,24.879690726317776,0.0
a281327b-1f7c-4eaf-afc3-b48320dde571,Spain,Carry,Robin Aime Robert Le Normand,0,1,40.375914247807025,62.88516443617401,31.939470692513893,0.0
a2b660bf-c928-46ad-8015-09c45291535f,Spain,Ball Receipt*,Álvaro Borja Morata Martín,2,0,58.72317090246157,19.705779662259893,17.87210967395745,10.252346671126075
a2d127e0-7f3e-47fa-896b-51b22f83e132,Spain,Ball Receipt*,Fabián Ruiz Peña,0,0,33.33945405046388,46.71823096023796,37.420995170903296,0.0
a2e2b9b3-ee13-4f0d-85dd-d711d081dc7f,Spain,Foul Won,Marc Cucurella Saseta,1,0,76.43382293075734,38.247920717880696,7.946136531767743,0.0
a2e91ff0-38b0-481e-81b6-948851bfed91,Spain,Pass,Unai Simón Mendibil,0,0,33.84254556926389,51.48749403110694,35.678542504368785,0.0
a2f93f1c-d803-47a5-8435-43259eae022b,Spain,Carry,Nicholas Williams Arthuer,0,0,71.09489212839631,24.020362914264695,18.921971386622303,0.0
a309a450-aedb-4898-89fd-3e65e6139830,Spain,Carry,Robin Aime Robert Le Normand,0,1,59.43882587359894,56.45132390529397,29.181155592319254,0.0
a323ac00-b481-4fcb-9b05-50ea55672c90,Spain,Pressure,Nicholas Williams Arthuer,1,1,11.245700097878414,41.474545725676286,29.920875489486352,0.0
a33aedd1-ba9f-4b40-ac6e-372f3cdea1da,Spain,Ball Receipt*,Marc Cucurella Saseta,1,1,38.96245208211513,47.80322026873248,29.771604116009957,1.121078473231275
a34240f0-41ca-4811-bb5f-d62ac750fdb9,Spain,Carry,Fabián Ruiz Peña,1,1,53.47798641541451,60.726104668468665,29.236823499147878,0.0
a3721223-4f19-4fc0-9c54-0e5b336eba3e,England,Carry,Phil Foden,1,1,61.01534930613526,60.303794048222386,20.028739223742082,0.0
a3a36807-3c2c-47df-89b7-7b31b138d669,England,Ball Receipt*,John Stones,0,0,77.8455207990888,40.763203981020446,30.603987203086017,0.0
a3d5d8b8-9b96-4f27-a084-c4a62c2f2410,Spain,Carry,Aymeric Laporte,0,0,37.52394161054434,61.370083655653616,33.70036400583486,0.0
a3e26cc8-19a8-4990-8a1d-eb34bb0131ac,Spain,Ball Receipt*,Rodrigo Hernández Cascante,0,1,65.1745034351369,41.53355570634857,29.488598490875813,3.149239659136775
a43dee0b-22f9-411e-9b85-a6060a209faf,Spain,Pass,Daniel Carvajal Ramos,2,0,69.34547046715936,37.570910700139834,16.104181674902307,0.0
a454140f-102d-40d9-9858-f145b0fe495c,Spain,Pass,Fabián Ruiz Peña,0,0,71.72132693881085,38.77522949816312,12.46694513391547,0.0
a478709a-27e7-46f9-9981-c6393f42940f,England,Pass,Kyle Walker,1,0,23.331108467890736,51.87597955402918,32.15625991067064,0.0
a47e25bf-9478-4ebc-8019-2a70e3af3f2f,Spain,Carry,Daniel Carvajal Ramos,0,0,51.50359164542939,58.46958821563484,32.631233599885384,0.0
a480726f-349b-44e0-a3f4-6f13eab3de16,Spain,Ball Receipt*,Fabián Ruiz Peña,0,0,65.62524982969848,44.6204003856918,27.938146466313572,3.0356066734348515
a4b5dbb0-8350-4a5f-a322-e12ccf7aa993,Spain,Ball Receipt*,Robin Aime Robert Le Normand,0,0,54.56176572895206,63.12967374761255,32.27262187391757,0.0
a4b6ad1d-89ca-426e-85d3-5ce903b28d19,Spain,Ball Receipt*,Robin Aime Robert Le Normand,0,0,54.161921696947296,40.660569502795404,26.391507987934343,5.599839579670647
a4d4cfac-7eaa-4ff9-ae7f-43bf8a3c7c59,Spain,Pass,Nicholas Williams Arthuer,1,0,83.59454666800943,48.55713380489906,22.998016267707374,0.0
a5154c28-fd6c-4d30-85cc-8e1a284dd23d,Spain,Carry,Lamine Yamal Nasraoui Ebana,1,1,53.99131387401885,54.28596779284813,26.40153713879611,0.0
a5424e4d-6e2c-4b1c-8ac7-26cca98c8fc1,England,Pass,Kyle Walker,0,0,33.88290451688304,57.29574010305259,32.103859313053555,0.0
a553a107-48f3-4d32-acfa-cdb37122c8d0,Spain,Carry,Fabián Ruiz Peña,0,0,68.18921407461029,58.2913355287868,27.190342556540404,0.0
a56c58cf-4067-4709-92c6-8a513a23d8f7,England,Interception,Luke Shaw,1,1,14.574027831803809,31.958996041332455,30.71456256504466,0.0
a58f8579-f216-413d-bd4f-b4ff631901bb,England,Ball Receipt*,Marc Guehi,0,0,34.30243968445734,59.176473617552624,31.543406323396436,3.0093744357039913
a5965afe-e699-4640-9c55-2fe79fd3330c,Spain,Carry,Aymeric Laporte,0,0,31.342375482911528,61.53761015069547,37.181428898284935,0.0
a5a24e14-d8b6-4190-a99c-afdddf3b4876,England,Carry,Luke Shaw,1,0,18.923716929234843,40.72328800772996,22.51188646167251,0.0
a5d8943a-e239-45a2-aa22-f6d8c7314978,Spain,Ball Receipt*,Daniel Carvajal Ramos,0,0,71.0136523685595,43.47801210352668,34.37931731561443,3.9605922025797304
a5daca8b-fdc6-4a93-b84e-10155ceb5bb6,Spain,Ball Recovery,Álvaro Borja Morata Martín,3,0,13.248263497402021,32.70578721184655,23.572436028870065,0.0
a5f524a7-0dc5-4db7-b315-c4634ac48d96,England,Pass,Harry Kane,1,1,79.46529658405146,46.47168984855124,16.29707108724905,0.0
a5f6a478-0df1-41ae-acc6-56c2142291a1,Spain,Carry,Fabián Ruiz Peña,0,1,56.323656725834496,60.53084166934732,29.214969092127735,0.0
a605b0b2-1cc4-410a-853f-9e255636558b,Spain,Carry,Álvaro Borja Morata Martín,2,1,34.5216508464093,27.145061905345898,18.890396214288547,0.0
a613c9f6-ffab-44b4-bf5c-20c25175f827,Spain,Pressure,Rodrigo Hernández Cascante,1,1,11.537124714604854,20.454336680795357,17.821140115820143,0.0
a6496013-1ae6-4c4a-87f3-10e3e0b01d08,Spain,Carry,Daniel Olmo Carvajal,0,2,50.50636556555728,61.22971267875144,26.83676409509559,0.0
a64c7e2c-a406-4dbb-b49a-24b9460e7f3c,Spain,Carry,Daniel Olmo Carvajal,1,0,69.17353526873049,32.72563839516116,24.17911424964283,0.0
a663c5a6-6814-4149-812d-661321b44cc0,England,Ball Receipt*,Jude Bellingham,3,0,44.83897518040057,34.44649588371438,17.169516802607436,5.297822490089233
a6779c78-62a1-40c3-93f5-dec5e56410ff,Spain,Carry,Daniel Carvajal Ramos,0,3,44.65183585067437,58.397661895067706,34.64816403629506,0.0
a67c8b75-5256-40bb-82ae-c11c93578f28,England,Pass,Bukayo Saka,0,1,35.1079467671137,42.127256065470704,38.817291891307256,0.0
a6bc3974-d7f3-47ca-9d50-2378c685130d,Spain,Pass,Aymeric Laporte,0,0,71.42158874616038,59.8916997212168,17.497227938315753,0.0
a6cc96c3-a2e6-48ea-a954-8dbe7fabc129,Spain,Pass,Álvaro Borja Morata Martín,0,3,54.54960623790307,53.531092836444486,20.204113919919795,0.0
a6ff249d-1c85-4bc2-83ef-3da59150b439,England,Ball Receipt*,Jude Bellingham,1,0,72.28880262638947,44.587504091946066,27.115200073977988,4.362786040523665
a728997b-8b83-49e4-b41e-b98690d8a26f,Spain,Pass,Robin Aime Robert Le Normand,0,0,71.40797278288734,48.74689891867695,30.979302031562387,0.0
a7336aea-3756-46fe-a272-ab6bf9f9ff41,Spain,Ball Receipt*,Lamine Yamal Nasraoui Ebana,2,0,76.95662823766378,18.994336565552945,12.57224126541693,3.618890382273729
a73b8e5c-c488-4c95-b157-d1395c005f3d,England,Carry,Declan Rice,0,0,75.26109283478927,42.48654301180934,28.38034858451551,0.0
a758f6ea-cc9a-47dd-8eef-bad036c11723,England,Clearance,John Stones,1,0,1.9330806809000622,25.276759306098615,13.027954758249415,0.0
a7918f5b-489f-4e7d-b815-a9409488f7d0,England,Shot,Declan Rice,3,1,97.8355199706836,18.10658558717649,16.228685401907846,0.0
a7a606cb-f3b2-4c9e-8b02-e10d318b57fe,England,Pressure,Jude Bellingham,1,0,69.76782392674592,30.589691232705146,26.463175121571673,0.0
a7ac723a-0ce7-41f5-9821-d81bc0e8952c,Spain,Pass,Robin Aime Robert Le Normand,0,2,51.70692936136023,56.34375426088363,31.05970166830866,0.0
a7dcb9cf-2651-4139-b3fa-43e4b85e9623,England,Block,Marc Guehi,1,0,7.601278050347367,19.12427696944693,9.921873578257365,0.0
a8241333-8dae-4acd-9e1e-975c0ba83fd6,Spain,Ball Receipt*,Aymeric Laporte,0,2,48.49476747935042,65.03577444760602,28.247133934721,1.867876092953514
a8265c0f-4421-4700-8935-3fc3ef8a1c85,England,Carry,Bukayo Saka,0,0,93.2036052362955,21.35654386664879,17.831885648063274,0.0
a83008a6-838d-4c72-9690-d0712e392a92,England,Carry,Marc Guehi,0,0,33.824109227425296,55.61881939107661,30.42280091870392,0.0
a8504622-94ff-4f75-bf1a-e1f4df8fee5c,Spain,Pass,Lamine Yamal Nasraoui Ebana,1,0,67.23600330035285,55.00634182224933,18.238450269987958,0.0
a8588caa-97b6-4c52-8e9d-8c27ee4dca8f,Spain,Ball Receipt*,Fabián Ruiz Peña,0,0,67.4308560397452,62.89280876666753,21.476779149761356,0.9896506875029083
a86f46f6-0952-41aa-b1a8-e4edded3e7d5,England,Carry,John Stones,0,0,25.37864148059192,47.43622131614786,34.70971510953249,0.0
a888346a-bf4e-40c7-86d3-53984b6d8826,Spain,Pass,Nicholas Williams Arthuer,1,0,14.884882271605674,38.54222156195312,27.52834512343111,0.0
a88c0157-7431-4726-8d01-a17e5ce11e19,England,Ball Receipt*,Jordan Pickford,0,0,11.305541971755392,51.411528179400804,30.976581581278644,1.198987396162914
a89f757f-0e6b-4780-999d-6d634cb381f0,Spain,Carry,Unai Simón Mendibil,0,0,39.48765104783526,45.705151354984075,40.42572622587889,0.0
a8c54fbd-2ad9-41c8-b86e-69d4a9078c57,Spain,Ball Receipt*,Fabián Ruiz Peña,1,0,71.613798740056,35.63327899439547,19.502812625015764,2.8437178275674877
a8dea4a1-8896-4372-8227-b5e5c76f7cf3,Spain,Ball Receipt*,Daniel Olmo Carvajal,2,0,60.26505428001812,20.978172575520738,24.94477409613849,0.0
a8f4c0cf-9c48-46a7-978f-3f59ee1dc764,Spain,Ball Receipt*,Daniel Olmo Carvajal,1,0,80.36050547084524,31.89623597431096,9.824695831585796,9.53650791390298
a9057305-1efd-4147-a8f7-056462fc316c,England,Pass,John Stones,0,2,46.717904211233964,39.487323715935744,29.299449824272525,0.0
a91ee842-f146-4141-b513-5f66f42ad382,Spain,Ball Receipt*,Nicholas Williams Arthuer,0,0,71.80274040678898,55.5481598986763,15.647468618056234,0.0
a9374c1f-6f86-49c7-b315-a4fa40d0e819,Spain,Ball Receipt*,Marc Cucurella Saseta,0,0,70.33735618842182,56.26679654718492,23.356040091946316,1.5486784407609842
a94b1838-8deb-4d80-9745-ba0f47a5b7f5,Spain,Carry,Robin Aime Robert Le Normand,0,1,21.4586764217386,67.18751246016294,46.16722470161272,0.0
a9524818-e5a5-46a0-81fa-031718c3130c,England,Carry,Kyle Walker,0,1,78.78450998574154,47.72069420577225,18.465032611165363,0.0
a9637d87-2cc9-456e-8eee-1b81ddf759a8,England,Carry,Marc Guehi,0,0,21.39375061306421,59.25002354632224,39.91179786729091,0.0
a96568b8-0943-49ca-84d2-190f39ae52f9,Spain,Pass,Robin Aime Robert Le Normand,0,0,31.181759230482772,52.49379103949915,43.34910439582671,0.0
a96dfb34-259b-4a68-820b-07736a2ea176,Spain,Ball Receipt*,Robin Aime Robert Le Normand,0,0,50.690445965373684,63.28486978940345,28.658957750701784,2.643878268713649
a97bfa21-8402-4548-a651-332b975cb4fd,England,Ball Receipt*,Jude Bellingham,0,0,35.85965276049959,29.87691888759843,22.334794192215444,0.0
a984a936-bd76-435b-96a4-05e7fd5df0e1,England,Ball Receipt*,Jordan Pickford,1,0,17.066974328501747,30.207786779916955,37.07069425866651,0.0
a9922761-13e2-4520-8bb5-94b75c00bee3,Spain,Carry,Aymeric Laporte,0,1,67.2006025623126,60.86729627363854,31.52949686502216,0.0
a996f172-fb88-4afe-905a-8dc749b89637,England,Carry,John Stones,0,1,42.54818688198881,58.97739394770316,36.92433022411371,0.0
a9ab0afc-3170-4814-91e4-13e99d54404a,Spain,Pass,Robin Aime Robert Le Normand,0,0,35.79808585517156,56.48219523851747,31.555726024217478,0.0
a9c7f8a9-d278-4eef-b530-e403afc0288f,England,Pass,John Stones,0,1,15.787603277511806,56.91045501486313,33.59317334132659,0.0
a9e1bc7d-3458-4603-9548-dce5e3d54765,England,Pressure,Kyle Walker,1,1,9.434283436831425,10.400673960513945,15.81480218104829,0.0
a9f2b597-83d8-4362-87c0-7b5528c1f5ec,Spain,Ball Receipt*,Fabián Ruiz Peña,1,1,94.08030552161782,31.49922764343611,12.99860901290977,2.215254651996453
aa0d638d-6bae-47d9-a4cc-881454c76f9d,England,Ball Receipt*,Kyle Walker,0,0,45.90777850310896,53.931982590696826,25.747235687887482,3.3939588513941112
aa445be9-d70a-4687-8dc9-0d4f266e5b52,England,Carry,Bukayo Saka,0,0,75.57231285869715,31.36163606270054,4.458933010123423,0.0
aa5057eb-7f83-4860-85e3-ef4a02b0ad6a,Spain,Carry,Rodrigo Hernández Cascante,1,0,49.00928951821451,35.45561665738488,19.599656898965165,0.0
aa95576b-5f4e-4d83-8ab2-02c2228e5570,England,Carry,Declan Rice,1,0,28.37210990868057,42.70437228264921,17.65135454675251,0.0
aa9569d2-c645-47dd-ab36-bcd6ed98a014,Spain,Pass,Daniel Carvajal Ramos,0,3,63.55022202245964,47.28989170212571,29.51419009570797,0.0
aab4023a-fd93-47be-95fb-7bbcfd4bcfab,England,Pass,Luke Shaw,1,1,23.813806897557985,40.69767577890347,30.960621805558997,0.0
aab9a3bc-f714-4b5e-9fcf-02400c5cb29b,Spain,Ball Receipt*,Martín Zubimendi Ibáñez,0,2,26.78070743414157,42.654475070436746,23.804627020635287,0.0
aabe55f8-e4f3-48be-b34e-dd3d38409f13,Spain,Pass,Robin Aime Robert Le Normand,0,0,66.43112893647474,55.69082991558062,12.782348403348339,0.0
aac41eb9-5a9f-4e53-8a46-b77c984b03d6,Spain,Ball Receipt*,Unai Simón Mendibil,0,0,16.619353770233467,60.078862880570725,50.085701023158165,12.398468212632139
aacffe06-d317-445c-b1bd-c23f35fb024f,Spain,Ball Receipt*,Lamine Yamal Nasraoui Ebana,0,0,54.81375833665824,55.65421513145446,28.176074773223302,0.0
aadf45a7-0834-43bf-8848-88ef8bf4fd53,Spain,Ball Receipt*,Nicholas Williams Arthuer,0,0,79.79809915395292,50.831337857124616,24.121769450722066,4.65248302209674
ab0b06a5-bd48-4435-98f1-c2779d7716cd,England,Block,Marc Guehi,1,2,15.716482449443568,24.834715137042675,27.513910214946677,0.0
ab28a019-254e-49bd-ae3e-fe1c2bfb8d9f,England,Pressure,Kobbie Mainoo,1,2,12.765116303371562,29.718063340610144,12.563338416012394,0.0
ab974d1f-dcf4-41bd-99cd-a0e4114a62b3,England,Pass,Phil Foden,2,0,6.725370056663209,25.779402409173223,18.836135600863738,0.0
aba3b5da-4a10-469a-aed3-15d5cf2eee51,Spain,Pass,Daniel Carvajal Ramos,0,0,68.79254041399794,41.312532766694076,22.772824973367147,0.0
aba8f0c1-cb46-4fb5-bb5b-90ee81fb890d,England,Pass,Declan Rice,1,1,77.81082298974941,43.24309528270936,20.28843582003429,0.0
abd04cc3-e082-4207-b550-cd3960f0b47a,Spain,Carry,Robin Aime Robert Le Normand,0,0,62.464103394120016,58.59558142738653,28.029064475348825,0.0
abdbca43-e518-40b1-a6f3-8faa9bd2ea15,Spain,Carry,Fabián Ruiz Peña,0,0,33.33945405046388,46.71823096023796,37.420995170903296,0.0
ac17dccf-a3c9-4f50-bd56-d31143da370a,Spain,Carry,Aymeric Laporte,0,0,26.510893381325744,54.18514164317695,27.1245568160299,0.0
ac208b61-9b55-4cfe-a97d-a8a2730d01a4,England,Clearance,Kyle Walker,1,3,7.434785815740054,26.247385495724565,19.52740630604533,0.0
ac23d967-10fd-414c-ba8e-9c7bdf253ee3,Spain,Ball Receipt*,Nicholas Williams Arthuer,0,0,66.26310001544043,60.43127215193813,19.13076000726828,4.032116435949201
ac25cceb-6322-4913-8318-aa33428ebab7,England,Foul Won,Phil Foden,2,0,75.6359777699433,46.01852339970024,24.655472636461518,0.0
ac33eff9-f7e3-4432-a96f-4dfa6611da07,Spain,Carry,Aymeric Laporte,0,1,43.19521683629053,47.59807233244266,24.670986913434685,0.0
ac57db15-480b-4566-b38b-bb146841655c,Spain,Pass,Aymeric Laporte,0,0,38.44249180321016,65.7705459318586,32.847127838222576,0.0
ac6e8c1b-59c3-4a87-91c1-353b5446a614,England,Carry,John Stones,0,2,36.080532704539024,59.592911716833115,32.18552570345278,0.0
ac772384-739e-4143-bfc7-235d366a09aa,Spain,Carry,Fabián Ruiz Peña,0,1,60.053571241106155,49.01752336324458,30.936206678389023,0.0
ac9108a6-66ac-4b73-b6f1-63f75dce81ad,England,50/50,Jude Bellingham,1,0,73.37399339677957,29.979780909191682,19.578131620912906,0.0
ac96b621-56e4-405b-a621-62995ec308dd,England,Pass,Declan Rice,1,0,25.959170561857647,33.85430544976203,15.02706279465403,0.0
aca717dd-cc36-47b5-ad20-9e09f76e2e63,Spain,Pass,Martín Zubimendi Ibáñez,1,1,42.540640531503165,64.79324890947208,32.48676110229589,0.0
acbb49bb-fbdb-41b4-9a2c-25f21e5b9366,England,Carry,Luke Shaw,0,0,56.422248407240424,56.038092603147504,33.32942051367864,0.0
acc06032-18be-450c-ac76-449933628bdc,England,Carry,Declan Rice,1,1,54.84239648385043,51.110189292438754,24.7018339639151,0.0
acd6f23d-805e-4089-bb12-8c3462830507,Spain,Pressure,Daniel Olmo Carvajal,1,1,51.178142374221174,33.3240174137456,36.370968616470385,0.0
acef4ce0-5c91-49a8-a1f4-1d4bd6b8c770,Spain,Carry,Robin Aime Robert Le Normand,0,0,19.054616949034802,57.886815909214675,26.98495070964482,0.0
ad1381e1-0823-4595-97d9-ea4bc263f304,England,Carry,Kobbie Mainoo,1,0,18.351351189833593,46.45816786194982,42.22646921583796,0.0
ad160c0e-a51c-469b-b318-fcd780c354ff,Spain,Ball Receipt*,Fabián Ruiz Peña,0,0,83.42560063247029,40.49372147465184,20.40646774696261,0.0
ad2cd81a-6b84-436d-8ebc-462f040f83b6,Spain,Carry,Fabián Ruiz Peña,0,1,49.86537204987848,65.09818305244903,38.4390628080669,0.0
ad2da31b-5bc4-40a5-9927-dda54ec56683,Spain,Pass,Rodrigo Hernández Cascante,1,1,41.773664665390775,64.72708650907347,31.879079430011192,0.0
ad4131db-7b98-45a4-8309-8d288ac6c1ef,Spain,Ball Receipt*,Aymeric Laporte,0,2,62.32643895236734,51.654931421426845,32.48607598050258,6.1339530976412915
ad483db7-0e38-412c-969b-01437f221adf,Spain,Carry,Daniel Carvajal Ramos,0,1,46.54908515479398,41.32621243814298,21.525023673458453,0.0
ad586c80-9b80-491f-b8c7-db085a897657,Spain,Carry,Fabián Ruiz Peña,0,0,41.7796251151167,57.88116906610652,32.9399267246524,0.0
ad62169f-cdbc-45cd-9c4a-200ab19ee17c,Spain,Ball Receipt*,Robin Aime Robert Le Normand,0,1,25.532115469536308,64.8546616255077,37.15088395132213,2.420168856445712
ad7fb214-71f3-4f4b-9d5c-5a655bb08afa,Spain,Ball Receipt*,Rodrigo Hernández Cascante,1,0,63.03326823886473,54.47963440320978,28.46518042670913,2.653555627882426
ad9cfd02-94e4-4b4a-b1b9-2529fa40b62b,Spain,Ball Receipt*,Marc Cucurella Saseta,0,1,32.830331369032116,59.97060791591887,37.37222008564226,0.3445782034361142
ad9ef4b2-322f-487d-8a10-0116494ff112,England,Ball Receipt*,Kyle Walker,0,1,56.14115991960216,48.487138199422354,33.69668656272574,6.253619624617105
adc7b454-6c32-475c-8843-4f6184c8d821,Spain,Pass,Unai Simón Mendibil,0,0,20.938383052306197,51.263486994772734,37.65298903394903,0.0
ae12d868-7e7c-4adc-bf12-c43b88f3a39e,Spain,Duel,Martín Zubimendi Ibáñez,1,1,44.302152038913164,32.188939421363756,21.757996765980273,0.0
ae48e5df-0edc-4e4a-bfb9-df8271176aaa,England,Pass,Harry Kane,1,0,59.22180393109719,27.162381714617595,17.351490634944348,0.0
ae62e979-9e7c-4601-aa68-3cad6252e6d8,England,Carry,Declan Rice,0,2,32.05316480203961,38.346012866844816,19.251776347038486,0.0
ae733bee-ac44-4162-a8b7-09dfe21148f9,Spain,Carry,Fabián Ruiz Peña,0,1,62.47512890475949,43.54741128828004,28.86592656332264,0.0
aea3cad3-875b-4a4a-9937-0772777dee20,Spain,Pass,Robin Aime Robert Le Normand,1,1,27.070989381845948,56.52838205692023,32.97773831436057,0.0
aea4a5a9-4e9d-4e5f-88b1-a3ae3e0ee61c,Spain,Pass,Daniel Carvajal Ramos,1,1,21.46181411290407,34.00025895055076,21.706530986789748,0.0
aeb87607-ca61-4512-a37b-993b12198d13,England,Carry,Declan Rice,1,4,11.040360844050113,25.955976320590093,18.737886311881905,0.0
aebf25dd-4551-49fb-bd87-365c6c30738d,Spain,Ball Receipt*,Aymeric Laporte,0,0,74.10867069896506,57.10764263991466,20.303329828692856,4.146510912087521
aec39b99-29a0-47a9-96ce-c0db80b40a64,Spain,Pressure,Martín Zubimendi Ibáñez,1,1,62.0097530916522,50.76273849120721,19.100199261288857,0.0
aecfca23-2043-4ad7-9a8c-b86cb4d1b2ee,England,Ball Receipt*,Harry Kane,0,2,24.751865366361887,37.72306646876581,24.13807611101666,0.0
aed1dc73-ac0e-4e7b-b563-3c7b187662bd,Spain,Pass,Fabián Ruiz Peña,0,1,69.03925650533844,52.04916525942431,22.8210462868431,0.0
aee8ff1f-f391-48a3-8144-6e7f086bd5c4,Spain,Carry,Fabián Ruiz Peña,1,1,27.25381877710503,47.3162020369269,25.266041204375494,0.0
aefb4a50-9614-4672-8df7-d4187f22e338,Spain,Ball Receipt*,Marc Cucurella Saseta,1,1,48.34049909335841,53.51599300962826,25.04501696467401,0.0
aeffffe2-520e-48d2-8a00-585eddf16cd3,Spain,Pass,Nicholas Williams Arthuer,2,0,44.598310273557004,57.612885057118014,23.61448773109345,0.0
af0a436f-c7a7-4041-8eae-c717e0aaf3de,Spain,Ball Receipt*,Robin Aime Robert Le Normand,0,1,15.106046422138407,62.24966419491915,33.98914120107044,3.197958381654658
af1c10d9-cead-46a4-a3d1-66dcb7b0d306,England,Ball Recovery,Declan Rice,2,0,95.64885593384584,20.844895021472368,18.64037692375953,0.0
af2bc145-762c-472c-8e38-add1aaaf622d,Spain,Ball Receipt*,Aymeric Laporte,0,1,60.42220278943103,66.78373703238748,28.565155744494312,2.5410034159610055
af2f7c87-6355-4f25-8d65-f1ec4aa8a958,Spain,Ball Receipt*,Robin Aime Robert Le Normand,0,0,59.44525067067434,47.16315935134932,26.08984167028203,1.8853052034544846
af38d7e7-a981-40da-8991-6219a484e825,England,Pressure,Phil Foden,3,1,85.42021745387699,26.13825702248293,12.013584984012166,0.0
af55d388-ddd2-4733-8d76-540bcbee50b4,Spain,Pass,Álvaro Borja Morata Martín,0,0,64.86543971116379,18.643088785764952,17.65649949316292,0.0
af6be355-cb71-45c5-9ff1-89f12f23bb11,Spain,Miscontrol,Álvaro Borja Morata Martín,2,1,37.455213752331346,35.52054503977832,18.19175320258336,0.0
afb5c87e-1dd3-4a74-b557-ac5cfcca684e,England,Pressure,Kobbie Mainoo,1,0,37.273322142161355,48.701844293401656,21.53419695252281,0.0
afcfebe2-80f8-4cea-9c7e-a6f4c731cd53,Spain,Pass,Lamine Yamal Nasraoui Ebana,1,1,70.57429114113215,53.30853995827406,22.306541295989707,0.0
b0077634-a13b-4f14-928a-4a6d8a2728de,Spain,Ball Recovery,Daniel Carvajal Ramos,1,3,20.893208215105687,27.182630539846844,21.61802573464757,0.0
b008a065-eca8-4f25-bb3f-479502549172,Spain,Ball Receipt*,Daniel Carvajal Ramos,3,0,83.0906432003426,39.45515429022969,10.807735524889432,3.910870822795226
b00d9291-b400-4c26-aa80-202c7f5ab010,Spain,Pass,Fabián Ruiz Peña,1,2,24.791993192147185,16.707843810679023,18.859076508216614,0.0
b01ae001-94db-4d75-9491-059b44c7461c,England,Duel,Declan Rice,1,1,45.44691525028712,32.24619343275923,17.201404716927296,0.0
b022f182-9ab9-41ff-b6f7-ac736f907176,Spain,Pass,Daniel Carvajal Ramos,2,1,66.54830004488029,51.13819583590988,18.576001940244566,0.0
b0239467-8046-4f1a-9540-417ceb651560,Spain,Carry,Robin Aime Robert Le Normand,0,1,51.91724528973267,60.64739804799209,29.515842109418546,0.0
b02ca0ef-13c5-429f-8714-b71ed9275aad,Spain,Carry,Martín Zubimendi Ibáñez,0,0,31.582549759470382,61.70423386247386,29.99996434204569,0.0
b02e05b8-e3f6-403b-88f9-b61c1c1f223e,Spain,Ball Receipt*,Fabián Ruiz Peña,0,1,65.10495907505478,53.90274275007511,32.713740840304425,0.0
b037aa92-9df0-4c9b-9dc9-51402abaa7d2,England,Pass,Jude Bellingham,2,0,64.3162075234665,46.113662362908144,23.654249387317055,0.0
b04f4ce9-f47c-48ee-ace7-120061f962b4,England,Pressure,Jude Bellingham,2,0,20.50765391299514,36.87546519487756,17.899956635392577,0.0
b05d79ac-d4e7-44bf-9820-f2556fa77113,England,Ball Receipt*,Luke Shaw,0,0,54.35212145811417,58.31317937145504,22.2192817820118,4.519863829940959
b0b55bd3-a24f-48fa-b9fd-a9e654783b6f,England,Dispossessed,Luke Shaw,1,0,5.90106228263356,58.350391306621674,7.646402589525537,0.0
b0bcf597-f170-43c6-96ec-f2622b051089,Spain,Ball Receipt*,Fabián Ruiz Peña,1,1,27.25381877710503,47.3162020369269,25.266041204375494,10.102504863273834
b0c31b3b-abff-4f6d-ac0a-5e7c0b36a526,England,Pass,Declan Rice,1,0,75.2415663439359,50.264277665034456,23.634538236370204,0.0
b0cbc54c-8036-4b20-87bc-f5a6a7b18328,Spain,Carry,Robin Aime Robert Le Normand,0,0,15.436138346660305,58.80154796238282,38.203965689090744,0.0
b0ee84a1-4d35-4108-8b8e-d176472c7cfe,Spain,Pressure,Marc Cucurella Saseta,1,2,11.267506891758368,22.69509820892919,13.339238359808236,0.0
b11db78d-4838-4b94-aa1d-1582176f9797,England,Ball Receipt*,Phil Foden,2,3,20.65286624320848,19.68113124877837,19.224194149921175,1.0979370455160247
b12846d5-30b3-4f46-9aa2-66c8a9003fcb,England,Ball Receipt*,Jordan Pickford,0,0,13.153901878853969,33.29868712431949,26.67342934765375,0.0
b1696972-0084-4bef-9674-f663b20b4a0d,Spain,Pass,Daniel Olmo Carvajal,1,1,40.15645527940774,63.49090973727565,25.61851468640338,0.0
b1698cce-f4dd-40ac-bb88-a07fbb015a70,Spain,Ball Receipt*,Rodrigo Hernández Cascante,3,4,24.30606239871532,34.24761174235297,17.968515639249897,3.4181616733363853
b16e7fc4-7398-477a-8101-6e056d34ac52,England,Carry,Bukayo Saka,0,0,59.4194536067509,44.91099081538881,28.422146945799373,0.0
b188001a-faca-49f4-b915-7058c95e9d69,Spain,Pass,Daniel Olmo Carvajal,3,0,87.50633673490879,28.258171465389097,6.773661963097596,0.0
b1a14fbf-7a41-4db2-a312-5bae585bf7f1,Spain,Carry,Fabián Ruiz Peña,0,2,70.38267738215428,56.190218229172714,18.338993696209595,0.0
b1a8114a-45a6-42ac-94d0-aa59179d30c0,England,Ball Receipt*,John Stones,0,0,10.49512913988318,49.86807258249853,34.132268354983864,0.8951316836176749
b1f0f823-fab4-4e6b-9170-104c4de3700c,Spain,Carry,Unai Simón Mendibil,0,0,22.950354789502835,49.54675380644785,44.84498169853914,0.0
b1f2cea9-5f2f-469a-b700-6462cd88f3fc,Spain,Pass,Fabián Ruiz Peña,1,0,73.7133685683924,51.8416372611662,17.431234438150444,0.0
b2101a9c-7230-425f-b239-05e924a76e48,Spain,Pass,Fabián Ruiz Peña,1,1,61.28380594768058,49.87978766206804,31.194173674088454,0.0
b2417541-d48e-439f-baad-60accae43606,Spain,Pass,Nicholas Williams Arthuer,1,2,90.02152402612063,34.55344440604469,14.51945850268235,0.0
b2491a1d-1c58-43af-bc1c-9121cf97f232,England,Carry,Kobbie Mainoo,1,1,80.79339142172088,43.4628340616528,18.39139545342696,0.0
b2606618-4879-4576-8739-4e77e1bbf4a0,Spain,Pass,Martín Zubimendi Ibáñez,1,1,81.37310573779484,29.21455424793653,13.685795912453795,0.0
b27cd269-4348-49cd-b0c8-fffc956a83be,England,Carry,Marc Guehi,0,1,39.565076942302376,65.82508154548647,28.578453237295957,0.0
b2ac76bc-141b-4165-9d88-cf8a4604f719,England,Dribble,Phil Foden,2,0,85.8929282997445,25.507039742948532,19.85397794820175,0.0
b2d57a9d-918a-4fa0-9cd1-331a24f5b22a,Spain,Pass,Robin Aime Robert Le Normand,0,1,19.08534054827447,57.97267038545919,35.215691238000716,0.0
b2d82010-542e-45d6-96cf-1493a905d3e1,Spain,Ball Receipt*,Daniel Olmo Carvajal,2,0,55.721547835751515,63.60257219039157,28.517697993567364,0.0
b37ac580-f3d6-4899-acb4-06fe9e21a6e9,Spain,Ball Receipt*,José Ignacio Fernández Iglesias,0,0,38.35277224717861,62.2115083038368,32.31400271334762,3.3839141542701436
b39e29ff-6413-4d93-ba64-042998b6e5f9,England,Block,Harry Kane,1,1,6.898427622735744,19.615793213012733,17.676540909984908,0.0
b3ad924b-d46f-48fa-b1b2-37633efd774b,Spain,Miscontrol,Álvaro Borja Morata Martín,1,1,25.1229161736778,30.967601188454942,23.700237909791355,0.0
b3be030b-772e-4314-8bd3-747e38218a70,England,Pressure,Harry Kane,1,0,63.10800741473849,46.05290089209366,9.030683527968806,0.0
b3cb2af1-bc12-4765-b12d-0c8c3d4c8175,Spain,Pass,Robin Aime Robert Le Normand,0,0,44.54738696843777,67.40347414858795,29.31774089204515,0.0
b3d7e6f8-efeb-4148-8b65-19c05146c60a,Spain,Pass,Unai Simón Mendibil,0,0,22.71751672613797,53.06740652406688,26.73407722870524,0.0
b3dc3fd5-7fff-49ab-a4cf-46e78fcc5788,Spain,Pass,Aymeric Laporte,0,0,42.65831310882453,55.40073199179218,31.464419475523005,0.0
b3e540d2-b88a-46de-ada9-0024a65d753a,England,Pass,Marc Guehi,1,1,38.83407541357678,64.30996555841463,30.991301707661375,0.0
b3ee61f1-6534-4d6b-8435-49cb2b668a94,England,Carry,John Stones,0,1,17.38705437510247,54.59299378645986,40.20472099518092,0.0
b3f05851-d636-4d19-9ff3-413364350d4e,England,Carry,Phil Foden,2,1,2.7732743808110394,25.020446223593265,15.283625500940078,0.0
b3faca9f-afea-47f1-8ab1-78fedeb5d5c3,England,Foul Won,Jude Bellingham,1,0,28.787916355351335,25.123113855674035,17.368817751937076,0.0
b3fb9463-ee2a-4481-a620-3c590f810376,Spain,Ball Receipt*,Álvaro Borja Morata Martín,2,0,70.22409160431476,42.19359483220567,13.187457651596855,3.2790509386573303
b42eb50b-51e7-4a93-adea-f6a36484e2f2,Spain,Ball Recovery,Daniel Carvajal Ramos,2,1,66.16644661313524,52.0910762166006,18.469645767850338,0.0
b4424009-0f16-47af-8c63-1b896287ba37,England,Carry,Kyle Walker,0,0,4.679243027653539,43.20792762631154,30.26714210491843,0.0
b474b91e-bf62-40c0-9c74-dff2e1521c17,England,Ball Receipt*,Kyle Walker,0,0,82.13275498267804,48.004454970113215,18.1789774058408,4.409016892786223
b474e2cd-4771-4ff8-b3c8-d490b5b38324,Spain,Pass,Nicholas Williams Arthuer,1,0,61.08647876288957,48.868084860969944,22.225282006093007,0.0
b4ac344d-c89f-4c83-bc61-f58955c7744d,England,Ball Receipt*,Kyle Walker,0,0,45.08611009716655,63.10266386727371,23.679273326759883,1.7383865852179148
b5014eb3-ea86-4565-b4ab-cea9a51b2432,Spain,Pass,Unai Simón Mendibil,1,1,14.005100060670852,65.3367781841427,44.95128721124951,0.0
b505f020-d619-4689-a979-a0e029112d96,Spain,Pass,Álvaro Borja Morata Martín,1,2,61.21008541719153,50.65324249886722,21.334250321414565,0.0
b514b892-a2e6-426b-af6d-c99122f21b27,England,Pressure,Phil Foden,1,2,10.76976722341998,33.18436447515331,22.135905720721652,0.0
b52b3c14-278b-4fed-b3c8-513c09ac486d,Spain,Dispossessed,Daniel Carvajal Ramos,1,0,50.6586745758098,58.89766673836972,37.77139359209836,0.0
b52e2b43-5a0b-4503-b8f5-68c2d6e283f9,England,Pressure,Declan Rice,1,1,53.193685232747605,45.2593578982706,32.84458593426157,0.0
b52fb884-d015-477a-b903-6933983cc469,Spain,Carry,Martín Zubimendi Ibáñez,0,1,53.99687887105189,60.029415341306745,29.82248562026576,0.0
b53fb1db-36d4-4377-a835-9541b0fbe376,Spain,Carry,Nicholas Williams Arthuer,1,0,52.29762100460418,58.28994697486889,31.69315462489911,0.0
b56bc5eb-e1a6-4c16-9188-a3e1254908f0,Spain,Carry,Robin Aime Robert Le Normand,0,0,60.919245347673545,45.55193150429132,31.514864828493213,0.0
b57e7bb4-a85f-4f4d-a7ae-6a6a2741495b,England,Pass,John Stones,1,1,13.340615006757744,54.54545072702852,43.40983965934485,0.0
b61343cd-46ef-4331-8a91-c548a2643472,England,Carry,Declan Rice,1,2,27.750440474816795,25.177084223360463,28.869948508947246,0.0
b62bd3a1-7916-4625-ba1a-3faa56d5ea45,England,Ball Receipt*,Kobbie Mainoo,4,1,88.52993738912323,11.09552965561001,11.38110486514898,2.759429951119458
b6461989-6b42-4f66-bc99-6e6606ee77e7,England,Carry,Kobbie Mainoo,1,0,11.959748665492764,30.236016855717953,33.74826057326385,0.0
b6527a0f-9cb0-434a-ae40-3311ceecebe0,Spain,Carry,Daniel Carvajal Ramos,1,0,51.465992677218395,44.826894818800625,27.263808944151403,0.0
b66d5850-569d-4cb8-97e5-9b449009e7c2,Spain,Carry,Fabián Ruiz Peña,1,0,79.74817661935337,40.37427901430319,12.873973805406953,0.0
b69c6439-7e7d-4688-9e92-c028ff45a8ff,England,Pass,Harry Kane,1,1,60.19391195784019,27.970928391828846,24.70435716145498,0.0
b6b95df8-4168-434c-8772-94fde244846c,Spain,Carry,Robin Aime Robert Le Normand,0,0,29.164021647263684,40.440643396602226,30.271538135175913,0.0
b6e1415a-57ae-4c70-9e8f-091d639eb71e,Spain,Ball Receipt*,Aymeric Laporte,0,2,70.7572460014238,29.898493746115218,36.04055483424103,1.3258918237774366
b6e4830c-4c9a-4977-b01a-a02b624d09a0,Spain,Ball Receipt*,Fabián Ruiz Peña,1,0,41.25062325845847,33.024015326101896,32.38079261748171,2.344157279215528
b6eedef3-95d0-4d1d-a291-6be948380f96,Spain,Carry,Robin Aime Robert Le Normand,0,0,76.36639456370904,43.84859067349906,29.63422634189204,0.0
b6f96d92-02d4-4f5a-bc59-62c399be0a07,Spain,Carry,Fabián Ruiz Peña,0,0,59.7688889394944,36.536014322091276,17.191109280159264,0.0
b701e6aa-6ce0-4de3-b8e1-09afd2e78de7,England,Ball Receipt*,Luke Shaw,1,0,84.0373829512471,35.36170832631701,16.455674323388017,0.0
b724a034-ff37-4d29-9af0-644da1153b40,Spain,Duel,Daniel Carvajal Ramos,3,1,50.94041064299238,45.4448848108467,29.63551060490335,0.0
b7584629-1366-439d-a5aa-21daa11548b8,Spain,Pass,Lamine Yamal Nasraoui Ebana,0,0,62.68877132405744,44.54611967005348,26.35984044790713,0.0
b77551f1-24b5-496a-997e-a8cc51af30dc,Spain,Carry,Marc Cucurella Saseta,0,0,46.42523623044254,34.442765305661084,30.524364435560507,0.0
b7961998-73cb-467a-b3bf-be1457ef64b4,Spain,Carry,Nicholas Williams Arthuer,0,1,71.46702962568143,62.423626607299,18.169540170600268,0.0
b7b12349-1baa-45ba-8f94-c605749987ba,Spain,Ball Receipt*,Unai Simón Mendibil,0,1,23.603270629167994,60.39759476059141,46.79632438805863,13.518361486641227
b7cb312f-5209-46e1-970d-3e554aec4f99,Spain,Ball Receipt*,Lamine Yamal Nasraoui Ebana,0,0,73.48227250215756,48.718103266804164,10.3328947351781,3.144631386765786
b7d2dc48-4472-4545-9ec9-aebeb946e4f7,Spain,Pass,Daniel Carvajal Ramos,1,1,62.221314970243405,43.252008783555674,25.230699925589114,0.0
b7dfabdc-e588-4aae-a4e5-e8933aadaf99,England,Carry,Kobbie Mainoo,1,3,8.069665711916862,30.08780204179983,14.711542457506907,0.0
b7f814fd-1119-4a97-a794-ad2f6aabf227,Spain,Dribble,Nicholas Williams Arthuer,1,0,12.872982820083202,46.34885381773556,15.077199209640689,0.0
b7fba04e-9a63-4f94-af44-eeb724d409fb,England,Pressure,Kobbie Mainoo,1,3,61.18250629149444,30.84216744394422,18.889473229685642,0.0
b804fffa-1d97-4c2b-a12b-e84c15c7e9bf,England,Ball Receipt*,Harry Kane,1,1,54.84819825986165,48.79241383860689,15.00600847720928,4.8741413526989215
b81280ba-e006-4aa8-aaaa-ed5bc34873cc,Spain,Pass,Unai Simón Mendibil,0,0,19.432582689408246,57.05518431023309,24.18194667950811,0.0
b8265443-4a6a-455b-836b-5618b978ba20,Spain,Ball Receipt*,Aymeric Laporte,0,0,65.60900555597458,55.88381268116322,35.08583621018385,20.727154052275793
b82d5526-bdcd-4030-8b0d-dbecd9cef8ad,Spain,Ball Receipt*,Robin Aime Robert Le Normand,0,2,60.2113199993812,66.81849065178977,28.27243179610864,1.1052844905072157
b833194e-00fe-4469-979c-045e7f10e578,Spain,Carry,Daniel Carvajal Ramos,0,1,56.439420638430065,48.200455741303415,28.406238504684747,0.0
b83362ae-2a57-42d5-b54f-dc4f8fafb449,Spain,Pass,Daniel Olmo Carvajal,1,0,66.36311396710107,58.24594742362036,23.991185355691933,0.0
b876a5b7-4f89-4003-af15-9a516ffe2768,Spain,Ball Receipt*,Unai Simón Mendibil,0,0,25.371080838401248,65.3229012316428,38.80630001736944,8.85582376877242
b899af69-6bc6-4c9d-8c8c-419deccd5eb9,Spain,Pass,Daniel Carvajal Ramos,1,1,37.871253456389574,36.8421683609837,18.585206069921334,0.0
b89efb4e-7d43-473d-8ca6-f5088eb54bf5,England,Pass,Declan Rice,1,2,55.66712195779906,36.02232848750316,35.19293787212541,0.0
b8caf9af-6e9c-4f1d-a229-9517d4ef1693,England,Dribble,Bukayo Saka,2,0,21.215736051843248,35.83956251230659,20.491751450881104,0.0
b8db79ba-eafd-4f30-be3c-b585d583ea59,Spain,Ball Receipt*,Daniel Carvajal Ramos,0,0,63.44367741337637,59.182339569510255,21.613809574888265,0.9737515164127044
b911f241-8579-480a-aec3-cdea25d44410,Spain,Carry,Rodrigo Hernández Cascante,1,0,78.69120269848418,39.68138352828129,21.30810622521472,0.0
b93fc11b-57cc-4790-acba-f8c5e9755aa6,England,Pass,Jude Bellingham,1,0,40.78812902174236,38.16878883930667,24.499479308740828,0.0
b970c0b2-ab2b-4711-a373-f30262efe706,Spain,Carry,Aymeric Laporte,0,0,48.862138147270514,64.47218342649425,32.45473129860881,0.0
b974487e-1fe2-4618-a8b3-021f36877466,Spain,Carry,Martín Zubimendi Ibáñez,1,2,48.98317826567359,36.53767561191094,30.18010524871353,0.0
b974e574-48f8-41c0-ae8a-05c018fc5c48,Spain,Ball Receipt*,Aymeric Laporte,0,0,50.062738505516236,61.811950687382605,36.49291595962378,4.730215067265187
b97face7-2545-46e7-b979-11dbbffddb71,England,Ball Receipt*,Jude Bellingham,1,1,75.0602632740236,45.24004210022538,19.530294234548446,2.687730636717498
b9879b38-d323-4222-90a6-ed8542a25653,Spain,Ball Receipt*,Aymeric Laporte,0,0,68.77657964375773,51.582884885049104,27.964386516513866,1.3665843825913293
b9ca530b-71a6-412e-affd-f816cfebcafb,Spain,Carry,Martín Zubimendi Ibáñez,1,0,44.87242627702569,60.554877575714464,26.477672816948335,0.0
b9cbb1b0-c963-46c3-b024-3e56f8aaf9b6,England,Ball Receipt*,Kobbie Mainoo,1,0,11.959748665492764,30.236016855717953,33.74826057326385,4.6213532171425475
ba36e3f6-6ce2-4afa-98cc-16eeeef599a9,Spain,Carry,Martín Zubimendi Ibáñez,0,1,74.63318330280549,48.731368795134856,24.49854650349323,0.0
ba48e83a-2eee-4295-8eb3-31ca641944e3,Spain,Pressure,Mikel Oyarzabal Ugarte,1,0,12.777229968959176,32.872099860606056,29.677753752516544,0.0
ba496126-4151-4997-83e1-db1a5419122f,Spain,Carry,Unai Simón Mendibil,0,2,26.996061132359962,64.5901108189795,41.98252385620665,0.0
ba503515-9e76-496c-9ba9-3a86b639ee2e,England,Carry,Kyle Walker,0,1,66.43613231516612,59.43488794582031,20.414626551290773,0.0
ba518fb5-0ce1-4cda-a8e6-29fc3eb69761,England,Pass,John Stones,0,0,47.22248174671126,60.188868151697086,31.576747265868555,0.0
ba5f4c96-1532-4963-a057-463c9b75df8f,Spain,Ball Receipt*,Robin Aime Robert Le Normand,0,1,59.43882587359894,56.45132390529397,29.181155592319254,4.460687185586735
ba81b238-4b4f-497b-bd36-e4d96b5ddc64,England,Carry,Jordan Pickford,0,0,22.68594979704992,45.68487439687432,38.966595776183986,0.0
baa1114d-b7c4-47e8-a2a0-975d35971f8b,England,Ball Receipt*,Ollie Watkins,2,1,80.95296257042952,48.4566762221839,24.105737042331416,5.272675031719049
baa462d6-41ed-4488-a070-ea72380cf419,England,Foul Won,Marc Guehi,2,0,79.57543405135894,16.884729961772727,23.369939109077166,0.0
baadef19-a2a9-4ba2-ba2a-865f3a8cb1de,Spain,Pass,Marc Cucurella Saseta,0,0,39.015257478754904,50.07260067339439,26.284868891085637,0.0
bab5b223-0fd2-4f8c-9edb-e6f17842e9c9,England,Ball Receipt*,Bukayo Saka,0,3,26.159465342661942,31.207517140152127,22.28223031922581,0.0
bab9afb4-1bb6-4a3b-b616-d7ab0a33a80e,Spain,Ball Recovery,Nicholas Williams Arthuer,1,0,92.61023834306818,46.636509293922956,21.1945698671286,0.0
babf94e9-411a-4f11-abad-71a8f12719fe,England,Pass,Phil Foden,3,1,65.97852722955982,58.50368990891854,22.513085622657197,0.0
bae60799-8a61-445a-9547-74174b7c3e36,Spain,Pass,Robin Aime Robert Le Normand,1,1,28.204193277593696,63.653024272107764,36.63742403329199,0.0
baefa6a8-61b8-4c12-be04-f5c5ec20ef89,Spain,Pass,Daniel Olmo Carvajal,1,2,61.840152815682316,48.70823538034751,20.931312026216183,0.0
baf91969-0c31-4949-9163-28f0585f98a7,Spain,Ball Receipt*,Fabián Ruiz Peña,0,2,70.38267738215428,56.190218229172714,18.338993696209595,0.8227364532345314
bb001787-784e-41fc-8b6e-6af576034829,England,Ball Receipt*,Jude Bellingham,3,3,21.860327675190582,48.40096119225355,40.98866481388397,0.0
bb17ed1c-a914-4507-a101-118a317dd400,Spain,Ball Receipt*,Daniel Olmo Carvajal,1,0,87.68116884408164,23.47934582540658,10.634531414087874,0.6311976089373343
bb20e49d-70d0-4cef-a921-e51a2c047fb0,England,Pressure,Jude Bellingham,1,1,26.36088865582615,41.043941552174196,25.235709536776007,0.0
bb21af29-8060-4e62-a372-df9f9fe19bf5,England,Clearance,Phil Foden,0,2,0.8688418431779088,25.181834587941307,16.918824866534734,0.0
bb4375c7-f413-42c3-b962-7e1aa422b058,England,Carry,Declan Rice,0,1,50.929468706369796,52.904932209892564,30.90906412926666,0.0
bb454f91-b453-4963-95e2-0ed82f868586,England,Ball Receipt*,Jordan Pickford,0,2,30.0030246944274,63.82706928685353,46.91484941782028,10.601811376765133
bb538133-ed5e-4374-a3b2-c8bbb8d330bd,Spain,Carry,Robin Aime Robert Le Normand,0,1,8.471347040305158,63.982455405688256,27.871867034277017,0.0
bb884002-2458-4a9f-b7a0-fb9ae1138969,Spain,Ball Receipt*,Lamine Yamal Nasraoui Ebana,0,0,89.73912226892811,24.12505019214368,2.8061209612524247,3.7311515431401134
bb8e6b6c-1d7a-4f84-b951-459893d813a8,Spain,Ball Receipt*,Aymeric Laporte,0,0,34.859966486871635,58.96222891457657,35.3327861818354,3.2004214275212997
bb9c386f-2731-4c32-99bc-0e646aa22cce,Spain,Ball Receipt*,Marc Cucurella Saseta,0,1,81.64148838377893,47.43390119015478,20.756933067305525,1.7265468097701255
bba05de0-c109-483a-b804-ab1a291e8106,England,Pass,Cole Palmer,0,1,66.13623253173486,55.02115766056275,23.49637458616582,0.0
bbba29b4-969b-4ad9-8700-d058c741c60e,England,Ball Receipt*,John Stones,0,1,50.12317105295777,45.56814737421665,26.761864116665837,3.2655569462700935
bbde6559-be50-4d10-9c7f-5d0f309af61e,Spain,Ball Receipt*,Martín Zubimendi Ibáñez,0,1,47.08746009936488,39.256815314893615,29.658089328459713,2.8568411694075357
bc20133f-ac0c-4992-91b5-be4677324e34,England,Pressure,Ollie Watkins,1,0,60.936463201744644,40.81603283603496,28.374938018040233,0.0
bc270114-5fdf-4897-9839-d47016ecbc40,England,Pass,Kyle Walker,1,0,55.59924660185129,51.38942647613172,32.64226609265179,0.0
bc3598f0-efbe-4302-8e38-01a3ed3d101b,England,Ball Receipt*,Luke Shaw,0,0,21.692500791144727,56.677484912887174,29.87959719994669,4.372752266347766
bc35d349-0fe1-4a9a-8415-feb47378ee0e,Spain,Pass,Nicholas Williams Arthuer,2,3,30.9414602047068,40.755490065791854,21.81757756948601,0.0
bc4f3524-793a-42ee-90be-01129905302b,England,Ball Receipt*,Bukayo Saka,0,0,56.63165182420601,40.695748176636144,29.213820667418442,12.793261846729449
bc606821-fe89-4cf7-8e27-fb9a4c37462c,Spain,Block,Martín Zubimendi Ibáñez,1,1,9.283676491003167,18.877101932996144,14.609053457097716,0.0
bc65fd1c-32ed-4573-9266-1b1e7eb3e2d1,Spain,Ball Receipt*,Lamine Yamal Nasraoui Ebana,0,0,65.0587522342522,43.21752966342344,25.629961584338016,1.4287703164029673
bc6ce4e9-84dc-4ed4-a554-ef2382b41f66,England,Ball Receipt*,John Stones,0,0,13.291668430764165,32.551935887263475,34.98958699676165,15.381775054940961
bc9f60e9-0ecb-49e2-8904-baeadfea67bb,England,Carry,Declan Rice,1,1,15.173310589485215,47.9005094248702,33.04669411834364,0.0
bce2159b-eaa7-4467-b5fd-647f27b5a625,England,Carry,Jude Bellingham,3,0,76.67397650155827,41.274202618964715,21.98554483698776,0.0
bce72b4b-4d24-4cb2-b6fd-72fe4d8d2731,Spain,Ball Receipt*,Fabián Ruiz Peña,0,0,41.93985860726049,55.53713359667686,39.816643553942015,4.338301359187921
bce9f36d-ef9f-49d0-8562-f122a3c61783,Spain,Ball Receipt*,Lamine Yamal Nasraoui Ebana,0,1,59.6304033776893,60.92310748892889,25.91206467849476,2.5531665308033555
bd11fe9c-2824-42c6-9016-a7637a80dc1f,Spain,Ball Receipt*,Robin Aime Robert Le Normand,0,0,33.236063636681614,67.56316809022313,37.21598492859014,0.0
bd337068-723a-4d43-8298-50b137875fdc,Spain,Carry,Nicholas Williams Arthuer,0,0,15.262345186855693,33.09122795325236,28.469478193899793,0.0
bd3e576d-2017-4f0a-a215-0402daab3f50,Spain,Ball Receipt*,Daniel Carvajal Ramos,2,0,-0.5500086255862556,26.394532840707186,15.14634604469294,0.0
bd545493-c958-4c34-93d1-b47e582d9c3d,England,Pressure,Phil Foden,1,0,54.67257604346796,27.843308549520284,17.444281659748942,0.0
bd560085-feca-4865-81ae-93b37702b0c2,Spain,Ball Receipt*,Aymeric Laporte,0,0,52.49666134695568,61.46754809890456,28.657695059924098,5.413102427608011
bd6fb269-298c-4163-b919-96b4ef631174,England,Clearance,Jude Bellingham,1,1,5.791946335082452,26.829828775258083,13.835479654708722,0.0
bd71b752-e88a-49bc-a0e4-ddb5f4afde24,England,Duel,Harry Kane,2,0,5.587701316200209,32.139543400520736,20.202766070362312,0.0
bd7a4187-f3ad-4f5b-a85c-e36ddeff8058,Spain,Pass,Álvaro Borja Morata Martín,2,0,31.18235111596855,47.371768513275775,26.79857747272842,0.0
bd7a60ae-7c9d-4592-a85c-b5cbade9d51a,Spain,Pass,Fabián Ruiz Peña,2,0,40.655251069378025,63.626086758756045,30.115111889692344,0.0
bd87d241-0bf6-4762-ad9c-2686f283307a,Spain,Pass,Lamine Yamal Nasraoui Ebana,1,0,77.66439890269706,36.07894695408929,15.663041678178606,0.0
bd954583-c6a0-44bb-8030-df6db4d8ca3f,Spain,Carry,Daniel Carvajal Ramos,0,1,13.529815788499944,62.76216513412861,37.728157876425236,0.0
bdbd4102-33bc-456a-aa5b-efde7c5fee56,England,Carry,Jordan Pickford,0,0,6.439803861744114,39.669330299165345,39.476433008867176,0.0
bdca3dd1-7150-4633-8f66-b08b958ae613,England,Pass,Luke Shaw,1,1,86.87310063262343,39.004311840664464,11.831793465748548,0.0
bdd474b9-69f1-4fa5-81b7-7a068f8bab1d,Spain,Pass,Rodrigo Hernández Cascante,1,1,73.39584853108782,61.56106292801076,22.902464825180633,0.0
be309fe1-8c25-44e0-b0ae-701a7a296d8b,England,Carry,Jude Bellingham,1,1,75.0602632740236,45.24004210022538,19.530294234548446,0.0
be39808e-174e-4df1-9fc7-0063eef32669,England,Block,Marc Guehi,1,1,12.032293398150241,28.11688702459462,21.606041602630278,0.0
be40fcb7-c0bd-413d-98a5-eb710a2382af,Spain,Carry,Daniel Olmo Carvajal,0,0,33.82266302113051,54.21567138671858,37.01617648421272,0.0
be6417cc-b3ec-4a67-a4b2-e6648b14566d,England,Shot,Ollie Watkins,2,0,73.90090513956369,25.992745203918012,8.822463927951905,0.0
be8330a9-3b7a-4a9b-920f-4d7c99c3eb03,England,Carry,John Stones,0,0,29.58337728409544,59.36524533246442,38.04427449679835,0.0
be84be7e-54ba-4846-855c-d8a145af7e92,Spain,Carry,Fabián Ruiz Peña,1,2,14.323877854663559,32.95503856895494,27.618174955071314,0.0
be987a2f-4e5e-4e48-b20e-6bcde868fcd1,Spain,Dribble,Daniel Carvajal Ramos,3,0,33.52437405024073,60.56651130305999,17.80765648400003,0.0
beb9542f-7b55-4129-b116-1c4140daa2de,Spain,Carry,Daniel Carvajal Ramos,0,0,88.92424188964755,41.73211911925675,13.005573329074014,0.0
bed15981-d3b5-4b42-a639-f319c7058703,England,Ball Receipt*,Bukayo Saka,0,0,93.2036052362955,21.35654386664879,17.831885648063274,0.0
bee2e6d8-f637-41e7-91d3-1d50aa0e1de2,Spain,Ball Receipt*,Unai Simón Mendibil,0,1,24.005982713771683,67.56848711868606,47.80645440822269,10.415490142934122
bf02c9da-bbd8-4967-a345-713a68d63028,England,Carry,Phil Foden,0,0,49.74307326447153,45.086874138960546,17.93037710858324,0.0
bf6fe428-45c4-4b32-baba-d8426d62bd6b,Spain,Pass,Aymeric Laporte,0,0,43.899677029238596,56.17193420130396,29.67315053428058,0.0
bfba4fbe-a316-4b5e-aacb-ae206fd85075,England,Carry,Kobbie Mainoo,1,2,16.55952578263845,27.46693463488875,23.07431848421469,0.0
bfd99bf9-5fd6-4c6c-96aa-88ec12da1ffd,England,Ball Receipt*,Kyle Walker,0,0,42.753185315508915,56.716900355892335,30.29934382322407,0.0
c031dcd9-0fb8-41b6-b8f6-eff174688d14,Spain,Carry,Nicholas Williams Arthuer,0,0,71.15934566494879,56.70187038189316,24.80575502465925,0.0
c0323ab1-ff69-466a-8b62-cbac609fb6d4,Spain,Ball Receipt*,Lamine Yamal Nasraoui Ebana,0,0,29.686002995207296,63.85275616077075,31.63688258278661,6.212256013128096
c052716d-39ba-4ead-b0d3-7d770bb7136d,Spain,Pressure,Lamine Yamal Nasraoui Ebana,0,2,25.02496820668609,40.74846946915243,17.99561511681227,0.0
c05c26f6-a69e-4815-8407-e13320b7de20,Spain,Pass,Aymeric Laporte,2,1,11.63573775268988,18.387424525116725,20.537698141759524,0.0
c06540d5-8107-4ce2-9031-565ed5a88f5e,Spain,Carry,Rodrigo Hernández Cascante,0,0,50.68359556356164,51.577532903661236,40.520534638741154,0.0
c065f787-dcef-4e9b-8909-724e8104b8ef,Spain,Ball Receipt*,Nicholas Williams Arthuer,2,1,46.54434996663492,42.54719300572163,27.438901793759968,0.0
c06e07a3-afd3-4f72-9c60-efab1ec6e72b,Spain,Duel,Mikel Merino Zazón,2,0,26.614910332806467,16.753343124009476,23.60828283104584,0.0
c073ab3a-bd58-4fc4-a002-26efdca9fba8,Spain,Pass,Aymeric Laporte,0,2,68.23134111958198,59.76065301804047,19.32648849150776,0.0
c085f930-3c21-488d-a0af-328087ccfc40,Spain,Pass,Daniel Olmo Carvajal,1,1,49.1534526973481,39.754435898121514,28.05457179719481,0.0
c0be00e1-cee8-4ab8-943d-113f2a3e6499,England,Pass,Jordan Pickford,1,1,8.896770388241787,51.838977174394664,21.208074359345627,0.0
c0c2c47b-3184-463a-8aea-9594dad3ae1e,England,Pass,Kyle Walker,0,1,69.50193388071868,45.463248364260245,18.560789886367917,0.0
c0d28b72-6a08-4135-808e-f6c2fd2e14e1,Spain,Ball Receipt*,Lamine Yamal Nasraoui Ebana,2,1,93.53156926965328,36.29862601958279,21.773907066426595,2.7858498028616774
c0e004d2-06ee-420d-9d15-b4581e701831,Spain,Ball Receipt*,Daniel Olmo Carvajal,1,1,40.339332488880395,63.49090973727565,25.61851468640338,4.186359184044594
c0f3d319-7f3b-4835-b4db-7496220ce23b,England,Ball Receipt*,Declan Rice,1,0,28.37210990868057,42.70437228264921,17.65135454675251,0.0
c108afff-49c9-44c9-953c-5cef89f3bb32,England,Ball Receipt*,Marc Guehi,0,2,32.52012395190026,59.789899858288756,33.958420060876236,0.0
c10b9f8d-b203-46a6-8fbc-d6db9ed0bdf6,Spain,Pass,Rodrigo Hernández Cascante,1,1,60.260994448289516,40.03910212089324,39.370938658545676,0.0
c11721ac-1ddd-4a7d-8ee9-6ba005b6380f,England,Carry,Bukayo Saka,0,0,90.6859728921233,41.49478081971248,22.58120922033265,0.0
c12b4dfc-db12-4f4c-a5db-8234027abb4b,Spain,Pass,Daniel Carvajal Ramos,0,0,35.48921974831047,46.148659085432826,32.239792066974154,0.0
c15e3487-ece4-41c2-8ebf-8f86883fef3a,England,Carry,Jude Bellingham,0,0,51.58616434684674,39.77804531220598,25.448901828793364,0.0
c163462b-fc02-4834-89b4-6b24b21eef9d,England,Dribble,Luke Shaw,1,0,82.0448910243536,30.250149817745633,15.110659349983116,0.0
c181e2f7-1aff-4dcf-85f6-6a2cbde1a6f1,England,Ball Receipt*,Jordan Pickford,0,0,6.439803861744114,39.669330299165345,39.476433008867176,2.179756686576077
c1878d02-061d-473a-a866-ca615e08a3c1,Spain,Ball Receipt*,Daniel Carvajal Ramos,0,0,56.45118793547562,57.553006010563195,28.088166173259346,2.890118814024953
c1c244bc-458d-455e-b8bc-375427cf4e44,England,Pass,Cole Palmer,0,1,70.73616678673987,58.19420366347539,28.748638004123475,0.0
c1f7e6f0-d6c1-4744-86bf-635034fd9b54,England,Ball Receipt*,Jude Bellingham,1,0,63.2182708432367,56.28638697721915,25.820239923926323,3.882812666712399
c20626d0-8965-428d-9ed7-9c532393c9a9,Spain,Pass,Lamine Yamal Nasraoui Ebana,2,0,72.27586029311674,55.290640412451495,21.40925573744498,0.0
c20640f3-5ada-4159-82ea-d6e47c1bcfa0,Spain,Pressure,Rodrigo Hernández Cascante,1,2,26.9306673755688,37.95138318607524,21.44242698040356,0.0
c24306a5-e4c0-4f22-98cd-3ead6cc0a957,Spain,Pressure,Martín Zubimendi Ibáñez,1,0,8.587074627011003,34.49779042347373,18.7770880821318,0.0
c253e76b-9da3-493b-8c9c-82d6eb3e1f9d,England,Pressure,Phil Foden,1,1,64.93047211361726,26.841940581625266,21.853459681694282,0.0
c272ba98-d67e-4be4-862b-4555b83e57b3,England,Carry,Kyle Walker,0,0,13.423701033984823,38.814519446208145,32.05068665666211,0.0
c28c08ab-0836-47f1-abef-49d049ec88e0,Spain,Carry,Nicholas Williams Arthuer,1,1,49.89726652835407,62.181967673349405,34.99245912529525,0.0
c29a8d2c-7dff-4082-bfa1-744238029eb4,Spain,Carry,Robin Aime Robert Le Normand,0,1,68.58864153492357,56.21493428843747,26.90212457377449,0.0
c29bbffd-94f1-45ad-85f4-252ccd1a2b51,Spain,Dispossessed,Lamine Yamal Nasraoui Ebana,2,0,1.7597957488714293,27.85283742320101,18.529365629153727,0.0
c2a22fa4-5d2e-4687-a0bd-2512937f942a,Spain,Carry,Daniel Carvajal Ramos,0,0,85.63628208204786,43.20454259660179,10.664782574519533,0.0
c2b67744-1985-48b8-b347-73374037a242,England,Goal Keeper,Jordan Pickford,1,0,1.2604100684446884,15.54266342932798,15.697158951248195,0.0
c2b82525-b60e-44b6-a59a-0a4b11f9ad3f,Spain,Carry,Fabián Ruiz Peña,1,0,13.697597149520409,34.853235391430076,23.942744064844288,0.0
c2d0d910-55e0-42af-8e48-76b754d1303c,Spain,Carry,Álvaro Borja Morata Martín,1,2,67.3343936954262,57.33252303507847,19.373997660925163,0.0
c2f6bb26-822e-4633-9b2b-91b82f51f1f1,Spain,Ball Receipt*,Nicholas Williams Arthuer,1,0,60.80761323089101,50.4273357394096,21.95669022704093,3.4212184504736896
c325a56e-88c4-4478-9e01-21e084db895a,England,Pass,Kyle Walker,0,0,45.55611417559075,18.158615858783975,21.41866985160477,0.0
c33242c8-47f6-4fe3-acfe-d1ba50fe2941,Spain,Carry,Marc Cucurella Saseta,0,1,68.24770629318395,58.028809626322705,24.313835924570743,0.0
c341797f-7433-4827-b847-ea5b48efc82a,Spain,Pass,Rodrigo Hernández Cascante,2,0,73.46765865635898,35.74978616534633,21.52033969387857,0.0
c35d8bd2-ceb8-4cfb-802a-ad2cd3d92175,Spain,Pass,Aymeric Laporte,0,0,37.1322757325166,65.19847046323804,32.6507299959747,0.0
c38b64ac-199e-4091-aeb9-e7f5edf36cde,England,Duel,Kyle Walker,1,3,43.14476527051125,43.345782504148936,24.59947645005383,0.0
c39baeac-d53e-40cc-bf97-9dab8acab506,Spain,Pressure,Mikel Oyarzabal Ugarte,0,1,56.433910112500904,29.619134355600984,30.087261268479413,0.0
c3ba2cef-6c6e-4e9b-b863-9e62947e2dc7,England,Ball Recovery,Declan Rice,0,2,32.05316480203961,38.346012866844816,19.251776347038486,0.0
c3cff513-43fd-4f92-b679-b44122710d2c,Spain,Ball Receipt*,Marc Cucurella Saseta,0,1,71.17918604273376,60.596678122963105,24.27300410448362,5.043794995102236
c3e32ab3-03dd-4cee-a8a0-db910fc4ebfe,Spain,Carry,Robin Aime Robert Le Normand,0,1,16.471308097157493,55.5250805009824,33.051387509655946,0.0
c3e7e7d4-a046-4d29-a438-d1ef11b28981,Spain,Pass,Daniel Olmo Carvajal,1,0,88.1816617252523,38.78267498652703,16.499460386907387,0.0
c3f1edf5-cee9-4c30-9ac7-ba1eef1574e0,Spain,Clearance,Aymeric Laporte,2,0,0.9949152500952839,16.636165425467702,11.42868223548508,0.0
c3ff7d0c-5907-4b74-a48c-15c5705fd791,Spain,Pass,Marc Cucurella Saseta,0,1,85.57444928233059,48.356643018633626,14.708218732998397,0.0
c40373a0-d082-4a7f-9628-64d80b4c6090,Spain,Pass,Robin Aime Robert Le Normand,0,0,18.201417979658153,55.08516013978221,26.686057285373682,0.0
c4172b77-010d-4699-906a-1119f227a364,Spain,Ball Recovery,Daniel Olmo Carvajal,1,0,29.403148576420946,46.5005679142515,33.38017581176125,0.0
c42a2b8e-4ffc-47b1-b625-f7870ba57f8b,Spain,Pass,Unai Simón Mendibil,0,1,25.45958593456865,60.164111938128336,30.324152111667885,0.0
c4376836-f7fe-4037-b9b0-70f606ea8998,England,Block,Bukayo Saka,1,2,46.38480831222993,49.64640005158552,22.629129359432508,0.0
c4485707-6ff2-41ee-a3f9-542717bd56b4,Spain,50/50,Fabián Ruiz Peña,2,0,28.92775633722393,55.663644892979804,17.894132087842642,0.0
c449b40f-dd99-4f40-a41f-257a064c25bf,England,Pass,Kyle Walker,0,0,48.869279252879174,61.25687120525163,23.033236641759384,0.0
c45647cc-3870-4fa6-a0f8-dabcedd2ef6e,Spain,Pass,Nicholas Williams Arthuer,3,1,52.25538868081499,64.02364462148319,22.20586076903833,0.0
c4708786-7ec9-4a18-9c37-493343e144e9,Spain,Ball Receipt*,Fabián Ruiz Peña,1,2,62.469546713860396,44.751242377407365,25.424555503137924,0.0
c4717f98-eb1a-431f-b70c-2580671e7c65,Spain,Carry,Nicholas Williams Arthuer,1,1,82.46710619286057,32.20285790716506,17.534465229881583,0.0
c4869ce7-0376-4ab6-828e-2edeb9307aff,England,Pressure,Phil Foden,1,1,33.19014934816271,38.255233028991185,21.06862925101489,0.0
c49ecc60-768e-4bb1-a4a8-6f7ba3cd570c,England,Carry,Kyle Walker,0,0,41.640013432583125,37.78648277557418,23.129933207488385,0.0
c4b448bd-16ab-42b3-9902-6faf3ca0296a,England,Pass,Harry Kane,1,1,55.031075469334304,48.79241383860689,15.00600847720928,0.0
c4b9ff0b-8930-443a-af9b-fedc852708b9,Spain,Ball Receipt*,Fabián Ruiz Peña,0,0,78.92545468424503,52.32325987184585,20.493989558429057,2.857329510925705
c4d9baf1-642f-44c8-aa46-7ffc60110961,Spain,Ball Recovery,Fabián Ruiz Peña,0,0,59.664803179014655,36.223229294276386,19.52987747235891,0.0
c4fc40ce-e7c7-4fc7-86ee-b8d3d9489165,England,Ball Receipt*,Kyle Walker,0,2,71.16657314555931,49.02451164471254,23.772381579815107,4.368924376845286
c5001c6a-42bb-472f-a534-6b4e8adc4e2f,Spain,Carry,Robin Aime Robert Le Normand,0,0,42.15951785904642,64.741086109784,34.926871215843484,0.0
c5115b58-889a-45d3-81aa-337cb70d625b,England,Pressure,Kyle Walker,1,1,19.39434567632086,41.20215399417917,23.121887565558772,0.0
c527f4f3-e8c6-4f5f-88df-5a3ae93ecf2f,Spain,Carry,Lamine Yamal Nasraoui Ebana,1,0,68.90405312761007,47.88038159132701,8.787642303589227,0.0
c52b62e6-25b4-4204-87ac-fb89201bbca2,England,Dribble,Cole Palmer,2,0,1.2386038070034913,42.75284683217257,16.09494631814216,0.0
c5355863-011f-4342-9bac-5ee10b3e67c1,England,Carry,Phil Foden,2,3,20.65286624320848,19.68113124877837,19.224194149921175,0.0
c565ef35-887b-4a9d-aafc-9f8af8d80028,England,Pass,Bukayo Saka,3,0,81.67488553363744,24.78729232226376,16.76992359714061,0.0
c57b5495-13c9-49e7-b751-3084ef7cc47f,England,Carry,Kyle Walker,0,1,30.646713233060183,57.250163245910635,21.344624187312082,0.0
c587692f-e2c4-4dc3-85bb-007504fccb25,Spain,Ball Receipt*,Aymeric Laporte,0,2,61.828790523540015,54.905295781155964,23.162496992985165,2.745317191632961
c5992040-f9b7-45fd-b5aa-a611658d1911,Spain,Duel,Fabián Ruiz Peña,1,1,79.00777345675063,28.487365244200447,25.272463178675615,0.0
c5b29e00-6aca-446e-85c3-b02f3e7cde98,Spain,Ball Receipt*,Martín Zubimendi Ibáñez,0,0,71.02102240166882,60.41075953181128,23.78116156140518,3.3077508021749003
c5c8b815-2869-4b45-ac6c-dfdad0b3d4c5,Spain,Shot,Álvaro Borja Morata Martín,2,0,84.6947509308897,24.103245276906133,13.007537257951514,0.0
c5d11b04-6155-4474-9cbf-982b0ecf1c74,England,Ball Receipt*,Kobbie Mainoo,1,1,42.64978126708505,56.919078340483544,28.3568230155716,0.0
c5de9905-b060-4f45-a689-940c0f4f4aab,Spain,Ball Receipt*,Robin Aime Robert Le Normand,0,2,9.966947049528246,56.56367424849492,29.98705680669394,2.198459775268218
c5e583ec-491a-4c07-9b9f-94cf4cc55ed0,Spain,Ball Receipt*,Martín Zubimendi Ibáñez,1,3,23.420112262009805,41.34852754103364,22.931526653447794,7.722664316007896
c5e8391d-b987-4900-9d4b-77a2e0820171,Spain,Ball Receipt*,Aymeric Laporte,0,0,31.454299672745584,67.96126419507236,46.77170245134293,1.3135214995979145
c6152efb-634b-4b8f-b425-93e6890be58e,Spain,Ball Receipt*,Daniel Olmo Carvajal,3,0,92.24732943209864,29.336390087158577,18.059571784199473,2.2002400844117167
c62dd5f1-7e67-4e25-8e28-8fc859a6fd47,Spain,Pass,Marc Cucurella Saseta,1,0,78.7012356244513,43.243606199365544,16.829668307495947,0.0
c63453ca-309f-41ba-9b59-7e9b7dc77dbe,Spain,Ball Receipt*,Fabián Ruiz Peña,0,0,29.467373432095435,59.386431045121654,32.47697143599093,0.8758058172906745
c6379da9-fe6e-44dd-abff-7b44f1f4b7db,England,Carry,Ollie Watkins,2,1,80.95296257042952,48.4566762221839,24.105737042331416,0.0
c647b46f-bc97-4d67-841e-32f2fc1d4ce0,Spain,Ball Receipt*,Unai Simón Mendibil,0,1,25.178013823152178,61.99577339859854,47.75355920561825,10.23239741246425
c6598ada-a377-4d36-a9e2-9a919586f7ab,England,Pass,Marc Guehi,0,0,47.00658191177408,60.52421506095071,29.291287788144793,0.0
c6a04893-55f4-41b5-b3d8-91cd222ebac3,England,Pass,Declan Rice,1,1,39.38278609526399,40.79879503761854,19.430711801917152,0.0
c6a690bc-cdbc-45b4-b50e-91b1420b07ef,Spain,Pass,Aymeric Laporte,1,0,45.15378416543204,33.89784647302789,16.009078531115758,0.0
c6b0f2dc-06bf-45f8-bed8-28d37e7986b7,Spain,Carry,Álvaro Borja Morata Martín,0,1,68.54220614962608,50.268336896048446,17.253493050423568,0.0
c6f0a7f0-92c2-4448-a3af-e0634c1094e4,Spain,Ball Receipt*,Mikel Merino Zazón,2,0,26.614910332806467,16.753343124009476,23.60828283104584,6.406630478757518
c6fe46c6-98bf-4cc9-ba55-d479dd0a57c0,Spain,Clearance,Marc Cucurella Saseta,2,0,9.236482992319981,33.424423131935384,17.53387709974456,0.0
c778ddce-3091-46e1-ba23-30ac2e099112,Spain,Ball Receipt*,Nicholas Williams Arthuer,1,1,42.21285572578765,55.3192316177884,32.24630637039229,19.67129023724855
c77fc5ed-614e-4ee4-bcae-d0a150ad1b9c,Spain,Pass,Aymeric Laporte,0,0,16.819146258986713,57.610100355819306,55.64393776587137,0.0
c78a00c3-39e1-4e9c-aa42-81b7e981d070,Spain,Carry,Nicholas Williams Arthuer,0,0,77.8986718713892,42.159415765813314,4.880926407615617,0.0
c7ce3537-86e5-44bf-8335-2d2b50af20c6,England,Pass,Kyle Walker,1,0,86.28072641216721,38.953729444566505,15.017580100814088,0.0
c7f1b9f5-5a48-4a44-95b4-bbe175f2234d,Spain,Ball Receipt*,Álvaro Borja Morata Martín,2,1,34.5216508464093,27.145061905345898,18.890396214288547,1.0988689984156024
c80fff98-9741-448f-addd-8f58ad0cc0e8,Spain,Ball Recovery,Daniel Carvajal Ramos,0,1,94.5136099463182,37.094662414118176,13.180402214278326,0.0
c825856a-5a21-4507-b9e2-ea07b5bf4cca,Spain,Shot,Robin Aime Robert Le Normand,3,0,93.99120826096592,28.761530321208706,16.46083665174262,0.0
c825cd15-e5b3-47fb-9c17-e48cc57233cc,England,Ball Receipt*,Kyle Walker,0,1,55.67255150781258,56.74133142012739,28.683329590526913,0.662942662399227
c8355458-d294-4113-a046-4a228eb39ee6,Spain,Ball Receipt*,Aymeric Laporte,0,0,35.58024000277065,56.915364660414696,35.53812474006822,0.0
c8361fe9-61e7-4951-9034-a69a179983ab,Spain,Ball Receipt*,Martín Zubimendi Ibáñez,0,0,31.582549759470382,61.70423386247386,29.99996434204569,1.012353487703279
c8433ae6-ee9d-429e-837d-00083f6b3486,Spain,Carry,Rodrigo Hernández Cascante,0,0,71.4658886085212,57.721562461249654,20.80153125534134,0.0
c8655a74-b269-438c-82c2-ba8f76768b0f,Spain,Ball Receipt*,Álvaro Borja Morata Martín,1,1,25.037122661734713,30.812924740874482,24.04737297205158,0.0
c8820ecd-7d05-461e-a86c-bd496804f6b8,England,Pass,Kyle Walker,1,0,18.3101079523017,42.609412267022925,40.307472760974655,0.0
c888ea37-532b-40c9-9fbf-ec2467c9e60c,England,Pass,Jordan Pickford,0,0,31.911731576550384,68.45522853638103,43.487710368646944,0.0
c8976dd8-a60a-4ab3-a2d4-8e0344eb4a4c,England,Pass,Kobbie Mainoo,1,0,81.79116990800907,30.26990434461709,16.861808650835375,0.0
c8b1a63c-bf85-4b0d-a2a1-be357a0ea42e,England,Carry,Bukayo Saka,0,0,73.35245734308748,51.80299382188614,23.59846253583432,0.0
c8b23f4a-0109-4a78-9781-0b07aa961566,Spain,Ball Receipt*,Lamine Yamal Nasraoui Ebana,1,1,61.04112154856763,35.618682617004055,9.044825113154715,0.0
c8c07e94-826d-44c4-8ac1-63e80dcf1808,England,Pressure,Phil Foden,1,1,11.452976436640226,30.511642988482294,30.28187979182522,0.0
c8cebf9a-29b5-4350-80de-ac85421f5a1c,Spain,Carry,Fabián Ruiz Peña,0,1,70.72315540892862,56.215529964884006,27.722541110794456,0.0
c8dd48e0-9d15-4a6a-a171-37363340e191,Spain,Pressure,Rodrigo Hernández Cascante,1,0,31.410614618927948,40.00618095986206,23.637626467377007,0.0
c911db04-261f-4f02-8061-c4ecec14a31f,Spain,Pass,Robin Aime Robert Le Normand,0,1,63.88190378638024,62.05301870638116,21.097511071496353,0.0
c91e9a29-7e62-4339-b372-920e0e50a054,Spain,Carry,Robin Aime Robert Le Normand,0,0,47.66819666348106,60.86175501299264,31.88385085637087,0.0
c92fc4b0-820e-4e0f-8ab0-5b8d765ca598,Spain,Pressure,Daniel Olmo Carvajal,1,3,17.462693492696328,34.72128892090054,18.630479890178663,0.0
c96597ba-7b98-4a46-b76e-dd7eaf9141f1,Spain,Ball Receipt*,Lamine Yamal Nasraoui Ebana,0,0,63.200303501498276,58.456155762555795,12.447273587646777,5.210082394272966
c97bde53-d083-4ffc-a545-8636450650e4,Spain,Pass,Unai Simón Mendibil,0,3,54.49788936993583,25.57677074112797,52.851470363588795,0.0
c98847ac-434f-4d24-aefc-46342d6abab3,Spain,Ball Receipt*,Unai Simón Mendibil,0,1,33.38955143839182,42.380744777292925,41.47760868764031,0.0
c9bf1d36-c137-4590-8490-c69e96c4cd0f,Spain,Clearance,Álvaro Borja Morata Martín,2,0,5.590851989051048,20.67557413243201,13.497941589587867,0.0
c9eb51de-ef2d-4f14-b944-b6cdfa3cb265,Spain,Pass,Aymeric Laporte,2,1,76.70274762237564,49.78905449102711,13.323007018262935,0.0
ca1086b9-6d5c-47eb-aa18-127d132152de,Spain,Ball Receipt*,Nicholas Williams Arthuer,1,0,77.92896190661442,35.212061102302066,16.29545574141622,2.270682498318468
ca2b0a17-fd8f-4048-b7b0-ecef3c628269,England,Duel,Kobbie Mainoo,3,0,93.91477727315319,34.770930017347744,17.527582712313613,0.0
ca2f0c2f-7ee6-42e8-81b9-d4da5fc107fc,Spain,Ball Receipt*,Robin Aime Robert Le Normand,0,0,82.58578722043718,45.78793678903051,24.95468830310374,13.105122005961332
ca3f3858-63e9-4579-ade6-786e01c15391,Spain,Ball Receipt*,Marc Cucurella Saseta,2,0,65.78652198187022,64.25584794891408,13.152598071502856,2.1430163176610284
ca686ff6-433f-4605-b314-33cd2b32ca13,England,Ball Receipt*,Bukayo Saka,1,0,66.15558435501572,52.89196368225056,21.26489792810777,9.344159637600198
ca7e61ea-f021-4add-bff9-c6162a932b53,England,Goal Keeper,Jordan Pickford,0,1,2.9145068380618735,13.943366121272035,10.749093288944783,0.0
ca90ab71-eb86-481b-98ee-f29cbb4b5658,England,Pass,Declan Rice,1,0,63.842991813708615,40.448976393541756,27.929020125502664,0.0
cad23bf7-ea64-4d9f-a471-caacdb9603df,Spain,Ball Receipt*,Aymeric Laporte,0,1,43.19521683629053,47.59807233244266,24.670986913434685,20.317385686132734
cb384341-ccda-467e-9bea-72b1979b70f7,England,Ball Receipt*,Jude Bellingham,0,1,37.5615229433636,58.59076827569965,27.067568806395148,1.5777699046738545
cb385a55-11d9-4b03-930b-60d17697b08a,England,Ball Receipt*,Phil Foden,0,0,46.00383159862916,31.3503141105609,13.550868434038085,12.411946707255078
cb94cb47-352a-4607-be68-36a0d37a14fa,Spain,Carry,Marc Cucurella Saseta,0,0,37.77191645401674,50.04650630682887,26.183099905387223,0.0
cb9b194f-d721-4f40-baf6-6236da709eb4,England,Carry,Marc Guehi,0,1,70.34354157647248,53.6868829610408,22.983806818157575,0.0
cbaab758-636b-4b11-9080-6ba3f34154d5,England,Pass,Jude Bellingham,2,0,21.641541131783644,39.958050149181126,24.215046165994533,0.0
cbce8a0a-0d73-43a0-9933-37928e9a9578,England,Duel,Luke Shaw,1,1,30.75496548557786,49.61493721758769,29.496444261983346,0.0
cbdd9a7e-2e09-489c-abf2-20d483d5735c,Spain,Pass,Robin Aime Robert Le Normand,0,1,61.15752629081782,63.86372063938325,27.535650654949404,0.0
cbe561c3-d1eb-4406-958f-97d7c6af6823,England,Carry,Cole Palmer,0,0,28.344573806574477,39.4679979372414,3.248782674265861,0.0
cc072c13-4282-49df-89b0-4ab9237493b2,England,Pass,John Stones,0,2,36.080532704539024,59.592911716833115,32.18552570345278,0.0
cc33ae6a-a186-4b6d-890a-ef0e59327853,Spain,Shot,Aymeric Laporte,4,0,94.60856887565102,46.41829879458142,15.383777611315928,0.0
cc501e12-95da-4943-8cd7-aa664c7875c7,Spain,Carry,Nicholas Williams Arthuer,0,1,70.41273923973557,54.80117701064785,19.983080639622177,0.0
cc7469d4-1a50-48df-ae3f-792f536a0445,Spain,Ball Receipt*,Robin Aime Robert Le Normand,0,0,49.142827878811914,51.69649922154559,25.728176627604487,1.7858064456126364
cc8d636e-d6ec-44b9-a692-81357202cafb,Spain,Carry,Rodrigo Hernández Cascante,0,0,31.20751150906695,58.53889485106642,32.50320250353119,0.0
cc8f98ad-5fc7-4c48-9950-b60a437ac444,England,Dispossessed,Bukayo Saka,2,0,1.6413775693758024,30.076454963051077,15.084825583713213,0.0
cc986567-1f34-459f-a825-ce6e864d4d6d,Spain,Ball Receipt*,Lamine Yamal Nasraoui Ebana,0,2,59.540362789643844,41.72188679506162,28.03421610034771,10.720339462987015
cc9bfa11-e57b-492f-9b90-e8228c1ae62f,Spain,Block,Rodrigo Hernández Cascante,2,0,11.590198237841985,18.37728683309409,17.802191769139984,0.0
cca83f2d-c67e-42cb-bc57-deb1dc9adde6,Spain,Carry,Lamine Yamal Nasraoui Ebana,0,0,29.686002995207296,63.85275616077075,31.63688258278661,0.0
ccc7dd2e-89bb-4a7d-96e5-b2afa5cdbf50,Spain,Carry,Nicholas Williams Arthuer,1,0,74.0973116686876,50.19015470257383,21.277505654718933,0.0
cce972a7-3b0c-4730-9712-075efc0c544c,England,Ball Receipt*,Kobbie Mainoo,1,0,64.66749831699995,60.1654573800504,21.784682650974737,2.894789157652089
cce98eee-3f59-421f-aa16-e504fe641425,England,Ball Receipt*,Kobbie Mainoo,2,1,19.267445974258973,53.969404536944715,26.921273308685358,0.0
cd004ede-51d5-440a-864d-f37760cab6f4,England,Pressure,John Stones,1,1,36.75045795741205,32.586966835103205,15.558395203025098,0.0
cd394317-d2c6-488c-9378-2010f3cb2ca5,Spain,Pass,Daniel Carvajal Ramos,2,1,58.57351435255875,41.76451306408451,26.604036294611557,0.0
cd6b8edf-8ee3-471a-bf8e-4c7da5a8f943,Spain,Pass,Nicholas Williams Arthuer,2,2,22.1482910439934,43.222959617763244,26.922365611868024,0.0
cdb2a63d-4d1b-427e-a4a2-3919d6a200b9,England,Ball Receipt*,Declan Rice,1,2,89.22930581245068,26.289659058355962,18.71913962704404,8.343577570980896
cdc352a7-b468-47ce-8f30-4712554c969e,England,Ball Receipt*,Jude Bellingham,1,0,54.877923437151615,51.96518345754592,17.747452038301304,3.7269547940090804
cdc5387b-c49a-49ef-832d-c3510569bf2a,Spain,Carry,Aymeric Laporte,0,1,48.45131300923448,51.19353437611073,33.96817362730336,0.0
cddc9bd7-49b9-470a-8e5d-cbdb306d47cc,England,Ball Receipt*,Ollie Watkins,1,2,75.09137735288306,46.78296900663743,15.025837156156935,3.1752367845526646
cdde42d6-ddc2-461b-b9d9-081261d139f5,Spain,Pressure,Daniel Olmo Carvajal,1,1,25.01985364367819,31.359585275337363,11.195954102027049,0.0
cde5f7b3-d507-4d3a-94cd-6c1b0acd4de2,England,Pass,Declan Rice,1,2,27.750440474816795,25.177084223360463,28.869948508947246,0.0
ce1c98ec-a0b9-48ec-b766-a59cfbccc7cb,Spain,Ball Receipt*,Daniel Carvajal Ramos,1,1,34.486684871969835,38.312792961915584,21.654703463615608,0.0
ce1d12b8-241b-4027-85c9-247f5ff72445,Spain,Pass,Marc Cucurella Saseta,1,0,35.48893211105592,57.03496368540763,33.786524879781844,0.0
ce33ef15-95d9-4e9c-96df-b7fdab062a0c,Spain,Ball Receipt*,Daniel Olmo Carvajal,1,2,16.55952578263845,27.46693463488875,23.07431848421469,0.0
ce37cbf7-f3bb-40ed-a0b3-ad4e8384cac0,England,Pressure,Kyle Walker,1,2,44.50999048488811,43.91746399547406,26.751888239712606,0.0
ce472a75-ff87-4912-9dfd-da0ace7b2223,Spain,Ball Recovery,Rodrigo Hernández Cascante,0,3,26.159465342661942,31.207517140152127,22.28223031922581,0.0
ce66442f-39ac-4f00-8d90-af643097f8f0,England,Ball Receipt*,Bukayo Saka,0,0,68.98137151096131,41.503328762952435,12.195908655428294,0.0
ce6faa48-8b06-4e92-b499-bc016fcbcbbf,Spain,Carry,Aymeric Laporte,0,0,50.2852455385445,54.78129396613033,30.137301953329057,0.0
ce7b31af-82a0-4850-b389-5ddf83983c6c,Spain,Ball Receipt*,Daniel Olmo Carvajal,2,0,80.87406100721859,27.38502845016625,15.579300070012629,2.303468747850556
ce8991e2-2988-4663-a019-41cca5a6e99b,England,Duel,Harry Kane,2,0,19.935560949850956,30.34426631747163,18.249019147795064,0.0
ce9d3bc7-b7fc-4eae-856c-5f748e2fc3c7,England,Pass,Declan Rice,0,0,91.06050094207318,33.05362218161429,13.394988492256509,0.0
cebe071f-c7b3-4c7b-88c1-73d5e70e22a4,Spain,Shot,Mikel Oyarzabal Ugarte,2,1,93.26405973741817,25.29480383751231,18.08773125899461,0.0
cec55fba-a6ce-40f6-a55b-0c2446e8485b,Spain,Pass,Fabián Ruiz Peña,0,1,64.67670615737903,54.13472621380011,25.557392692672053,0.0
ced27a45-27e8-411e-802b-e4e65ff686b5,England,Ball Receipt*,Bukayo Saka,0,0,59.4194536067509,44.91099081538881,28.422146945799373,6.031275765005543
cee3300a-44e8-4714-84c6-8f135b4238f1,England,Ball Receipt*,Harry Kane,0,0,33.52573510271763,40.31110640324278,9.453631836479097,2.884878118798023
cf054d6f-b0fa-43aa-b98d-5ba32d640e9d,England,Carry,Jordan Pickford,0,4,9.411305057242139,20.77267807931911,16.49882141346356,0.0
cf1c8531-2a6c-4549-9dc8-5f1143923739,Spain,Ball Receipt*,Robin Aime Robert Le Normand,0,0,60.62721833782564,57.01680922109241,32.05950075460394,1.7834071870032395
cf4b2b7b-b589-405d-a86a-567eaefeec88,Spain,Carry,Marc Cucurella Saseta,0,1,40.31640886875394,50.349620014959505,16.511145952542545,0.0
cf4dfcf3-bd65-45ae-8ebb-391ded5c21fa,Spain,Pressure,Nicholas Williams Arthuer,2,2,53.19057124940491,35.147502199301115,35.27963751315314,0.0
cf540352-24c6-48a2-a0c9-2a59c641ed9a,Spain,Ball Receipt*,Fabián Ruiz Peña,1,1,81.88853011106627,36.44412857330788,28.02485028130207,0.0
cf72145e-176e-46a2-95cc-6355666f4b7a,Spain,Carry,Fabián Ruiz Peña,0,1,60.64413428017087,45.365552702298864,20.252361099148043,0.0
cf968bfa-cdd1-4e9b-a25c-f463f6a25c01,Spain,Pass,Robin Aime Robert Le Normand,0,0,31.78415101729974,50.47094265993843,31.276299819265382,0.0
cfdf07da-331b-4548-a83a-8f56b526b1c0,England,Carry,Harry Kane,1,0,75.04793898397858,31.77498860359459,25.436345929150416,0.0
cff5fec2-d04d-47d0-a5b6-5af6c33630cd,Spain,Pass,Daniel Carvajal Ramos,0,0,26.702386382211646,42.62627293436962,28.3024134335545,0.0
cffb0f45-97e5-411c-9a94-8df17e359b18,Spain,Ball Receipt*,Álvaro Borja Morata Martín,0,1,68.54220614962608,50.268336896048446,17.253493050423568,0.0
cffc53c1-ddad-48fb-93aa-87f9ae2c3924,Spain,Duel,Lamine Yamal Nasraoui Ebana,1,1,38.4048,12.783231235021292,22.972488916917456,0.0
d018d80e-4d4d-4d99-ab70-5aaafd772dfc,Spain,Carry,Álvaro Borja Morata Martín,1,1,25.037122661734713,30.812924740874482,24.04737297205158,0.0
d03e4c4a-41be-43d9-9fd0-dfc3dd2248d0,England,Goal Keeper,Jordan Pickford,3,2,4.73047307293259,23.73526635290139,13.097858624623356,0.0
d0430f26-d185-45d5-ab90-91433bb6ffd5,Spain,Pass,Robin Aime Robert Le Normand,0,0,62.385623567187864,44.394176808473155,27.909058019185498,0.0
d047d477-d5d9-43c1-8870-08386f7e0718,Spain,Carry,Daniel Carvajal Ramos,0,1,75.26817998398643,48.40816210749052,21.212450571524112,0.0
d07a0c11-9eca-496c-a006-c72529f41e30,England,Pass,Kyle Walker,0,1,45.82091992828059,44.98160214598689,20.735368687202616,0.0
d081b92a-d014-427a-8bd8-bfbdb61e1aa5,Spain,Carry,Robin Aime Robert Le Normand,0,0,38.71378742138083,66.0468043430515,34.074515408336424,0.0
d09872a3-9c16-40eb-b0c3-b7687dcf7a02,England,Ball Receipt*,Harry Kane,1,1,4.850468441375744,30.09735706177823,24.055260168218275,0.0
d09eab6d-6ad1-4aec-b1ae-63020f20ec04,Spain,Carry,Lamine Yamal Nasraoui Ebana,2,0,70.3722829293269,51.940335793984424,21.14806421236683,0.0
d0a2b18f-7195-4968-a7c9-aa34f48ef9fd,England,Ball Receipt*,Bukayo Saka,0,0,22.94172854209493,31.46635606131501,22.187082375627966,1.5318023082453873
d0b57552-1027-484a-9fa3-c6fb9c18538d,Spain,Duel,Robin Aime Robert Le Normand,1,3,2.4491022816914803,37.2217922398986,18.413943993789367,0.0
d0b6684f-cdea-427e-81f2-37967a3d3d26,Spain,Carry,Marc Cucurella Saseta,0,1,62.150062623027594,55.25755517225203,26.4240735982304,0.0
d0dc23ca-df7d-43ba-9cb5-6714e64e02c9,Spain,Pass,Rodrigo Hernández Cascante,1,0,60.868132907267324,41.77473156012712,20.554102485119433,0.0
d133ba85-ed87-417c-ae36-ac4a781f8393,Spain,Ball Receipt*,Aymeric Laporte,0,0,32.603287205868654,60.08683605149061,35.1861620175831,0.0
d13b7e7d-5274-47cd-8636-6250d4b45723,Spain,Pressure,Daniel Olmo Carvajal,2,1,36.42187858929583,42.29131058131061,25.48339730300814,0.0
d1513157-0a02-4f29-a0a2-b6992200ae4b,Spain,Carry,Nicholas Williams Arthuer,0,1,70.78327267696234,54.37809006437065,21.903362872989852,0.0
d16640b0-6bc5-4ca6-95a8-330bc191331f,England,Carry,Kyle Walker,0,2,71.16657314555931,49.02451164471254,23.772381579815107,0.0
d16fd9dc-0963-4464-8be7-fe10e8e28943,England,Miscontrol,Jude Bellingham,2,1,31.042024126740237,36.12457129832031,21.878409420336798,0.0
d17e3b26-521e-4064-af20-c76b23407014,Spain,Carry,Aymeric Laporte,0,0,47.83671319393359,54.281993398259964,28.53202839336928,0.0
d196d8a5-fefe-408b-a87b-b6e166e77cc3,Spain,Carry,Fabián Ruiz Peña,1,0,41.25062325845847,33.024015326101896,32.38079261748171,0.0
d1b91143-6f6a-4748-8132-8d9f113fafeb,Spain,Pass,Álvaro Borja Morata Martín,2,0,70.22409160431476,42.19359483220567,13.187457651596855,0.0
d1c5a7d5-668b-4b93-9fbb-7243f78e93ff,Spain,Pass,Daniel Olmo Carvajal,1,0,69.92632186426715,24.88714571488142,12.394910845414842,0.0
d1c8792a-cb29-4662-bd4c-0febb46d856d,Spain,Ball Receipt*,Lamine Yamal Nasraoui Ebana,0,0,47.57164669949076,42.49005560239618,29.088468323058315,17.163675447995917
d1d1a1ae-b3f1-4a4b-b236-5d1d53858725,England,Carry,John Stones,0,0,39.20813669853918,40.04471448391741,34.19092804517557,0.0
d202c308-2352-4787-a3c9-186f04d26feb,Spain,Ball Receipt*,Robin Aime Robert Le Normand,0,0,49.38970234677349,52.85686288313441,28.595785952155136,3.587969148795038
d2272007-18d8-45d6-bf3a-426ba7fb74b0,England,Carry,Jude Bellingham,1,0,44.15341528336328,65.44491136020368,32.909988960884206,0.0
d23b2f9a-bbf9-46b9-8d98-e429d43bf06c,Spain,Ball Receipt*,Nicholas Williams Arthuer,0,0,35.13075135369707,40.614935232332236,7.631540874749735,4.658852128358181
d241d754-c431-4293-98fa-9ed716c62e2e,Spain,Pressure,Marc Cucurella Saseta,2,0,15.37058007186231,34.18775098850322,20.657755244469058,0.0
d24de9dc-bd24-4973-93a0-1098a7e14a0d,England,Pressure,Phil Foden,0,2,18.350867225749095,36.76028726102744,13.505611130225931,0.0
d27ca3ba-8a87-4012-ba1c-3cdacb6e9122,England,Ball Receipt*,Declan Rice,0,1,73.39706248128901,42.6860449386364,22.147640529992678,3.3155240828972135
d28aaf20-e078-4d2b-97a2-3ecb8b29be3e,Spain,Ball Receipt*,Aymeric Laporte,1,0,6.120684923985713,10.852598150940382,16.960054576974976,0.0
d29da640-f722-414a-82e1-eab59dbe9b27,Spain,Ball Receipt*,Aymeric Laporte,0,0,42.587359558563534,55.531892528990575,33.08979107416342,3.0508046975495606
d2d753b6-0bd4-418a-87db-f6733a144994,Spain,Carry,Marc Cucurella Saseta,0,0,35.86549359011971,39.50151305388025,28.159180732202795,0.0
d2da76fb-305b-4d2c-8131-1960c0891eaf,Spain,Ball Receipt*,Robin Aime Robert Le Normand,0,0,60.919245347673545,45.55193150429132,31.514864828493213,0.6124287508710041
d2dd9ee1-16ac-49d0-ab09-0dfb7f7e0a4a,Spain,Clearance,Aymeric Laporte,2,0,55.38028442386308,36.33550182224884,26.13965254386728,0.0
d2fb733a-3d72-47b6-b906-43f75a484333,Spain,Ball Receipt*,Aymeric Laporte,0,0,28.431895492463184,62.72498463637153,25.791978693447426,1.2766755092416797
d2ff302e-6503-4e0c-82e8-6407ae6d524f,Spain,Carry,Daniel Carvajal Ramos,0,0,61.135077053800565,50.523344323866404,17.632505252733004,0.0
d3513adb-bf05-4761-a4a8-f75cb37c9dae,England,Carry,Kyle Walker,1,0,81.49368574169985,37.66036462289809,14.7200575736081,0.0
d35a3ac9-c210-4a36-8d8f-588306758b7c,Spain,Ball Receipt*,Álvaro Borja Morata Martín,1,1,37.54165421880261,61.02490041494427,36.278769502235356,4.711425650552548
d35c858d-313f-491c-9215-6aca98c1fa96,England,Carry,Phil Foden,3,0,84.14588129371501,25.5024045323903,20.21563959200682,0.0
d37f3743-ba98-47f1-a3fd-038ee3bee709,Spain,Carry,Daniel Carvajal Ramos,1,0,69.73619994484147,50.51818620763151,17.583993889459983,0.0
d3a98673-1541-468b-9311-dc0e6f54f839,Spain,Ball Receipt*,Daniel Olmo Carvajal,1,0,28.57223268462761,52.91250605910676,40.743557060294584,3.899338751771009
d3b730da-9d64-4339-a0f2-2e7c94ca382c,Spain,Carry,Nicholas Williams Arthuer,0,0,71.80274040678898,55.5481598986763,15.647468618056234,0.0
d3b9ef8f-2a81-4f4a-9cb6-36d4af69857a,Spain,Pass,Aymeric Laporte,0,0,40.17415998891019,40.803792795547686,59.00109532773161,0.0
d4425a49-a4e8-4e56-bdcd-1cb34a39a537,Spain,Ball Receipt*,Marc Cucurella Saseta,1,1,47.62619083363674,57.28467630727475,28.192130791387413,4.18843865497065
d4487bbd-ae7a-4ab8-b126-dd37052a8f24,England,Pass,Jordan Pickford,1,2,13.861768535565476,62.14808767403436,32.71192514487721,0.0
d4877a22-6e3a-49d5-9e4a-01b54ecdaa88,England,Pass,Jordan Pickford,0,0,19.61753581821762,55.1402605345239,55.2389828840328,0.0
d4c7ffb1-e0fe-45ca-8585-da7f339742ef,Spain,Pass,Robin Aime Robert Le Normand,0,1,32.21117015236711,66.18462060702146,38.852638289627684,0.0
d4cd3730-cd2a-4d24-9de9-e049e3437bb1,England,Pass,John Stones,0,1,64.4245417391784,49.30899402535067,29.53478982399746,0.0
d4d1f3a9-805b-451a-bbc6-3a11ecd2115f,Spain,Ball Receipt*,Marc Cucurella Saseta,1,0,73.03302282543906,59.8931867048638,17.796694294972006,0.5600126385668859
d4d46bd7-07fb-4faf-b3ac-e7721251d68d,Spain,Pass,Nicholas Williams Arthuer,1,2,47.325639243605536,38.85555157862058,26.896636122894368,0.0
d4dc8416-2cd5-4ead-a488-87b8ef9df769,Spain,Ball Receipt*,Fabián Ruiz Peña,0,0,26.850359157821295,50.801928881382715,22.202030207686153,4.039930638086874
d4dd17a5-2f24-4a13-b552-6f983ec7a52d,Spain,Pass,Robin Aime Robert Le Normand,1,1,32.31993394435988,66.37754304608072,36.36391416166385,0.0
d4ec98fa-bd35-4886-bfbb-be709605b732,Spain,Pass,Aymeric Laporte,0,2,57.56754698377767,52.47184622217034,28.911272484631304,0.0
d4ef550f-5260-4b78-9c50-24d90cd6f5bc,England,Carry,Kobbie Mainoo,1,2,12.782570633908048,25.65732488542693,25.966872264817958,0.0
d50de907-855f-4b5e-9b06-c045a085d975,England,Ball Receipt*,Jordan Pickford,0,1,22.541503652438138,41.867284819769424,35.673264599493365,3.3714737768174836
d51b5011-020c-4e8d-89a1-e8e06b901ffc,Spain,Pass,Aymeric Laporte,0,0,49.26882601988144,63.3828655376532,29.90432120384116,0.0
d51bc09d-7758-41d1-8e7c-adf8f575ecee,Spain,Carry,Nicholas Williams Arthuer,1,0,62.21389582412928,41.86170022042939,20.067326739937574,0.0
d51eb5e1-1e0f-465b-a6c9-dca9a5b4d548,Spain,Ball Receipt*,Robin Aime Robert Le Normand,0,0,61.53984550801993,60.84276402157581,25.571476321039935,2.706300515365441
d520f01c-5fbe-4edd-ab15-671f0efd583e,England,Ball Receipt*,Kyle Walker,0,1,66.43613231516612,59.43488794582031,20.414626551290773,3.8940148813846482
d521ed98-7707-43a7-be79-895914aaf906,Spain,Ball Receipt*,Mikel Oyarzabal Ugarte,1,0,1.2604100684446884,15.54266342932798,15.697158951248195,0.0
d5255d3b-f50d-4ef4-91c7-ba98bea31600,Spain,Ball Receipt*,Marc Cucurella Saseta,0,1,40.31640886875394,50.349620014959505,16.511145952542545,1.087308232215088
d52933b4-e027-4a9e-8d9c-c3715e1e5588,England,Clearance,Marc Guehi,1,0,5.906071452668412,25.665151564180672,15.245828465536267,0.0
d548bc8e-ed95-4476-936c-5c1c9e4dc0ce,Spain,Ball Receipt*,Daniel Carvajal Ramos,0,0,34.149115722042566,60.5512333453145,27.982603396642666,2.3636456007980353
d561a7a0-7f95-40e0-b9aa-3ebb64c3d44a,Spain,Pressure,Lamine Yamal Nasraoui Ebana,2,4,16.427202074418098,26.43606448390084,10.160956467977464,0.0
d571c09d-8cf3-4c31-a5c9-9d2d0cd8102d,England,Carry,Declan Rice,1,0,16.94836689789637,52.48867310496899,22.163829613265108,0.0
d57cfb4d-df18-4ee8-9501-a68a1aff9033,Spain,Ball Receipt*,Rodrigo Hernández Cascante,0,1,18.526971949745015,33.96451064607019,21.514979040512898,5.737376197157235
d5939001-1da7-4282-ae80-0f0c45cc4a0c,England,Dribbled Past,Jude Bellingham,2,0,12.984479825592041,30.07134917097038,26.05366824131281,0.0
d59598d1-bee3-4c97-9d89-eb711c739080,England,Ball Receipt*,Jordan Pickford,0,1,51.329160306974416,37.686984179337905,48.60775341692765,0.0
d5c2967a-d249-4c64-937e-0d38a5716b41,Spain,Ball Receipt*,Daniel Olmo Carvajal,1,1,64.75992435384894,53.39477541923218,21.2498987488029,1.8103341909990596
d5e183dc-61c6-4010-953f-a4d602d4e81f,England,Ball Receipt*,Kobbie Mainoo,1,1,80.79339142172088,43.4628340616528,18.39139545342696,4.411365932054832
d5fb1966-7662-458d-8fe3-b152d874d1a2,Spain,Pass,Álvaro Borja Morata Martín,0,1,57.18595282525249,52.06808501894029,19.087773405908266,0.0
d6055c8f-83c0-4194-a51e-e6e27c7fc662,England,Carry,John Stones,0,0,10.49512913988318,49.86807258249853,34.132268354983864,0.0
d6173771-a43d-41ea-84dd-8be6582e2758,Spain,Pass,Rodrigo Hernández Cascante,1,1,51.25300856001492,54.956879439781126,23.850506889108352,0.0
d62f839c-b35a-43d1-9bfd-4480a9346f56,Spain,Pass,Aymeric Laporte,1,0,48.565387602579946,63.789627879008584,22.65133416217875,0.0
d63aa5ee-2ca8-4469-883a-a3c9b129c851,Spain,Pressure,Rodrigo Hernández Cascante,1,1,62.41300193185705,32.549013734544594,31.43119488271785,0.0
d64668c7-747c-4a7d-912c-e1c3ff357a67,England,Ball Receipt*,Jordan Pickford,0,0,46.63787031404664,35.15226831692247,44.70812922512568,10.728247135675337
d649bb11-84cb-4828-b032-8c7df52895dd,Spain,Pass,Marc Cucurella Saseta,0,0,43.30704273790258,37.658997588209296,21.023931597419608,0.0
d6520360-3763-442f-8b03-f2c35e742ad0,England,Clearance,John Stones,1,2,8.414083310318658,31.433121887945976,17.99260077826631,0.0
d661cc17-6742-40c1-a93e-8d19c1e17749,England,Ball Receipt*,Marc Guehi,0,0,54.628058422806355,65.08851970319029,26.281126385408406,1.3065113000237312
d6ac7566-abea-452e-969d-3447ea32ca79,England,Pressure,Declan Rice,1,0,25.278990324521587,35.891824424562444,22.346524864753746,0.0
d6ac9802-0653-433b-af6e-a5b03fdfff54,Spain,Ball Receipt*,Álvaro Borja Morata Martín,1,0,46.68730810068415,52.08766318313525,38.49563466631479,11.433356245273691
d6b37a4c-bc44-453a-a92e-d769da150b9c,England,Ball Receipt*,Declan Rice,0,1,48.112337512431324,37.13246684731479,39.53800952800807,3.9388640518210747
d6e18ff0-ac95-40c0-b2dd-7465e521fc56,Spain,Pass,Fabián Ruiz Peña,0,0,44.63123485121771,53.50050456885903,26.35386368428293,0.0
d6e750ed-14e6-4729-99e4-7e17718d936b,Spain,Pass,Robin Aime Robert Le Normand,0,2,27.373337843031425,62.35436778318713,28.144342448827274,0.0
d6f4cc0c-bedf-4038-a00e-709883999b47,England,Foul Won,Marc Guehi,2,0,34.80601090460581,54.698816801443165,36.355532374505515,0.0
d7096036-e8ae-4ea6-b8c2-037d47a2acb9,England,Ball Receipt*,Kobbie Mainoo,1,1,25.96171217072555,32.01326354691084,23.132783905709143,3.129156341972627
d72008e5-2ac0-4df5-87fe-7bbbe71e218c,England,Pass,Declan Rice,1,1,53.27812839047521,46.03683665051846,24.753911227950464,0.0
d723840b-18e3-4ca3-811a-241f471dfbef,England,Pass,Jordan Pickford,0,0,37.13273326773146,62.58047845601528,37.18463553690059,0.0
d72760e0-0342-4cc2-abed-5f10a0be2a43,Spain,Pass,Robin Aime Robert Le Normand,0,0,15.702439511620684,60.36901583082829,32.391967524515685,0.0
d7283be5-d589-4d30-b349-272159e4ebd2,England,Ball Receipt*,Jude Bellingham,0,0,33.210631703022585,56.88700145564241,30.382946780391233,2.743737700946926
d733ea48-fdfd-46b2-8a85-986cc01f8740,England,Goal Keeper,Jordan Pickford,1,2,4.835200224349937,18.584169727761395,20.882337852519417,0.0
d7500cd5-c5ce-46f8-8748-71064032a7f0,Spain,Ball Receipt*,Fabián Ruiz Peña,0,1,47.81650406401504,67.72795016509446,24.205067465348737,1.802366062195341
d759c6bf-0368-4612-b3e0-8e8e5cfe735f,England,Ball Receipt*,Marc Guehi,2,0,39.989334383231764,54.7518087737548,32.41051572950119,0.0
d75f1274-bdc9-44f6-84ba-3c10c7114760,Spain,Pass,Aymeric Laporte,1,1,39.58682564039393,46.696715242955605,19.813883584427014,0.0
d79b87cd-d47f-4e9e-9cd8-b4e7b3457a39,Spain,Pressure,Álvaro Borja Morata Martín,1,2,37.368574749420205,38.20636855167016,23.24612461420489,0.0
d7e4f1b4-17a2-4457-9251-f4168a2a3ec5,Spain,Carry,Martín Zubimendi Ibáñez,0,1,67.06810265243809,58.53532802361507,24.16733769488416,0.0
d7f30f86-5b92-4944-9ad9-7d8ac738bbdf,Spain,Pressure,Daniel Carvajal Ramos,1,1,73.05325062218547,23.42630498103872,13.090258863617297,0.0
d7fa3cef-436b-48ae-86e3-0c3da5311244,Spain,Carry,Lamine Yamal Nasraoui Ebana,0,1,67.05236340051049,56.13199524238793,18.762782990820387,0.0
d81b0681-be2a-4143-b46c-5d457df7c5f2,Spain,Pass,Robin Aime Robert Le Normand,0,0,50.968908755343755,61.47177598074822,27.496027598730794,0.0
d86f67c9-b0e5-4b6a-aee4-02f7701f6fff,Spain,Carry,Robin Aime Robert Le Normand,0,0,54.56176572895206,63.12967374761255,32.27262187391757,0.0
d8891243-c327-4227-8847-c131af47192d,Spain,Ball Receipt*,Unai Simón Mendibil,0,0,22.950354789502835,49.54675380644785,44.84498169853914,12.437650962260241
d8b7b9cf-bc98-4ed2-876d-d913037abd0e,England,Ball Recovery,Ollie Watkins,1,0,70.4970472273958,27.441898168784636,9.337451317219898,0.0
d8bc0db1-b3c3-47c3-bd47-90a9778e4e62,Spain,Ball Receipt*,Lamine Yamal Nasraoui Ebana,2,0,67.07886216678072,52.27031727967551,20.899770473565216,3.393549002093065
d8d0437c-c6e0-42e0-9697-9b64217c4f38,Spain,Ball Receipt*,Daniel Carvajal Ramos,0,0,64.22223454463963,47.93493557638275,28.492769275260894,1.8480933606607983
d93793cc-16ea-4468-9154-140027dad08d,England,Pressure,Kyle Walker,1,3,44.076106183855664,43.551969357618944,25.251753533077995,0.0
d9439018-76a8-4ad8-9948-41b0e454d323,England,Pressure,Cole Palmer,2,0,64.4748280187788,41.75133096425248,25.589824872103247,0.0
d951da7d-e010-4c0e-af4b-125c7db58aea,Spain,Pressure,Nicholas Williams Arthuer,1,4,32.60317313024187,37.279132035880416,20.905336181027415,0.0
d95ca626-af58-4e78-850f-5511d21efb8f,Spain,Carry,Marc Cucurella Saseta,0,1,82.97917008124847,24.658442689666483,14.947112656818126,0.0
d993c1f2-93a4-4ebc-a2e3-f1d2974ff165,Spain,Pass,Unai Simón Mendibil,0,2,54.44008887218848,24.446157030146303,51.7629441221262,0.0
d9978f05-5b91-4b20-b582-2a6f1db34e10,Spain,Pressure,Lamine Yamal Nasraoui Ebana,1,1,44.69460596657738,37.22336528960075,23.71936364445664,0.0
d9afacc5-7b61-4e2e-a593-be35f72ace40,Spain,Pass,Daniel Carvajal Ramos,1,0,96.23456575671597,26.026742774521946,12.690889585541033,0.0
d9c117c7-eafe-4a34-9046-7a7d6c0c2218,England,Ball Receipt*,Phil Foden,1,3,18.00985214200029,24.879165519544692,22.4374434691409,0.0
d9d5746b-0f3d-4e48-b9cf-a43e62669b29,England,Ball Receipt*,John Stones,0,0,32.346927510100684,48.50771953445714,41.53642356258187,1.8404630811594014
d9daa133-065c-4631-afd9-c487d112275c,Spain,Pass,Daniel Carvajal Ramos,1,0,47.23855684467151,48.99109138394371,26.60490193629838,0.0
d9e775b3-e6c2-4a6e-93a1-d83e768f90fc,Spain,Carry,Lamine Yamal Nasraoui Ebana,0,1,91.99468274775627,31.815888688903364,13.13190198100646,0.0
d9e9f88d-311e-4110-bf47-cd4b5ff9f2de,England,Duel,Harry Kane,3,0,7.718133351667325,22.122301167313886,20.734305834618183,0.0
d9eae339-9676-45e6-a95f-7ab074f20efe,England,Ball Receipt*,Kyle Walker,0,0,4.679243027653539,43.20792762631154,30.26714210491843,6.73921165509728
d9f5651f-0e12-40fc-b26e-5bfaf925552f,Spain,Pass,Daniel Olmo Carvajal,2,0,77.7626604506321,32.390296516973635,14.446871349631444,0.0
da0d1c3d-00d9-4488-a9f4-13b7d38452d0,Spain,Pressure,Fabián Ruiz Peña,1,1,53.54438364744569,37.566281702303286,34.48000053343633,0.0
da2249a9-cb62-445a-9c69-6cf3aa8760c0,Spain,Carry,Nicholas Williams Arthuer,0,0,87.95807652295484,31.956874321865712,21.428713792027466,0.0
da235075-d1f3-4f43-856a-d1d1dac20135,Spain,Pass,Marc Cucurella Saseta,2,1,39.933205596221676,39.046421687556105,34.43739222067615,0.0
da277268-69d6-4bf3-a3d6-bc60a9e0af1a,England,Pass,Kobbie Mainoo,2,0,64.95557423604902,57.936128010148984,22.965000234649494,0.0
da30f9a8-d43e-4d21-b8fc-95d9f4370e0a,England,Ball Receipt*,Bukayo Saka,0,1,23.355673933940583,40.879556151327826,33.04597602387616,0.0
da545563-4d44-41a6-b2b5-ea9519ecf2a7,Spain,Ball Receipt*,Aymeric Laporte,0,0,77.40676228938702,57.696807391055856,23.005405806774174,0.9602424593160586
daa54f37-3418-415a-a763-234a61d3d829,England,Pressure,Kobbie Mainoo,1,4,21.865749641820155,30.807910910987676,31.325513600308796,0.0
dad52af3-4352-4104-8590-cd22a534c6a9,Spain,Pass,Martín Zubimendi Ibáñez,0,0,70.43335950237925,60.915302521241316,24.651413242801482,0.0
dae76102-25c8-44a3-a37d-0497744d659a,Spain,Ball Receipt*,Rodrigo Hernández Cascante,1,2,59.17557302668444,44.73007033924935,16.692486402076167,2.5232091739705047
daeda5a5-4628-435f-afe5-d9a311113874,Spain,Pass,Aymeric Laporte,1,2,65.49171216196949,58.084437204713495,19.168375558048957,0.0
daf7e936-67e0-4882-8dc9-04851994fe3c,Spain,Carry,Fabián Ruiz Peña,0,0,83.42560063247029,40.49372147465184,20.40646774696261,0.0
db26051c-2126-4e40-baa7-b2bb6150457e,England,Pass,Jude Bellingham,0,0,82.4875805908803,31.82036158536098,11.33110789211989,0.0
db33dc50-4595-49db-ad45-4e907dd3f68d,England,Pass,Luke Shaw,0,0,43.946434028219606,35.804352207374784,28.283825485353557,0.0
db444a01-4a70-4c37-9507-cc8df58fe292,Spain,Pass,Aymeric Laporte,0,0,61.885895390348175,56.0960598170517,33.36247610743701,0.0
db4487bc-6720-4d3a-8e5a-e31156643766,Spain,Pass,Daniel Olmo Carvajal,2,2,61.424348313045975,43.67553019510536,22.02967819195308,0.0
db49548c-814d-4e03-951f-03485a26f30d,England,Ball Receipt*,Phil Foden,1,3,35.31716784320263,36.52867197297809,23.871393371689635,2.0330006642108454
db52e3dd-d0ef-482e-8490-3cb39e589d0f,England,Ball Receipt*,Bukayo Saka,0,0,76.75053550702482,52.700399574071234,19.987685163306704,1.459506628927226
db54d91e-23eb-43e8-af12-a4ffcc489ace,Spain,Pass,Aymeric Laporte,1,2,38.97094401773056,49.387424418632406,23.146159640426447,0.0
db593f58-c9e7-4fad-a36e-b67af4576677,Spain,Carry,Rodrigo Hernández Cascante,0,0,84.46494882597975,48.423671829556106,16.14197524511282,0.0
db9b0ecd-dc65-412f-b506-557eb482f065,England,Ball Receipt*,Harry Kane,1,1,79.46529658405146,46.47168984855124,16.29707108724905,2.5251977183231773
dbc3156b-9065-4168-b31f-c904645f15f9,Spain,Ball Receipt*,Aymeric Laporte,0,1,23.121557281916616,65.93640787444139,28.98125832605398,2.6542552510931907
dbcdbfe0-01be-4966-8fe5-b3a8231031a2,Spain,Pass,Daniel Carvajal Ramos,0,3,25.327862281226054,40.139576000600876,29.837300633972266,0.0
dbd04702-5a34-4b70-89a6-ac989a413f74,Spain,Carry,Martín Zubimendi Ibáñez,0,2,49.92454068144205,60.86718840156029,28.961377439915893,0.0
dbee74dc-d2a0-4dff-ac13-54ac3c10ed67,Spain,Ball Receipt*,Nicholas Williams Arthuer,0,0,87.95807652295484,31.956874321865712,21.428713792027466,3.8055864894770073
dc08f08a-eb15-49e6-a582-d16013f52ed2,England,Ball Receipt*,Kobbie Mainoo,1,1,19.503138713414568,39.67619714987698,29.520270295903615,7.214885621612904
dc40a85e-5a04-45fe-ad07-97aeb1aec6ad,Spain,Carry,Daniel Olmo Carvajal,1,0,51.239306102595535,43.63750353557355,27.80219321763819,0.0
dc47c881-c6d1-49e5-ae13-e871d3ec8302,Spain,Foul Committed,Marc Cucurella Saseta,1,1,82.72291907783385,31.39704454408916,20.636755854249465,0.0
dc6ccd59-f827-4aaf-803c-860a741aa0fd,England,Pass,Declan Rice,2,1,19.00915098680015,55.872734672128516,33.53463704130092,0.0
dc7f9f47-6273-451a-91a6-0754018b76e4,Spain,Ball Receipt*,Aymeric Laporte,0,0,42.73454911679971,63.11375343490011,38.230741898421215,1.5341528048474065
dc813cd1-ab8f-4601-9b72-d609af0f69f1,England,Dribble,Kobbie Mainoo,2,1,76.88553864188256,47.59126780488561,28.666723155483712,0.0
dc9b027a-b981-42b9-b46e-8fddd6df90c7,England,Pressure,Declan Rice,1,1,30.182656905849903,31.167503500365864,23.00657993150505,0.0
dcb9f294-e42c-40a1-a4d5-764b75d72194,Spain,Pass,Aymeric Laporte,0,0,38.48280399229756,66.1959984239601,36.17917995469376,0.0
dcd18b0a-02ce-4224-ba80-487487ed7ff5,Spain,Ball Receipt*,Fabián Ruiz Peña,0,0,40.09284649737235,58.69332564973294,35.146900477150645,8.19470140681742
dcde307f-5109-438d-a49f-70da0b3b9584,England,Duel,Ivan Toney,2,2,9.717375428202716,24.69801032732193,16.417360900645665,0.0
dd25599e-489d-4071-8290-1c23ff32db83,England,Ball Receipt*,Phil Foden,1,2,33.919070071236305,31.682581459412862,15.982375489866802,0.0
dd3c1b26-e92c-4f58-a757-18a10aacef05,Spain,Pressure,Martín Zubimendi Ibáñez,1,1,50.402943237141095,36.51251939055029,23.2662703693455,0.0
dd4098ae-cd79-4d2a-9717-e95b5fd21674,England,Shot,Declan Rice,1,2,89.22930581245068,26.289659058355962,18.71913962704404,0.0
dd822c77-ca37-4192-9fee-bf6ae9d6d52a,England,Pass,Jordan Pickford,1,0,27.755387872349576,70.76687560508549,31.98621842610022,0.0
dd84bfb6-93cb-41af-9e9b-bf67265842ee,Spain,Pressure,Daniel Olmo Carvajal,2,0,60.089860983365405,48.15374234299239,17.090592652726848,0.0
dda85102-f38d-4b7b-b955-aea540a8e3e8,Spain,Pressure,Álvaro Borja Morata Martín,1,2,80.47051758596696,48.519415667197954,17.996229875994654,0.0
ddaab3a2-7082-4878-ab0d-b0a035968d6e,England,Pass,Jordan Pickford,1,0,18.71289363086991,30.207786779916955,37.07069425866651,0.0
ddb4cb6b-c3ef-437d-8bfe-8b3bd89a7b71,England,Ball Receipt*,Cole Palmer,0,1,69.71920890286403,57.72388909407282,30.51397611219156,3.1417692690394436
ddbaf5f2-7e99-4c54-ab23-2303a92b028c,Spain,Pass,Robin Aime Robert Le Normand,1,2,65.60721092156727,61.262254838305296,30.327614172287788,0.0
ddc59799-8345-451f-bb2b-fb0fcb42939d,Spain,Ball Receipt*,Aymeric Laporte,0,1,55.23258736865731,51.71384227515405,28.69186030886418,4.2118966872563846
ddee0277-0605-45fe-bce7-5334bf923cc0,Spain,Pass,Robin Aime Robert Le Normand,0,1,68.43728388292625,56.36438022630215,22.994243347278317,0.0
de22f420-9731-4708-b572-abd2f9fa07c1,Spain,Pass,Daniel Olmo Carvajal,2,0,73.93720304135881,20.59024573937298,12.252805158290903,0.0
de4698af-ed9a-47e0-ac3b-cd5a6db65c89,England,Pass,Jude Bellingham,1,0,30.757887101755127,56.07779339503426,42.300221702811335,0.0
de5e3f2e-6605-4b9f-b710-fbfbc46a769c,England,Carry,Marc Guehi,0,0,10.722971072694403,53.94669275491655,31.330742076068024,0.0
de8cd87b-6473-443f-9dda-ff1e7128577a,England,Carry,Jude Bellingham,3,0,44.83897518040057,34.44649588371438,17.169516802607436,0.0
debc5db6-3d15-450a-9178-8e10e83234f3,Spain,Pass,Rodrigo Hernández Cascante,1,2,59.991515259481254,43.61425219327043,23.195201279250004,0.0
dec9bb14-b276-490e-a408-70a0d87ce0c9,Spain,Pass,Martín Zubimendi Ibáñez,0,1,73.79500535901279,54.995347050399346,24.113594151929284,0.0
df001901-e05e-424c-b847-4e8bb7260b7f,Spain,Carry,Aymeric Laporte,0,0,46.00383159862916,31.3503141105609,13.550868434038085,0.0
df308369-e010-4816-9a76-cd40651da417,England,Ball Receipt*,Declan Rice,1,0,56.660899815129234,43.176196949215644,25.426977068400106,10.206701512994368
df6d990e-a5f1-40cb-9088-bede14d326ae,England,Ball Receipt*,Phil Foden,0,0,40.387037919191606,63.97260972009344,31.855288201301335,7.177813761823718
df916022-1bce-4f4e-a1ee-0d6ab79046d7,Spain,Pressure,Daniel Carvajal Ramos,1,0,7.017981150344742,39.83060379582858,25.845195129877347,0.0
dfa4a5b9-a3e5-4df8-a7fd-b65582759579,Spain,Ball Receipt*,Daniel Carvajal Ramos,0,0,82.06186143169793,49.6863752653306,17.182220942951524,2.880024503413
dfc256fc-abd4-4bb2-96a0-3ed9f4615c98,England,Carry,Kobbie Mainoo,2,2,71.28187414083574,42.98578710540806,19.082333633176532,0.0
dfd5d969-a675-407c-b2ed-a6061f62210f,Spain,Carry,Daniel Carvajal Ramos,0,2,66.24856343856797,52.441200231496545,20.981687826091335,0.0
dfd6236a-1986-43ed-8107-a29bbd61ddfc,England,Carry,Declan Rice,0,1,73.39706248128901,42.6860449386364,22.147640529992678,0.0
dfe2c35e-5500-4925-a8c5-89f4d85b2f69,Spain,Carry,Lamine Yamal Nasraoui Ebana,1,1,75.79915330539443,31.183279429629106,13.863057823501864,0.0
dff39259-3081-4c77-820e-4112370784d7,Spain,Pass,Martín Zubimendi Ibáñez,2,1,53.72996247461988,65.2062441761649,28.1310896119937,0.0
e00523d3-3b52-42a7-8886-8e18e18c2082,Spain,Ball Receipt*,Marc Cucurella Saseta,0,2,63.63115071126105,58.72566336353003,26.585206712598275,0.0
e0155e82-1ef8-425b-bfe5-d49b26136e81,Spain,Pass,Fabián Ruiz Peña,0,0,64.73414729101746,57.79722392286337,30.082687949072238,0.0
e020c7ea-2cbe-4358-80e3-13bd3a0db898,England,Carry,Declan Rice,1,0,56.660899815129234,43.176196949215644,25.426977068400106,0.0
e083e176-d13f-45d4-968a-2a24d424d3db,England,Carry,Jude Bellingham,0,0,33.210631703022585,56.88700145564241,30.382946780391233,0.0
e08b3a14-ff4e-423b-9d0a-9dad7a0718ed,Spain,Dribble,Álvaro Borja Morata Martín,1,0,2.3785788910340697,10.238773306258857,18.128141194593574,0.0
e0a1a2a6-38d1-4e10-a57b-55f5db2add1d,Spain,Ball Receipt*,Marc Cucurella Saseta,0,1,37.93523766526087,63.09437235329197,33.044422668719236,4.417475877931918
e0a8dffc-f8c1-4a1d-b9fe-ac74e53a0aa5,Spain,Pressure,Mikel Oyarzabal Ugarte,1,0,57.23642357300022,41.88373051981087,21.693061771162142,0.0
e0b829e8-345f-4fa1-8c09-d084a02efb1a,England,Ball Receipt*,Bukayo Saka,0,0,75.57231285869715,31.36163606270054,4.458933010123423,2.723874581492353
e0f608fd-3bbf-4cb2-877d-2885a7bea76c,England,Pass,Marc Guehi,0,0,44.49250925413643,40.55995787728511,20.875523422654464,0.0
e0fff86a-9b5f-4fd3-948f-c843af8f065a,England,Foul Won,Jude Bellingham,1,0,67.24190161394799,39.42512734775729,6.916825603178143,0.0
e1164d86-3fb9-41da-b11d-b2053d1c690a,England,Ball Receipt*,Declan Rice,0,0,12.82189134368579,38.05932222648187,23.539015797765487,0.0
e12c09ab-c925-4cc2-a5a6-7f6d6690c51a,Spain,Pass,Marc Cucurella Saseta,1,1,67.14921172220525,57.06253730357669,24.843198940240104,0.0
e144c25b-133f-4c07-a29a-71d6c0367302,Spain,Pass,Fabián Ruiz Peña,0,1,51.86189929154443,49.53691346620751,24.563543259720497,0.0
e1566293-9284-4956-9b37-97bf8247163c,England,Ball Receipt*,Phil Foden,1,1,75.64155386398062,51.190716305387404,26.629879128899187,0.0
e16d7759-4a9a-466e-ba16-687353efebec,Spain,Pass,Aymeric Laporte,1,1,42.662415626021996,23.167040783950245,21.933776327045166,0.0
e1724adf-0231-47ef-986f-c72ff4b04e84,England,Carry,Luke Shaw,0,0,34.05247704621778,46.023722300541934,14.106112497305304,0.0
e1788fbb-68ec-470f-b651-2a99a2df1d8b,Spain,Ball Receipt*,Nicholas Williams Arthuer,1,1,82.05946974628573,37.57683429669342,13.92430139533883,5.938075754430323
e178afc5-5ed2-4128-869b-2f3b36a974fb,Spain,Ball Receipt*,Martín Zubimendi Ibáñez,1,1,65.0567554076265,55.67120739996997,30.072628429854937,1.7730453477457822
e17c4f05-4181-410d-9db6-c5607ff27903,Spain,Ball Receipt*,Nicholas Williams Arthuer,2,0,43.52608520456387,60.69727937274966,31.60193001646478,2.5375349948806702
e1a245e9-2370-446d-b7d6-4f94c7949b84,England,Ball Receipt*,Phil Foden,1,0,9.846430575386718,27.951288072470717,22.782450111251062,9.220942987559496
e1a7235a-872d-4baa-a2d9-809916cd9f4d,England,Ball Receipt*,Harry Kane,2,0,21.89558303585402,20.419179428810814,10.282596509909645,0.0
e1abf1c6-b1c8-4272-a84f-581409ce711f,Spain,Pass,Lamine Yamal Nasraoui Ebana,1,1,79.16868583946189,44.14044220825792,17.43787086449322,0.0
e1c4c912-98c0-45ad-ae05-a7987e28e190,Spain,Pass,Unai Simón Mendibil,0,0,24.98952948384467,66.3750488297209,42.19654277291802,0.0
e1d6b3f0-41d9-45cb-b505-5672079baae6,Spain,Pass,Fabián Ruiz Peña,2,0,58.687334068957306,61.39911123737868,26.20810962248353,0.0
e1d6d2fc-b714-451d-83d0-2b920f6f716a,England,Duel,Marc Guehi,1,1,9.008930920652597,34.37484533950837,20.32202686426328,0.0
e1ee392e-0fa6-42ba-8e11-024e1660d084,England,Pass,Marc Guehi,1,2,66.89428747087038,55.56110454811613,21.780600409837234,0.0
e21d5da3-85c9-4e26-8ddc-223328cd5d8a,Spain,Pass,Daniel Carvajal Ramos,0,0,49.19780490319745,57.12629431820501,27.759582111687095,0.0
e22ee4ab-0068-4290-8e2a-c8ced47b1af0,England,Pass,Bukayo Saka,1,0,69.26667166068972,46.43632874261047,16.162919530142744,0.0
e23db11e-ab24-4176-93aa-0f86af34ad8e,Spain,Ball Receipt*,Mikel Oyarzabal Ugarte,2,0,80.47353854540779,39.51748890167241,14.092902868949018,6.154396040316728
e23eeb9d-ef55-42a8-93c7-1b0701490a95,Spain,Pass,Unai Simón Mendibil,0,0,25.11402144113943,64.81583263114797,39.23754203251011,0.0
e24cf3d9-a91c-40b1-be46-64921bde9411,England,Ball Receipt*,John Stones,0,0,29.58337728409544,59.36524533246442,38.04427449679835,7.707313067352948
e24d2fc1-3427-4ec1-8e98-b31ae85f924a,Spain,Ball Receipt*,Daniel Olmo Carvajal,1,4,20.152087975115688,35.081205981689216,11.397216958182566,0.0
e26fd169-411f-4d95-968d-deaa3452152e,Spain,Ball Receipt*,Lamine Yamal Nasraoui Ebana,0,1,67.05236340051049,56.13199524238793,18.762782990820387,3.5420714256342594
e27956d6-67d2-478f-84cf-83a949e3ac98,Spain,Pressure,Marc Cucurella Saseta,0,3,7.857950626879862,33.87200730959601,9.605142501351406,0.0
e27f49cb-98da-4baf-bfb7-ca5fab5a6b6b,England,Ball Receipt*,Marc Guehi,0,0,21.39375061306421,59.25002354632224,39.91179786729091,1.1670465897489242
e2a11092-0688-421b-b560-46d86c1568e1,England,Carry,Kobbie Mainoo,1,1,55.43985852764751,60.77040081648243,31.10772335713988,0.0
e2de85b3-f0e7-41df-9eed-c8f5134e3df2,Spain,Pass,Aymeric Laporte,0,0,52.99865682038614,61.54202349708792,26.708459415269974,0.0
e2e8726a-68f3-435b-9409-446bd037eae2,England,Carry,Marc Guehi,0,0,68.62477762493766,50.282057801435386,26.744801723762134,0.0
e32e4f87-6ccc-4a22-b105-85f77edc2d1b,England,Carry,Kobbie Mainoo,2,2,41.60139193897513,43.564238222120494,27.271207890998312,0.0
e37a110e-5595-46a2-96fd-2822c62bf496,England,Foul Committed,Ollie Watkins,1,2,75.09137735288306,46.78296900663743,15.025837156156935,0.0
e3a22c94-7cc5-4e57-ad4e-7dfe3954e043,Spain,Ball Receipt*,Daniel Olmo Carvajal,0,1,14.092676283307453,17.846107284425624,12.228645082052227,1.3923966665133025
e3a561b1-a695-4103-aaf4-b123baee0599,Spain,Carry,Robin Aime Robert Le Normand,0,0,25.102000763224886,64.35124719346487,33.383643546968166,0.0
e3df22a0-201e-428b-89de-dd15e0f6047f,England,Ball Receipt*,Luke Shaw,0,0,34.05247704621778,46.023722300541934,14.106112497305304,3.582243820912815
e3dfefd0-bee0-4d43-add7-79422ffac9d6,Spain,Ball Receipt*,Lamine Yamal Nasraoui Ebana,0,0,34.47100396349431,48.196846578501194,18.653550305063977,5.511386972775358
e4021c76-3788-4212-b0cb-f98303ec73d9,England,Ball Recovery,Kobbie Mainoo,1,0,74.14011736989828,41.79329806136848,12.291180908426409,0.0
e40e16af-ec7c-49e9-b60a-32600437ad79,England,Carry,John Stones,0,0,33.803063034560886,44.02108362432468,36.17149788840703,0.0
e4494801-3f88-44a8-ba37-eb0796db77ae,Spain,Pass,Unai Simón Mendibil,0,1,26.992236675143893,63.9937950813186,37.31328436806522,0.0
e4852d78-43b3-40d1-ae8c-9e47314e0656,Spain,Ball Receipt*,Rodrigo Hernández Cascante,0,0,61.27861847038085,44.814336599531735,30.09499171420386,8.801221755248315
e4be3227-a7fa-4477-b5b8-59ff119a81db,Spain,Pass,Aymeric Laporte,0,2,68.42427242350831,61.13767229191741,19.222112315864496,0.0
e4c4ef5e-796a-47f1-be13-a14d82fccfca,Spain,Pass,Robin Aime Robert Le Normand,1,2,24.962901756313908,21.57854521994384,17.85142202947216,0.0
e4fe1681-942e-4d9c-85e2-ea644d965cae,England,Carry,Marc Guehi,0,2,32.52012395190026,59.789899858288756,33.958420060876236,0.0
e51be29b-b8d3-4a3b-ab87-cd630ec7eb4a,Spain,Pass,Robin Aime Robert Le Normand,0,1,63.92082401233448,54.57680689257046,24.80931977981847,0.0
e5254313-4eaf-4f80-b2f0-e426a42f8ee3,Spain,Duel,Daniel Olmo Carvajal,2,0,60.26505428001812,20.978172575520738,24.94477409613849,0.0
e52c0c94-e0ca-40ef-8381-8f053ab26d8c,Spain,Ball Receipt*,Daniel Carvajal Ramos,0,1,61.85416821219777,49.69186351937298,24.674963214661904,3.457096449805553
e537837f-2c4c-4632-9946-880b99aeb02d,Spain,Pass,Lamine Yamal Nasraoui Ebana,0,1,80.23668682666691,41.79228147536972,17.317897933441536,0.0
e593bc38-17d2-4f39-963c-a71c311e6d89,Spain,Pressure,Daniel Olmo Carvajal,1,0,22.13004324673532,36.905547419376255,25.567339081228877,0.0
e59746b3-5c00-4e38-a7e8-d529722577b2,Spain,Ball Receipt*,Daniel Carvajal Ramos,0,2,25.849335488411274,60.26849979808953,35.485778390310166,0.0
e5ad18b2-7efc-4ecd-b257-e35013446005,Spain,Carry,Fabián Ruiz Peña,0,0,64.69361818640903,57.76944952642902,31.26611442410112,0.0
e5ae52ae-396a-427a-bd42-74dd09d2baf8,England,Ball Receipt*,Declan Rice,1,2,27.750440474816795,25.177084223360463,28.869948508947246,3.617818179575417
e5cdb5fc-5350-4993-a702-11ae08740f97,Spain,Pass,Rodrigo Hernández Cascante,1,0,62.85743872264815,47.130670368343424,31.884450979052176,0.0
e5e0c500-5ce6-428c-935c-cc241b4237ce,Spain,Carry,Lamine Yamal Nasraoui Ebana,0,1,74.76194736882739,34.46792768865017,18.525241106178022,0.0
e5e608e0-5cbb-41a3-939f-7c36e9be4bcc,Spain,Carry,Marc Cucurella Saseta,0,0,42.29754715664344,61.80964492490561,17.00173107909685,0.0
e5e6dd83-0275-4838-a2c1-4de6809b6ed3,Spain,Ball Receipt*,Daniel Olmo Carvajal,3,1,86.05880443624996,33.63176052031013,10.631639711687578,1.0128697532076019
e6469587-cbf8-413d-9122-ff038b0342dc,Spain,Duel,Daniel Olmo Carvajal,1,0,38.562068383739806,53.65565976293245,25.63972159391913,0.0
e64fb2a7-8822-4f95-abc6-d78e56f6dd0c,Spain,Carry,Daniel Carvajal Ramos,1,1,43.106335004204745,38.19003413478518,31.476280140297998,0.0
e66ed4ea-4c75-472d-86e8-c2ec18fd662f,Spain,Carry,Nicholas Williams Arthuer,0,0,67.16050744137385,51.811972361475895,13.857917423482744,0.0
e68076a1-3015-4abc-995f-9e8f5a5189a2,England,Pressure,Ollie Watkins,1,0,71.71390098777987,39.23501581027725,31.821486340042647,0.0
e69e1aeb-818a-48de-bc17-8906a40588c9,Spain,Pass,Rodrigo Hernández Cascante,2,1,56.76368071881405,21.31664676010872,20.70014257856357,0.0
e6d197da-ab0a-4751-ab59-3e20af02a90d,Spain,Pass,Daniel Olmo Carvajal,2,0,76.61098245614205,25.965541396015883,8.770288390128785,0.0
e6dbbc51-5213-4c12-be42-970408cb99e0,Spain,Ball Receipt*,Martín Zubimendi Ibáñez,0,1,77.01514090077694,52.77662799448896,21.73147733355695,2.3611386671652754
e6df2aac-8a83-47c2-94a8-094c90c3e03d,England,Shot,Declan Rice,2,0,95.8880649283172,19.516540952562067,18.9054395980635,0.0
e6e0cde6-17a6-4155-95ef-c3c0d17a9a41,Spain,Carry,Daniel Carvajal Ramos,0,0,70.8764291206951,33.7265405956375,26.704509444121324,0.0
e6e60701-0400-4e72-9044-be08bbfeb55d,Spain,Duel,Daniel Olmo Carvajal,2,0,58.73106462033742,20.164051362512804,19.38288531528633,0.0
e6f7b06e-c08e-44a2-b3eb-f364952b3090,Spain,Pass,Robin Aime Robert Le Normand,0,1,55.89114785123681,50.59517411607688,30.648399113434834,0.0
e7387fd7-f7c6-4dfb-82ab-5b167129229e,Spain,Pass,Robin Aime Robert Le Normand,0,0,42.03395248383222,68.35796938297842,33.84577662871447,0.0
e744dab2-c088-4c6b-8e25-297d3f72f900,Spain,Carry,Marc Cucurella Saseta,0,1,52.84760081872933,58.74167337874527,30.090915382898874,0.0
e7ad694f-95fb-474d-88d0-40d304e29ec2,Spain,Ball Recovery,Fabián Ruiz Peña,1,0,74.71191204730015,25.06451901884229,33.92751730633498,0.0
e7b8ffbd-2a64-48fa-81ed-6be83f251f8c,Spain,Carry,Daniel Olmo Carvajal,0,1,45.830423728481854,36.95170448142565,35.522289355858284,0.0
e7b963f1-f2a3-4698-acb0-584b6fdd5ec7,England,Pass,John Stones,0,0,15.630184895521325,54.76666940320503,41.34740015657947,0.0
e7d06bdd-2e28-4b66-83b7-711d5adc63c4,Spain,Ball Receipt*,Robin Aime Robert Le Normand,0,1,39.529980941991134,56.032408226149975,30.031325109436466,0.4110969981675655
e7dc3414-4f4b-45d5-a176-154f56854148,England,Pass,Declan Rice,1,1,33.176929873841345,39.767526776743786,29.67865915474515,0.0
e7e99111-1d04-4277-bb74-5aafe28ae654,Spain,Ball Receipt*,Lamine Yamal Nasraoui Ebana,1,3,44.17211586547614,28.103448585791433,24.367603191732627,0.0
e7fa9355-64d4-4d63-a10b-26a9580aec4a,Spain,Ball Receipt*,Daniel Olmo Carvajal,2,0,58.73106462033742,20.164051362512804,19.38288531528633,13.551738897452875
e839c2f8-935f-4a4a-b1cb-c0423b921bae,Spain,Carry,Robin Aime Robert Le Normand,0,0,53.56823784561974,60.63128546390227,32.17450953740416,0.0
e8481c82-ef6d-4f2b-872f-c9809bbbe0aa,England,Duel,Luke Shaw,2,0,14.890469129488283,24.68295144480491,21.155675251130056,0.0
e85f3fad-bfe5-42ac-b9af-cff4b20c5991,Spain,Ball Receipt*,Aymeric Laporte,0,0,36.53781675084789,60.67856111168285,43.318562665624114,2.790857289587402
e864af80-208a-4964-9d36-0cf7123686e8,Spain,Ball Receipt*,Fabián Ruiz Peña,1,0,79.74817661935337,40.37427901430319,12.873973805406953,2.461652299848934
e868f3a8-9eab-4af6-a137-6310920a70c5,Spain,Carry,Daniel Carvajal Ramos,1,3,20.893208215105687,27.182630539846844,21.61802573464757,0.0
e8763e73-11b6-40c7-9a27-4c37fcf5bf05,Spain,Pass,Fabián Ruiz Peña,0,0,36.36702711820284,62.9640311987533,31.339499675093414,0.0
e877ed13-49ee-4eeb-8140-87133223490f,England,Ball Recovery,Declan Rice,1,1,52.31491159918382,43.196133450485924,19.72564604955768,0.0
e8801f5f-87a1-40ae-8741-4d32757d3242,Spain,Carry,Fabián Ruiz Peña,3,3,16.913719989938674,11.488304082237315,6.663624474120018,0.0
e8877fea-3ad9-47f9-bc18-7d430bd1ac60,Spain,Pass,Aymeric Laporte,2,1,55.598621165585406,62.0790925449615,27.716836584382513,0.0
e888f0ee-c274-4038-99c5-b64e935a7839,England,Pass,Bukayo Saka,1,1,78.63292073560127,47.36902838968907,19.338126006642877,0.0
e89e68c4-5b38-4bff-a77f-4c1fe6eb2580,Spain,Block,Nicholas Williams Arthuer,1,1,59.86871475496755,58.93954736174838,20.408494651637152,0.0
e8de937a-17b6-48c3-94c3-3e4770a64472,Spain,Ball Receipt*,Nicholas Williams Arthuer,0,2,18.258269421848222,36.494190643603986,26.12609188271813,3.2675819797001355
e937480d-6a23-48ed-92f9-74aa242dc35d,Spain,Foul Won,Aymeric Laporte,3,1,90.90032033948184,21.25812753744147,15.46255317058571,0.0
e938f9d0-a67f-4c20-82af-5358e6275fbc,Spain,Carry,Robin Aime Robert Le Normand,0,0,34.744903258145364,46.06306511347642,35.7832976117712,0.0
e93c5e11-ac8b-4c0b-8660-88d4589c688b,Spain,Pass,Álvaro Borja Morata Martín,2,0,62.283177634107574,61.22505732309983,22.498061925097325,0.0
e979bf2c-98d2-42fc-ad5b-7747e904d370,Spain,Pass,Fabián Ruiz Peña,1,2,51.68626727586952,63.68632710962104,29.240485552850814,0.0
e9a5490b-971a-4f6d-b0df-274f76fa2351,Spain,Dispossessed,Fabián Ruiz Peña,2,0,66.81387378564845,35.98209049087408,27.8231273346183,0.0
e9bfeff1-eb37-4e96-887d-672ee75499a1,Spain,Pass,Rodrigo Hernández Cascante,1,2,58.14239255776313,59.97322108864053,27.80517533905639,0.0
e9f43880-4f08-4b77-ace7-6f0b1659ccd3,Spain,Clearance,Aymeric Laporte,1,2,8.072337311862954,26.585217685854712,18.200274337635985,0.0
e9f7e336-0993-4ea6-9fe2-45ae224ed528,England,Pass,Jordan Pickford,0,1,25.485609401106753,65.61239730821553,39.80102395807249,0.0
ea17a14c-8a05-4c26-8bc7-41301ad56809,Spain,Ball Receipt*,Rodrigo Hernández Cascante,0,0,76.74477752502217,61.1377242650156,21.58284872236665,3.18923951568313
ea22bf3c-c17e-4247-a422-621f6c5907f2,Spain,Duel,Álvaro Borja Morata Martín,1,0,46.68730810068415,52.08766318313525,38.49563466631479,0.0
ea25da5d-55dd-4a39-88a8-50ae1875044e,England,Carry,Phil Foden,1,3,18.00985214200029,24.879165519544692,22.4374434691409,0.0
ea2655f6-9221-4eb1-9a00-137d2b5d2a9d,England,Carry,Jude Bellingham,1,1,58.903554636288646,54.01597419274332,24.12106288025765,0.0
ea38b5cf-2269-474c-9993-c723d2f3354f,England,Carry,Kyle Walker,0,2,72.7581756527751,48.38983282987587,27.55478982609301,0.0
ea58af9b-09e6-4997-bf92-7d27246a8ce7,Spain,Carry,Rodrigo Hernández Cascante,1,2,59.17557302668444,44.73007033924935,16.692486402076167,0.0
ea7894f6-1740-4bfe-8a7e-c3ef3d91b9e0,Spain,Carry,Robin Aime Robert Le Normand,0,0,54.12947347098105,61.55432752296199,27.98155331305397,0.0
ea7c93fe-a084-4ceb-bd79-65fd4bca37a4,Spain,Ball Receipt*,Nicholas Williams Arthuer,1,0,71.84617117161757,54.41790502111806,24.70306945906634,2.570091345370533
ea8d9f19-6444-4af5-8568-17a6510cd090,Spain,Pass,Álvaro Borja Morata Martín,1,0,50.286558079866715,51.30678206932922,21.02143921596876,0.0
eab1d692-3fa4-4207-91d3-4f68ec0b019c,Spain,Ball Recovery,Robin Aime Robert Le Normand,2,0,13.836945431157014,29.985319747580878,26.790151852514413,0.0
eaba4417-b17e-4a1d-98fe-898bf9363d8b,Spain,Pass,Aymeric Laporte,1,0,69.94097576752472,47.02631719715957,21.581102256079262,0.0
eac2d30f-6b97-48d0-971e-4f1aaf350d98,Spain,Carry,Daniel Carvajal Ramos,0,0,70.92420533246843,50.98474448073447,25.870547564696796,0.0
eac8605d-7245-4a49-b1fb-810d0220676a,Spain,Carry,Aymeric Laporte,0,1,41.83267276938901,50.26549053900553,31.23563685423442,0.0
eacbaae0-8851-497f-8c87-c6bfd3fa89d4,Spain,Carry,Robin Aime Robert Le Normand,0,0,49.38970234677349,52.85686288313441,28.595785952155136,0.0
eae0f39f-6867-45a6-a9d8-12283aaa29f3,England,Dispossessed,Cole Palmer,1,0,43.35730236634431,36.6376183863844,22.435628744382853,0.0
eaeec3c9-4184-40b6-bf41-d4a8e0d839df,England,Ball Receipt*,Declan Rice,1,0,47.05159970091244,57.565433515149444,28.561718917098894,0.0
eb05faa5-30ce-4619-a483-1ff3816d9664,England,Carry,Declan Rice,1,0,42.20881867114189,38.8033295287142,33.04374133346632,0.0
eb1775a0-8342-4bec-966a-aa744c4c4de4,England,Ball Receipt*,John Stones,0,0,75.89319413772864,47.588204843061575,37.28120921754199,8.543530327786451
eb18f71a-6ce7-4326-96e1-5b899efafee9,England,Pressure,Kyle Walker,1,1,41.93420517694965,41.09652005334372,18.421576529836177,0.0
eb3cbb3d-231e-4eb3-b709-93cccdf9932d,England,Pass,Ollie Watkins,0,7,56.6498637009859,42.74770870311973,9.4195360491886,0.0
eb3cd180-555b-4af3-a87b-5f592163e5a1,Spain,Pressure,Daniel Carvajal Ramos,1,1,13.008710981539924,28.04646565614958,17.37678126281006,0.0
eb3fdd75-4c52-408c-98ea-d8414d688bf5,Spain,Pass,Rodrigo Hernández Cascante,1,0,32.15733410301917,60.979018200332376,35.2299198593574,0.0
eb4f54c2-b9c3-46d9-a790-f1a64cc08cd6,Spain,Duel,Álvaro Borja Morata Martín,1,2,8.944572204794298,14.16066087771492,18.171340349127338,0.0
eb80fbea-d67b-4f20-a703-eedbabc050fa,England,Pass,Jordan Pickford,0,0,26.26155340472639,63.961654384107284,40.88323468522266,0.0
eb8ec550-352e-4af4-9658-6d8afb53757b,Spain,Carry,Daniel Olmo Carvajal,3,0,88.45584119573921,28.747878969505972,5.12911084593037,0.0
ebbd6fcc-6027-4bd9-94ce-b44ab2dadb23,England,Ball Receipt*,Harry Kane,1,0,75.04793898397858,31.77498860359459,25.436345929150416,4.670238846297819
ebd13a02-d564-407a-b7a8-29de32095cf1,Spain,Pass,Unai Simón Mendibil,0,1,26.60998707408501,66.65684158101067,39.10352488437871,0.0
ebdeea6b-224b-4f7f-8b52-9b2e922f8b1f,Spain,Carry,Daniel Carvajal Ramos,0,0,24.991018644120132,50.025957111983985,32.76603021367036,0.0
ebe0d339-569e-4ffb-a0e7-07d9f5ed7d34,Spain,Pressure,Lamine Yamal Nasraoui Ebana,2,0,94.41431960295932,25.90627871493821,17.285015170682325,0.0
ebec9416-0865-4c08-9f3d-366f0b5f1b94,England,Pass,Jordan Pickford,1,1,16.5592429257055,52.41557642276919,31.896273477012752,0.0
ec0e9cdd-b4b3-411c-8d67-b11b2f5b284a,Spain,Pass,Unai Simón Mendibil,0,0,35.63808860396598,61.07910034848193,42.0738921134819,0.0
ec11a32b-59b6-41c5-840b-4779f1a3a217,England,Duel,Kobbie Mainoo,2,0,62.00335610349109,22.99862808524023,19.043529342924565,0.0
ec235007-b386-4582-8ccf-6ac21d0bf120,England,Ball Receipt*,Declan Rice,0,0,75.26109283478927,42.48654301180934,28.38034858451551,3.2002550797615754
ec2770b4-9a7e-40ee-948a-027054f2df54,Spain,Ball Receipt*,Álvaro Borja Morata Martín,1,3,16.163782957669056,26.43155659059874,28.947485617597025,0.0
ec31c8b3-e6ca-4c4b-816d-8f4938a3bf66,Spain,Pressure,Marc Cucurella Saseta,0,0,71.31572289037015,36.833058988020646,24.96173896202581,0.0
ec3de8d1-27c7-41c9-b1b3-eb8da717cedf,England,Carry,Kyle Walker,0,0,61.08871535727004,50.41461333074528,35.104468854045926,0.0
ec50f330-e838-4dd4-ad62-5c15024eef26,Spain,Interception,Marc Cucurella Saseta,0,1,20.350155414339042,32.44505004901347,19.66620134494663,0.0
ecbdd9e3-6668-4f7a-85cd-dd24c6f73819,Spain,Ball Receipt*,Robin Aime Robert Le Normand,0,0,47.66819666348106,60.86175501299264,31.88385085637087,1.5154344010659475
ecc042fa-e94c-4f96-bffa-e1e1d591cabc,Spain,Carry,Fabián Ruiz Peña,0,0,65.62524982969848,44.6204003856918,27.938146466313572,0.0
ecc4e58c-7090-4452-9994-67020a50871a,Spain,Carry,Aymeric Laporte,0,0,65.60900555597458,55.88381268116322,35.08583621018385,0.0
ed2e7309-6c33-4f13-b18b-fceefb2419f2,England,Pressure,Jude Bellingham,2,1,70.51448159833542,28.953115984031996,25.805888135900684,0.0
ed386c5d-9866-426b-9528-6660bc3f6380,Spain,Pass,Daniel Olmo Carvajal,1,2,67.42789508034869,59.6622046026672,21.109012773334662,0.0
ed4d161d-f039-48e7-b443-5aeaad516b45,Spain,Ball Receipt*,Robin Aime Robert Le Normand,0,0,26.664042666848644,59.00864924510337,38.68642954212427,0.0
ed5f9fe8-aa82-495d-a6ab-b31349309171,Spain,Pass,Nicholas Williams Arthuer,1,0,58.90021602165357,57.73564949897027,20.69184697239908,0.0
ed68e1be-c311-44ec-b705-508da045fced,Spain,Pass,Rodrigo Hernández Cascante,1,0,40.55504962405918,43.96809229205615,34.790649820596755,0.0
ed774b4c-32cd-42a8-9c4b-95e83b221a4c,England,Ball Receipt*,Ivan Toney,1,1,42.662415626021996,23.167040783950245,21.933776327045166,3.924186173921016
ed8f85a2-4894-4e2e-a985-14a9d990f506,Spain,Foul Committed,Rodrigo Hernández Cascante,1,1,51.073778933697255,42.058217258936715,30.608458942285356,0.0
ed94be09-f215-4432-8e93-cd27acc81bae,England,Pass,Luke Shaw,1,3,36.47691904575591,37.090566109740344,23.83100859194561,0.0
eda10dc3-49a9-4d91-9f65-b3ac89bc689c,England,Carry,Harry Kane,2,0,88.93515966376619,28.015982258477077,7.014769619963703,0.0
edd791d2-e649-4636-a012-c58bb2a77007,Spain,Carry,Lamine Yamal Nasraoui Ebana,1,1,65.25610298439149,38.66283344196045,19.910326367843798,0.0
eddca033-e53d-46e5-909b-774b19937875,Spain,Foul Committed,Nicholas Williams Arthuer,1,1,13.453966041687169,37.252015465105174,24.170504073073484,0.0
eded5c4b-f55a-4dbb-90a3-cb02ae6ef407,England,Ball Receipt*,John Stones,0,0,39.20813669853918,40.04471448391741,34.19092804517557,4.162786118680123
ee10f86c-1fc6-4224-adc2-30e6a1875523,Spain,Ball Receipt*,Nicholas Williams Arthuer,1,1,41.25108153441756,44.66368299670197,30.6837170859288,4.36446316658774
ee4a78dc-59f0-4bb9-bbb2-2a1e98bbb7b3,Spain,Carry,Daniel Carvajal Ramos,0,1,68.90212343638703,50.579029599128454,24.096377540648017,0.0
ee4f3285-6da8-4e56-9271-de96ea21567d,Spain,Pass,Nicholas Williams Arthuer,1,1,51.46470443398052,50.99941831824973,22.2663073588599,0.0
ee781b77-a31e-41ba-8b4c-a226b0571359,Spain,Ball Receipt*,Aymeric Laporte,0,0,64.79304178582973,54.12376483220485,27.99527577003435,8.010400474265692
ee7d153a-c429-45eb-a5b7-0c113d96fea9,England,Pass,Marc Guehi,1,0,37.7924411721408,39.45228066820161,23.910565226818797,0.0
ee9acce1-cadf-4939-a5a3-7a0548165136,Spain,Ball Receipt*,Lamine Yamal Nasraoui Ebana,0,0,57.40188707055076,61.245278624399,20.220357549018516,2.4462075175146705
eea9b24b-22a9-4dd3-b499-59eab8e5f424,Spain,Shield,Daniel Carvajal Ramos,1,1,5.983335724488549,25.276397635939723,16.61976929094728,0.0
eeb3d311-40ec-4d0d-a3e4-8bfd010edcf8,England,Ball Recovery,Declan Rice,1,0,42.20881867114189,38.8033295287142,33.04374133346632,0.0
eec19613-a960-42a1-b290-3d3af4b9b6d6,Spain,Pass,Aymeric Laporte,0,1,55.654990421449426,62.97343348528918,28.152534415541965,0.0
eed30c77-3f80-4258-8c1c-00ce255c8eeb,Spain,Carry,Aymeric Laporte,0,0,47.07219160011201,53.544807161917966,30.51398953118643,0.0
eee43179-470e-4e87-8c49-270f17e6204b,Spain,Ball Receipt*,Rodrigo Hernández Cascante,0,1,48.772518451757385,54.3595450883274,24.45239345169014,4.211258103980923
eee850f3-c5b9-49ce-abd9-cc677ebbb6a0,England,Block,Phil Foden,1,0,4.788190752526016,27.366793811112263,12.423940666632207,0.0
eef94ce5-1ca1-48dc-b6bd-96c3279c55c0,Spain,Pressure,Daniel Olmo Carvajal,0,0,71.27473359609294,36.81647353632122,31.17168330657919,0.0
ef033418-3203-4d18-bb5e-f857ac6ac5eb,England,Carry,Jordan Pickford,0,0,51.14870227150016,49.773947302125244,47.526950733624616,0.0
ef0f028c-591f-46a2-8c30-e3c32b49ced6,Spain,Ball Receipt*,Aymeric Laporte,0,1,58.75805267277947,47.22714742605803,28.198594195978885,0.0
ef36d4ee-896c-4ffb-a130-999676e66434,England,Ball Receipt*,Marc Guehi,0,1,70.34354157647248,53.6868829610408,22.983806818157575,6.4586663255815315
ef427721-9f5f-48cd-844c-0bd01923e4aa,Spain,Ball Receipt*,Daniel Carvajal Ramos,1,1,62.221314970243405,43.252008783555674,25.230699925589114,2.6986475417493394
ef5ed364-3cf8-4af4-b05f-bc7d52490541,Spain,Ball Receipt*,Fabián Ruiz Peña,0,1,60.64413428017087,45.365552702298864,20.252361099148043,3.849384155178356
ef873010-c9e8-42a8-bab7-b028d1c3ff89,England,Pressure,Jude Bellingham,1,1,12.998189138856212,26.0320292824204,29.440410834146796,0.0
efbb123a-b6cc-466b-ad98-f58328f444f8,Spain,Ball Receipt*,Aymeric Laporte,0,1,41.83267276938901,50.26549053900553,31.23563685423442,0.0
efd4f10b-b14d-4242-9a89-db5010e7c71d,England,Pass,Marc Guehi,0,0,23.360628102871882,60.74943914786589,39.717169208534685,0.0
f019b976-59a3-4974-b14e-6f5cabaf004e,Spain,Ball Receipt*,Daniel Olmo Carvajal,1,2,67.42789508034869,59.6622046026672,21.109012773334662,0.0
f026e51b-9679-4b47-9aa5-7f63f344eb4a,Spain,Carry,Robin Aime Robert Le Normand,0,0,38.32531995500207,54.95747320980114,27.664082299846836,0.0
f04cfa0b-86bf-4455-aeb5-c9433df1060f,England,Pressure,Marc Guehi,1,0,14.141547398790935,23.57363328657616,21.480383398490822,0.0
f0599aef-1f56-49a3-a6a6-3bda3d09d6da,Spain,Ball Receipt*,Unai Simón Mendibil,0,0,9.6213195614609,59.05383168326271,52.61070070581793,0.0
f06a66c5-ac21-4f2f-ad39-b144ab8e1418,Spain,Pass,Fabián Ruiz Peña,1,0,33.52249779352166,60.50748595483115,28.1611251059861,0.0
f0a9ab6b-740d-4970-92c9-e8ac11e489a7,Spain,Carry,Daniel Olmo Carvajal,1,0,54.36187812025549,33.825444877172096,6.940895447538277,0.0
f0ab8d54-8b2d-4125-a8ce-ed0d8bd786b2,Spain,Ball Receipt*,Álvaro Borja Morata Martín,1,1,55.762947384857675,56.320802651720555,21.608898055074743,0.0
f0c754d2-f37d-493d-8259-54b0145a0e17,Spain,Ball Receipt*,Nicholas Williams Arthuer,1,0,44.30784124459054,43.22277779611147,22.312380870849623,3.21811624198854
f0d9b81d-316f-48dc-a054-5164f9629010,Spain,Pressure,Daniel Olmo Carvajal,1,1,69.36632172123035,38.947405902683656,22.449767411393083,0.0
f0eb10c0-029c-4f3c-a6b2-d850d9cd912d,England,Ball Receipt*,Phil Foden,1,0,13.413663662982632,46.62523783824748,23.539156441085833,0.0
f0efbd42-c324-4f14-920b-a9dfb29211ab,England,Pass,Bukayo Saka,1,0,88.19921370131317,30.94863288383316,14.459595092935574,0.0
f10524ef-ad5a-4815-bb2a-5f65f4cf19c9,England,Dribble,Jude Bellingham,2,0,8.132809064375122,34.000399537235204,15.342407952481203,0.0
f16d9d44-8644-44d5-af38-cceab98cc406,Spain,Carry,Robin Aime Robert Le Normand,0,0,70.11738452188095,50.955719057120575,23.129283513434842,0.0
f17f1599-114a-4849-8b35-1b276b2ba13c,Spain,Carry,Daniel Olmo Carvajal,0,1,59.85428084433745,57.43437766010834,21.500902428068763,0.0
f1d26186-cb24-438d-8e2b-369583909446,Spain,Ball Receipt*,Daniel Carvajal Ramos,0,1,51.67381679594567,62.82233820525193,32.538586683441075,0.0
f1fb3eb1-d9af-4840-9f37-831797d54cca,England,Carry,John Stones,0,1,50.12317105295777,45.56814737421665,26.761864116665837,0.0
f1fcc4c0-91c0-4460-b521-acbd81fdd7f5,Spain,Pass,Daniel Olmo Carvajal,1,0,59.52917067927105,60.60630067063704,16.657098556031684,0.0
f20ca7dd-4275-454b-afd1-acba3f6937a8,Spain,Ball Receipt*,Robin Aime Robert Le Normand,0,0,38.71378742138083,66.0468043430515,34.074515408336424,0.41395081140579837
f2258512-77b9-4e2c-907d-eded9fc1370d,Spain,Pressure,Daniel Olmo Carvajal,0,0,57.527905939349075,34.3003941432511,17.596329876769367,0.0
f2334985-ebf5-4412-9d34-eae3c806cd6f,Spain,Carry,Marc Cucurella Saseta,1,0,73.03302282543906,59.8931867048638,17.796694294972006,0.0
f234182d-8a62-499a-93da-17f3533b838f,England,Pass,Luke Shaw,3,1,44.101090398044576,33.39416754320115,26.295054189388193,0.0
f2874961-1d94-4149-ae15-0a8a5ee30f15,Spain,Carry,Unai Simón Mendibil,0,0,10.699960055993863,37.49638550910569,38.7748715306156,0.0
f2919558-1331-48da-ab9c-a08c882d48ea,Spain,Pass,Aymeric Laporte,0,1,48.9127813355514,66.72953722246821,31.498288868678557,0.0
f2a8fffb-124a-4d7d-bdb2-4403cb240662,Spain,Pass,Aymeric Laporte,0,0,74.78081083229733,57.32420619145797,20.1812546068511,0.0
f2ac4306-0639-4cb1-bd85-b3e46608b3d7,England,Carry,Jordan Pickford,0,0,13.153901878853969,33.29868712431949,26.67342934765375,0.0
f2b0cfb9-8486-4a0f-ba49-2f3289f44a87,Spain,Carry,Aymeric Laporte,0,0,71.1985024844795,50.6919671693557,30.237705477990225,0.0
f2de90c2-02d6-4f8f-89a2-ba3e0bf94fd1,England,Carry,Jude Bellingham,2,1,26.43547029067408,36.70075258663472,27.287521521116734,0.0
f32567ad-3b81-430b-b46b-19a1cc7bdf13,Spain,Carry,Aymeric Laporte,0,0,45.50917926739812,56.899268443493355,29.992780485240036,0.0
f372f8ca-272b-4421-9d85-8b58f52c813f,Spain,Pass,Nicholas Williams Arthuer,1,1,49.78715866323877,50.32432130959929,25.93953277719072,0.0
f3744c73-4a67-4a30-ae02-28451359481a,Spain,Carry,Aymeric Laporte,0,1,32.62406978177061,66.18679073774597,34.21936201224414,0.0
f3a17631-9525-4bce-8e0d-b283a6044ef5,Spain,Ball Receipt*,Lamine Yamal Nasraoui Ebana,0,1,70.65015352825131,51.34370739453539,24.864985977230212,4.679737201968686
f3b40cf5-6dad-4583-a4a8-173ecc9ad6a1,Spain,Ball Receipt*,Marc Cucurella Saseta,0,1,82.97917008124847,24.658442689666483,14.947112656818126,2.92773568779035
f3c8f3ba-5c6b-4a38-b42a-df414aa5f5e0,England,Carry,Jordan Pickford,0,1,22.541503652438138,41.867284819769424,35.673264599493365,0.0
f3ce0128-8faf-44fc-b7cd-4ea6bdfa67fb,Spain,Ball Receipt*,Fabián Ruiz Peña,0,1,56.323656725834496,60.53084166934732,29.214969092127735,4.31533713833083
f3d35ff1-21b5-41a0-8b8f-bf4c6bba5942,England,Clearance,Kobbie Mainoo,1,3,6.622201987220656,35.318892081990754,18.79786780610059,0.0
f3e15549-70d7-4961-9ad4-59eb1f0eed5c,Spain,Ball Receipt*,Daniel Carvajal Ramos,0,1,51.47287880296848,63.29246128647382,35.46524368030639,2.540780500938229
f40b1957-5b34-4c7d-aa54-e87064dad50c,England,Pressure,Phil Foden,1,1,50.84859463435443,46.19165430489485,35.00965228757027,0.0
f4149d99-3e7d-4ec7-8f12-f418456c36ac,Spain,Pass,Daniel Carvajal Ramos,0,0,34.710976909726384,41.30680347144989,16.72069609632476,0.0
f41c86a8-3cf9-4aad-90f0-c345197c5b1c,Spain,Carry,Daniel Olmo Carvajal,0,0,61.7808841977535,50.854048827093926,19.980245136009213,0.0
f435a892-63a5-4b90-bd7e-e439c851e689,Spain,Carry,Lamine Yamal Nasraoui Ebana,0,2,59.540362789643844,41.72188679506162,28.03421610034771,0.0
f43a51ca-9b72-4882-806f-49feb5e87036,Spain,Ball Receipt*,Daniel Olmo Carvajal,1,0,26.18388618307373,49.56111286793913,29.367470697731406,0.0
f4457eda-313a-4fa9-8f84-51b65b435f34,Spain,Carry,Fabián Ruiz Peña,0,1,66.26604859869956,30.69715342098104,29.938357205629206,0.0
f46cf1c2-708e-4df8-852c-b53317f177af,Spain,Pass,Nicholas Williams Arthuer,3,1,88.39407424404783,23.5119033949643,13.910387455917114,0.0
f472c547-f8df-4536-943f-85eeb9217c65,Spain,Pass,Daniel Carvajal Ramos,0,1,49.552636710072974,63.29246128647382,35.46524368030639,0.0
f4ae1957-5ec3-4034-a24d-90c98c7e8d69,England,Ball Receipt*,Phil Foden,1,0,18.651147211207622,30.44693125728198,33.56261759953995,0.0
f4b96846-db4b-48bc-bd86-3469b1d0ecc2,Spain,Pass,Marc Cucurella Saseta,0,0,69.6278041417369,50.981247956719066,17.98060725334181,0.0
f4d4feeb-2323-4fc7-a8c7-f0f45d87eca5,England,Carry,Jude Bellingham,2,0,24.20339250295096,60.54356869560529,32.5857812157537,0.0
f4dd94ca-2449-47fc-b519-54824874f327,Spain,Carry,Rodrigo Hernández Cascante,0,1,39.811726888761115,31.171377444663584,26.766434733742322,0.0
f4f2423b-2d81-4122-bce8-617e80a7f386,Spain,Carry,Robin Aime Robert Le Normand,0,2,9.966947049528246,56.56367424849492,29.98705680669394,0.0
f5052c48-7275-432c-b417-1818e0f99304,Spain,Carry,Unai Simón Mendibil,0,1,24.005982713771683,67.56848711868606,47.80645440822269,0.0
f580e427-b2c8-4c0b-bb3a-3837509028db,Spain,Ball Receipt*,Robin Aime Robert Le Normand,0,0,19.38525342799452,61.270446314740205,29.4285540710085,0.24047024597215536
f582d0f3-ba5b-41ba-b9b2-ef8462f0d650,England,Pass,Jordan Pickford,0,1,54.70065094948021,48.23241522168995,66.5758178148513,0.0
f594b3c8-688c-4c3a-a47c-358366010cf8,Spain,Carry,Aymeric Laporte,0,0,71.2329026934207,59.06674395230125,26.318985579420527,0.0
f5e4c3b1-3fe4-41a7-8ced-ffe149b0c930,Spain,Ball Receipt*,Daniel Carvajal Ramos,0,0,46.25182372490653,62.09285164234151,23.368675513781376,4.377505774107161
f5e4d7a4-e6a7-4ddb-9243-c3c9234ba8a5,Spain,Carry,Marc Cucurella Saseta,1,1,47.62619083363674,57.28467630727475,28.192130791387413,0.0
f5fda086-8662-465c-ad98-f1177212ed59,Spain,Ball Receipt*,Fabián Ruiz Peña,0,1,75.76047551917073,35.50358118402248,21.095839821525725,6.703771138104354
f608f162-07cb-40f3-9e64-923e4d687de6,England,Ball Receipt*,Declan Rice,0,0,33.84753774020074,57.56517404730833,24.87608829548532,2.48589776266297
f60d4bc0-17a9-44e9-b98e-c8283f142010,Spain,Pass,Marc Cucurella Saseta,1,0,66.05246418780051,56.94735655353336,26.30528610179975,0.0
f6119e00-c47a-43b2-924b-0d2ac244739d,England,Miscontrol,Kobbie Mainoo,1,0,30.086709594671397,40.427103431759605,29.757247940443946,0.0
f650f4b4-7313-4100-a87f-06a422a31bfd,Spain,Ball Receipt*,Aymeric Laporte,0,0,47.93623711608457,65.20056988878677,29.217018993619952,7.578851523750702
f65ae558-df31-495f-a565-af5158a0c966,England,Carry,Jordan Pickford,0,0,15.721639185490098,46.35094667070584,43.25526474366312,0.0
f66195d4-6ced-477d-8ba2-ef049565f659,England,Pass,Jordan Pickford,0,1,15.391625936520018,43.414044269397564,37.391886795704245,0.0
f6824db0-1eba-4685-91a6-33e4b4180b41,Spain,Pass,Rodrigo Hernández Cascante,1,0,51.0429522645182,56.533755753574525,39.10408111582484,0.0
f68a1e84-ff8a-4098-8284-552310d0b450,Spain,Pass,Robin Aime Robert Le Normand,0,1,12.871521193631223,66.99339719013122,37.62533712789692,0.0
f68a6f10-cf8e-4730-ba83-78919e838aa7,Spain,Ball Receipt*,Fabián Ruiz Peña,1,4,14.843580606824272,33.70403570106411,26.21499206494355,3.102542413963378
f6b35650-c7ea-4e59-bea1-c86781f2dcb6,England,Carry,Harry Kane,1,0,63.171220603238176,57.07431553199693,24.30653903145839,0.0
f6bf9c27-02ae-482b-87bd-223d6e77a5ab,Spain,Pass,Nicholas Williams Arthuer,3,0,74.96609613121154,54.68953690822101,17.76187324630149,0.0
f6d027de-35bd-464b-8ce9-31681ed6bf56,Spain,Ball Receipt*,Lamine Yamal Nasraoui Ebana,0,1,62.52114729364065,50.71250773093585,23.51041186303879,4.300546939174901
f6d82109-f6e0-49a4-bd04-7427d7e007ed,England,Ball Receipt*,Marc Guehi,0,0,38.729518270702364,63.53852172677504,38.53046292577297,0.7814016747224695
f6fc6c66-efb0-4dab-ac43-7fac3724b13e,Spain,Ball Receipt*,Robin Aime Robert Le Normand,0,0,34.0273852894344,48.79332219462794,33.233439996654795,2.608835667619827
f71ffa8d-2149-48ce-8539-be9c3aa4c80a,England,Ball Receipt*,Phil Foden,2,0,0.9949152500952839,16.636165425467702,11.42868223548508,0.0
f7274d83-0274-4be7-9056-e583630d0ffa,Spain,Pressure,Nicholas Williams Arthuer,1,4,22.296567630855943,31.926836719933302,20.819833418124702,0.0
f7340299-ef18-4eba-aec4-b17a5f0c33c9,England,Carry,Jude Bellingham,1,1,34.46243965718444,42.20437871347933,22.78924827682823,0.0
f73dbbcf-fcb1-4a46-8cc2-d3896914b3e3,England,Pass,Phil Foden,1,1,20.091493674271394,38.840960961375735,22.296237872018345,0.0
f74f5b05-b47a-4dcd-a4d1-cc52a3eb4600,Spain,Ball Receipt*,Fabián Ruiz Peña,1,2,24.060473889779022,16.707843810679023,18.859076508216614,4.934545350675299
f754e52f-555d-4f81-887f-624505e6ad01,Spain,Pass,Lamine Yamal Nasraoui Ebana,1,0,94.11725453494381,33.72446696298328,20.22175052064707,0.0
f75f75ab-2f6c-4fe7-92df-a35b043c5bbc,Spain,Pass,Aymeric Laporte,0,0,46.10384290402715,63.88481780504011,29.39362779300156,0.0
f7954a9c-fad7-4316-a1ce-22f531b7a9db,Spain,Carry,Daniel Olmo Carvajal,1,0,87.68116884408164,23.47934582540658,10.634531414087874,0.0
f7b659e6-12ac-4238-8f3a-b487a487d1ba,Spain,Ball Receipt*,Álvaro Borja Morata Martín,1,0,55.92700278591909,63.62154661181634,22.20578980663513,3.916697013523465
f7e5742a-aff6-4f63-a90d-1977a060447e,England,Ball Receipt*,Bukayo Saka,0,0,73.35245734308748,51.80299382188614,23.59846253583432,2.24376422633415
f7e5ef68-ff02-4657-8ce7-576d0c3739d7,England,Ball Receipt*,Bukayo Saka,0,0,63.207255330688156,34.72322218680834,15.930126016089691,4.092084568092243
f805db8f-eb7b-4de6-a8e1-92bca5090019,Spain,Ball Receipt*,Robin Aime Robert Le Normand,0,1,51.91724528973267,60.64739804799209,29.515842109418546,4.454634865518861
f841c2fa-a941-4601-842e-158775027646,Spain,Ball Receipt*,Fabián Ruiz Peña,0,1,31.466439495198525,65.38910849279719,37.169157639707194,2.4797632263303653
f847ba6f-5feb-4c88-8050-0b60bb7d9aaa,Spain,Ball Recovery,Marc Cucurella Saseta,0,0,35.86549359011971,39.50151305388025,28.159180732202795,0.0
f8525c67-541b-4454-8763-ced0b10a1517,England,Ball Receipt*,Harry Kane,1,2,53.4074050968638,48.613528755129565,26.09555042721711,0.0
f86f6388-f4bd-4b9e-8d70-72b9d83bfd26,England,Carry,John Stones,0,1,28.438490629707776,48.20003493887589,34.70348775342593,0.0
f895993b-8bf2-427f-8a0c-cada705827c4,England,Ball Receipt*,Ollie Watkins,0,1,20.350155414339042,32.44505004901347,19.66620134494663,0.0
f89f504e-51a9-4a32-93d8-cbd5ae848663,England,Ball Recovery,Harry Kane,1,3,11.195070275276603,19.354187948852736,18.632211596576067,0.0
f8a66c52-a135-481c-8d4e-bd780e3377b2,Spain,Pass,Daniel Olmo Carvajal,1,0,80.26906686610891,31.89623597431096,9.824695831585796,0.0
f8ab301d-db18-4bf5-957d-92716ba79594,Spain,Ball Receipt*,Nicholas Williams Arthuer,0,0,77.8986718713892,42.159415765813314,4.880926407615617,0.0
f8c0f3a8-c4ed-4bd5-92af-9bd0b4252e93,Spain,Ball Receipt*,Rodrigo Hernández Cascante,0,0,45.284406854645624,64.23963702150436,31.09923700547165,1.1499367328808314
f91c0de7-cbad-4b15-8eed-91cb97fd8801,England,Pass,Cole Palmer,0,0,31.311809737900173,52.87451784593308,17.00939432899475,0.0
f934a75c-74b9-417f-80cf-5894e6229d08,Spain,Ball Receipt*,Daniel Carvajal Ramos,0,0,85.63628208204786,43.20454259660179,10.664782574519533,4.087437912777076
f93a56dc-cd5f-4376-8477-72b8f0a6b9a1,England,Pass,Jude Bellingham,3,0,84.38069166255238,38.56048884670041,4.871846369783195,0.0
f93e93b6-6b14-4098-aac1-4126a4e5df7f,Spain,Ball Recovery,Unai Simón Mendibil,0,1,21.05992124608779,35.10658072502031,25.682092168653778,0.0
f958714c-e398-448c-a86a-efccae5ccf73,England,Duel,Jude Bellingham,1,1,37.0057815005542,40.56607311021876,19.510631652555396,0.0
f970db56-7e95-4d4a-92dd-eb056fd7eea9,England,Pass,Luke Shaw,0,0,59.9068155411438,50.42832237927157,19.958580587276572,0.0
f98be170-7cf8-4cd3-859f-cc4f789aa3cc,England,Pressure,Declan Rice,1,4,31.48714816669461,41.99232943851657,23.27156490180456,0.0
f991f620-754c-4443-8df8-9452a7fa00b5,Spain,Pressure,Rodrigo Hernández Cascante,1,2,13.060984183217547,19.05936664261077,24.328822879644292,0.0
f99c0c5c-61a0-453d-a117-bbd39aa20a08,England,Ball Receipt*,Luke Shaw,0,1,85.98822056132109,40.1829876339122,9.114231835625176,2.4098213431075193
f9ec4b2d-4b7b-41fa-82b8-e2325f56f0e0,Spain,Ball Receipt*,Lamine Yamal Nasraoui Ebana,1,2,37.76849429826625,52.487624826194946,23.105660277226775,4.106689963365429
f9ed53e2-8cd1-44ad-a01f-7fc1a7a27459,Spain,Ball Receipt*,Nicholas Williams Arthuer,0,2,28.586357908789868,30.449451771707935,18.679501324168054,4.078814734689074
f9f0a09b-1d1c-4002-bce0-e9108eb74328,England,Pressure,Declan Rice,1,1,46.38549981347034,32.069184267054126,18.313806072700373,0.0
fa093401-0bad-45d6-8563-e0bad50c4d23,Spain,Pass,Daniel Carvajal Ramos,1,1,86.08126457515607,45.20625084036769,13.245566153755375,0.0
fa20ab5e-c92a-4777-b4f4-27858b583332,Spain,Carry,Marc Cucurella Saseta,0,1,32.830331369032116,59.97060791591887,37.37222008564226,0.0
fa657bfc-7966-47d0-8d7c-49f526d672b0,England,Pressure,John Stones,1,2,65.01085219183736,28.9841384615536,20.612720054830294,0.0
fa7c8485-5583-4029-958e-47167cfc64d4,Spain,Dribble,Nicholas Williams Arthuer,1,0,42.17739177105171,53.74440984592801,24.8924383959878,0.0
fa80da09-1418-4c5a-bae8-988ac4321567,Spain,Ball Receipt*,Daniel Carvajal Ramos,0,0,73.8748177492855,55.411677701670456,23.620483579906363,0.0
fac13c4f-90ce-4981-8126-6d319a83ff0d,Spain,Carry,Marc Cucurella Saseta,1,1,81.3989662354653,37.00804651591507,15.07002691268634,0.0
facb3fe6-ce63-4793-9f1b-19bbdc8b69eb,Spain,Carry,Martín Zubimendi Ibáñez,1,1,65.0567554076265,55.67120739996997,30.072628429854937,0.0
fae209c1-34f2-4d37-bfbd-779c604844c7,Spain,Carry,Daniel Olmo Carvajal,1,0,29.403148576420946,46.5005679142515,33.38017581176125,0.0
faff2923-a806-44bf-869e-43cfc4f0fcd6,England,Pass,Luke Shaw,1,0,86.22208150377467,41.36404224059127,21.358001340883018,0.0
fb0bbeee-4bc0-433e-a0e3-ffa180876d48,Spain,Pass,Robin Aime Robert Le Normand,0,1,66.59074648541394,52.67002171115642,22.005491831055515,0.0
fb35de98-a4c8-42f2-84d9-6a24ebe408c6,Spain,Carry,Nicholas Williams Arthuer,1,1,32.944331299667724,36.407867596139205,17.100921837019087,0.0
fb3889a8-d5b7-494d-8847-8b693ca89458,Spain,Pass,Nicholas Williams Arthuer,2,1,81.24692720566524,38.50010427297136,11.128610437304227,0.0
fb493cd7-4635-48ba-8966-e3979445854b,England,Pressure,John Stones,1,1,51.20917601217147,39.08935292120048,21.036735189236477,0.0
fb6866e1-5627-4405-ab5f-3b1500a28ec7,England,Ball Receipt*,Marc Guehi,0,0,68.62477762493766,50.282057801435386,26.744801723762134,1.6187152882614666
fb8b23ba-9cab-4b5e-8c12-24c5a55979b7,Spain,Carry,Rodrigo Hernández Cascante,0,1,65.1745034351369,41.53355570634857,29.488598490875813,0.0
fb9a5529-60a7-4136-ac13-e1ac0eb160f4,Spain,Carry,Nicholas Williams Arthuer,1,1,41.25108153441756,44.66368299670197,30.6837170859288,0.0
fc0f9c08-888e-4afd-8307-5cacfdd0a444,Spain,Pressure,Fabián Ruiz Peña,2,3,21.004912734451345,37.138342184055276,25.214464613666017,0.0
fc234c40-7a5a-4d86-9aeb-c2d45b4023f5,England,Pressure,John Stones,1,0,35.10984907012244,47.25218390501492,33.957890635193834,0.0
fc4ac689-a40b-4738-99bb-115f0e72ab39,Spain,Pressure,Fabián Ruiz Peña,1,0,7.726186334984135,27.101855217503424,23.855526982408715,0.0
fc5712fe-1888-407c-a1ff-1306b138c45e,England,Carry,Kobbie Mainoo,1,1,19.503138713414568,39.67619714987698,29.520270295903615,0.0
fc59326b-1be2-4dbe-a856-bb115db01bab,Spain,Ball Receipt*,Rodrigo Hernández Cascante,3,0,93.91477727315319,34.770930017347744,17.527582712313613,0.0
fc71dad1-4135-4995-a182-0a89325b25b8,Spain,Pass,Álvaro Borja Morata Martín,2,0,41.250324835404804,60.40540260480951,26.624517011683764,0.0
fc94ba66-67f6-46f0-b356-421b68ea0e26,Spain,Carry,Aymeric Laporte,0,0,50.062738505516236,61.811950687382605,36.49291595962378,0.0
fd01a10b-64dc-47f6-8ab4-2a6bf3e638fd,England,Pressure,Kobbie Mainoo,3,1,41.07037450035895,46.03754976981566,27.484266728203586,0.0
fd199c22-714d-4d16-b02f-7121c0bfabf6,England,Pressure,Bukayo Saka,1,0,69.84218589181376,54.55636532704443,23.230857531327853,0.0
fd2c3c5c-887f-4cb5-979e-3f7d869f9eeb,England,Carry,Bukayo Saka,0,0,22.94172854209493,31.46635606131501,22.187082375627966,0.0
fd2d7e5c-297d-41dd-8ec7-f375ded10d30,Spain,Pressure,Daniel Carvajal Ramos,1,2,21.029089014029996,47.41772056153898,19.62367743610263,0.0
fd41d114-9a18-439f-9811-abe82439ba1e,England,Pass,Kyle Walker,0,0,73.03099163628434,49.44934666023606,26.47633440571743,0.0
fd57429b-6b2e-4408-9ee2-f58586f552c5,England,Carry,Kyle Walker,0,0,45.08611009716655,63.10266386727371,23.679273326759883,0.0
fda0177b-2be1-45e7-8b55-7a3a1aca70c5,England,Ball Receipt*,Declan Rice,2,0,21.016208653572534,51.0658746620805,26.6248404869439,0.0
fdbd0fbc-9a7b-47a0-90f0-c0a7b76ced07,England,Pass,Marc Guehi,2,1,89.92681298746025,41.72404934637414,10.037257153520343,0.0
fdc05240-17b4-4380-9823-0c5ff52e1fd9,Spain,Pass,Daniel Carvajal Ramos,1,0,64.36960227022259,57.566023006913596,20.938591664127472,0.0
fdc63eb0-431e-41c1-91f0-f0dcce90e7c7,Spain,Carry,Aymeric Laporte,0,0,52.49666134695568,61.46754809890456,28.657695059924098,0.0
fde1e2de-2b7f-4670-a486-ea5dc79e5d08,Spain,Carry,Robin Aime Robert Le Normand,0,0,82.58578722043718,45.78793678903051,24.95468830310374,0.0
fdee3d47-f35f-47d4-baf3-7cc597a0e0a3,England,Pass,Kyle Walker,1,1,63.67516155390432,61.12030475044176,18.112023598922306,0.0
fe0f4758-067e-49e1-8f54-174584afe0af,Spain,Pass,Fabián Ruiz Peña,1,0,80.27884133868743,38.772179475248194,11.38435350562501,0.0
fe1a3726-9574-45b8-a4e7-90d6c48b5db9,Spain,Ball Receipt*,Unai Simón Mendibil,0,0,12.873366492978217,54.391899462603405,46.09132293516419,2.081469967856936
fe3b5c33-f05b-4d35-ba72-931c3482c1b3,Spain,Pass,Daniel Carvajal Ramos,1,1,27.354625723294742,52.507126920301005,25.689067814428164,0.0
fe4ee78d-4e23-46f6-9fcc-4d144683b20a,England,Foul Committed,Bukayo Saka,1,0,19.15467098639756,38.9027218945763,30.97591194175743,0.0
fe4f5b11-6a15-407f-b23b-78d0b37b8368,Spain,Dispossessed,Daniel Carvajal Ramos,2,0,29.13602097949222,45.46802670809711,31.431677310274356,0.0
fe856c31-9f3e-4ff5-83c6-bc1cbba08e58,Spain,Pass,Aymeric Laporte,1,1,44.165344949094575,28.925881985033893,14.738887344452799,0.0
fe865e7e-1fe5-4422-88b3-d67c25605d0b,Spain,Carry,Nicholas Williams Arthuer,1,0,77.92896190661442,35.212061102302066,16.29545574141622,0.0
fe9d66f1-3e2e-4293-a6c5-1e65148f4ca8,England,Carry,Kyle Walker,0,0,70.9748587766642,45.47933066872947,23.65576254027227,0.0
fea2b579-b9c8-41fe-96ef-da86f4eb2034,England,Pressure,Kyle Walker,1,2,43.59630197757322,40.24202469343908,28.419603753509556,0.0
fea998ad-0409-400f-958d-d0da48e8ab38,Spain,Ball Receipt*,Aymeric Laporte,0,0,43.537960507107634,56.11008732893574,27.095994426479617,5.00055781033062
fedcde25-2286-4786-a07a-2fe2cb4fa3e8,England,Clearance,John Stones,0,1,4.601336052095707,13.867332994893484,6.487693150236488,0.0
fef145d0-64fe-4470-a76f-9e19c6698b03,Spain,Carry,Robin Aime Robert Le Normand,0,2,69.18915946364046,55.0881118776162,23.2643053456989,0.0
ff07b96a-df4e-4eb6-9fb6-e9a0d8a9a01e,Spain,Carry,Nicholas Williams Arthuer,1,0,61.718104147614255,58.72923710113835,23.298677448609347,0.0
ff20bf3d-3f56-49fb-ab28-5412f9fdee48,Spain,Ball Receipt*,Unai Simón Mendibil,0,0,25.829727335118232,62.322260711856565,43.50449718337481,10.877545568779341
ff26d408-78b3-4c49-a712-0e76c765260d,England,Ball Receipt*,John Stones,1,0,31.404620843908727,62.7865156327686,34.34392225842982,3.0253703757851436
ff2d5fb5-dd66-4ba7-b5e5-5773e5bab79e,England,Carry,Marc Guehi,0,1,16.925558198717265,62.608654705329236,43.87225881574294,0.0
ff353efc-287d-4e25-a18f-e188c6808feb,Spain,Pass,Lamine Yamal Nasraoui Ebana,2,0,67.4446235620444,52.27031727967551,20.899770473565216,0.0
ff51da34-d86f-4ba7-997e-a36e09bff836,England,Carry,Declan Rice,2,1,20.667885665459565,57.956359019495835,34.31798138086234,0.0
ffa425d5-7985-4f71-aea0-98c2fb594227,England,Ball Receipt*,Declan Rice,3,1,97.8355199706836,18.10658558717649,16.228685401907846,0.0
ffb2a405-db34-4ce6-9e3b-8a867a9fd1ea,Spain,Pressure,Rodrigo Hernández Cascante,2,1,35.17405257003753,31.998982044499524,28.235583798049177,0.0
ffc4308b-924a-4f88-8f8a-ae8bafb5fd55,Spain,Ball Receipt*,Aymeric Laporte,0,0,35.704417633746154,61.94166627785964,35.04252511524016,1.2585016721243165
ffdd9d2a-b299-4793-b8c5-03052761a376,Spain,Pass,Aymeric Laporte,0,0,34.34963187527917,58.25010533043728,35.80559934817484,0.0
fff260b9-f345-4dcd-86b4-fdfe99452543,Spain,Error,Daniel Carvajal Ramos,1,1,33.866475038396224,22.945638182778392,23.18275633491985,0.0
